Time,Engine Coolant Temperature [C],Intake Manifold Pressure [kPa],Engine RPM [RPM],Vehicle Speed [km/h],Intake Air Temperature [C],MAF [g/s],Throttle Position [%],Ambient Air Temperature [C]
0.0,86.0,,754.0,0.0,43.0,2.61,13.0,30.0
8.028,86.0,,763.0,16.0,43.0,2.63,13.0,30.0
16.060000000000002,86.0,,1263.0,38.0,44.0,15.58,27.0,30.0
24.097999872000003,86.0,,1645.0,44.0,44.0,16.61,24.0,30.0
32.139000064,87.0,,1829.0,41.0,44.0,4.63,14.0,30.0
40.179000064,86.0,,1450.0,39.0,44.0,12.3,20.0,30.0
48.213999872,86.0,,1575.0,51.0,43.0,17.02,23.0,30.0
56.24,86.0,,1915.0,46.0,43.0,13.36,20.0,30.0
64.269999872,84.0,,875.0,6.0,44.0,2.61,13.0,30.0
72.28999987200001,85.0,,733.0,0.0,45.0,2.63,13.0,30.0
80.324,85.0,,754.0,0.0,45.0,2.69,13.0,30.0
88.34999987200001,86.0,,774.0,11.0,45.0,2.69,13.0,30.0
96.36800000000001,86.0,,2048.0,32.0,46.0,21.58,26.0,30.0
104.39399987200001,87.0,,1469.0,47.0,45.0,16.97,48.0,30.0
112.420999936,87.0,,1902.0,50.0,45.0,4.02,14.0,30.0
120.433999872,85.0,,1904.0,48.0,45.0,3.52,13.0,30.0
128.449999872,84.0,,2001.0,56.0,45.0,16.58,22.0,30.0
136.477999872,84.0,,1338.0,43.0,45.0,2.33,13.0,30.0
144.510999808,84.0,,840.0,25.0,45.0,1.86,12.0,30.0
152.536,85.0,,987.0,39.0,45.0,10.8,49.0,30.0
160.57600000000002,86.0,,755.0,9.0,45.0,2.88,13.0,30.0
168.598999808,86.0,,739.0,0.0,46.0,2.52,13.0,30.0
176.62599987200002,86.0,,752.0,2.0,46.0,2.66,13.0,30.0
184.656,84.0,,1987.0,32.0,47.0,6.38,15.0,30.0
192.67399987200002,85.0,,1247.0,45.0,47.0,10.94,21.0,30.0
200.692999936,85.0,,1526.0,56.0,46.0,2.8,13.0,30.0
208.72,84.0,,1863.0,60.0,45.0,3.86,14.0,30.0
216.756999936,83.0,,2092.0,68.0,45.0,3.97,14.0,30.0
224.79500006400002,81.0,,1930.0,53.0,45.0,3.5,13.0,30.0
232.83399987200002,81.0,,1447.0,53.0,45.0,3.19,13.0,30.0
240.85699993600002,83.0,,1477.0,51.0,44.0,20.66,23.0,30.0
248.89200000000002,84.0,,1347.0,36.0,44.0,2.44,14.0,30.0
256.918999808,84.0,,1206.0,48.0,43.0,14.02,48.0,30.0
264.94999987200003,85.0,,1662.0,58.0,42.0,20.44,49.0,30.0
272.969999872,86.0,,1694.0,60.0,40.0,19.25,50.0,30.0
280.99799987200004,86.0,,2035.0,69.0,40.0,10.8,18.0,30.0
289.03399987200004,84.0,,1726.0,50.0,42.0,2.88,13.0,30.0
297.052,84.0,,1365.0,41.0,42.0,2.52,13.0,30.0
305.08300006400003,84.0,,1460.0,56.0,40.0,17.02,49.0,30.0
313.116999936,84.0,,1415.0,42.0,42.0,2.58,13.0,30.0
321.15200000000004,84.0,,1290.0,39.0,42.0,2.27,12.0,30.0
329.16899993600003,84.0,,1068.0,25.0,42.0,2.08,12.0,30.0
337.20300006400004,84.0,,863.0,11.0,42.0,2.8,13.0,30.0
345.232,84.0,,1510.0,33.0,42.0,3,21.0,30.0
353.26499993600004,85.0,,1404.0,43.0,42.0,11.97,20.0,30.0
361.29900006400004,84.0,,1504.0,44.0,42.0,2.69,13.0,30.0
369.334999808,85.0,,776.0,25.0,43.0,2.86,13.0,30.0
377.36,85.0,,1634.0,30.0,43.0,2.91,13.0,30.0
385.39399987200005,84.0,,1917.0,41.0,43.0,12,19.0,30.0
393.409999872,84.0,,1931.0,37.0,43.0,9.3,17.0,30.0
401.438999808,85.0,,788.0,19.0,44.0,2.44,13.0,30.0
409.478999808,86.0,,794.0,3.0,44.0,2.27,12.0,30.0
417.51699993600005,86.0,,741.0,0.0,44.0,2.44,13.0,30.0
425.56099993600003,87.0,,743.0,0.0,45.0,2.5,13.0,30.0
433.597999872,85.0,,1602.0,27.0,45.0,13,21.0,30.0
441.640999936,85.0,,1253.0,35.0,45.0,13,21.0,30.0
449.67600000000004,86.0,,1721.0,48.0,44.0,3.83,13.0,30.0
457.71200000000005,85.0,,1777.0,46.0,44.0,3.19,13.0,30.0
465.74,84.0,,740.0,31.0,44.0,2.8,13.0,30.0
473.774999808,84.0,,1906.0,39.0,44.0,3.91,13.0,30.0
481.79099980800004,86.0,,777.0,20.0,44.0,2.47,13.0,30.0
489.812,86.0,,741.0,0.0,45.0,2.41,13.0,30.0
497.824,86.0,,752.0,0.0,45.0,2.5,13.0,30.0
505.84599987200005,86.0,,748.0,0.0,45.0,2.47,13.0,30.0
513.8619998720001,85.0,,753.0,0.0,46.0,2.5,13.0,30.0
521.888999936,85.0,,768.0,0.0,46.0,2.55,13.0,30.0
529.9099998720001,85.0,,744.0,0.0,46.0,2.5,13.0,30.0
537.944999936,85.0,,990.0,1.0,47.0,3.83,14.0,30.0
545.993999872,86.0,,1249.0,13.0,48.0,7.66,17.0,30.0
554.02,86.0,,2011.0,35.0,47.0,18.55,22.0,30.0
562.032999936,86.0,,2053.0,36.0,46.0,4.16,14.0,30.0
570.0590000640001,84.0,,881.0,6.0,47.0,1.66,12.0,30.0
578.0830000640001,85.0,,805.0,10.0,47.0,3.16,13.0,30.0
586.105999872,86.0,,838.0,19.0,48.0,9.8,18.0,30.0
594.116,86.0,,788.0,0.0,48.0,2.77,13.0,30.0
602.156999936,87.0,,1398.0,3.0,48.0,9.63,18.0,30.0
610.2030000640001,87.0,,738.0,0.0,49.0,2.63,13.0,30.0
618.235000064,87.0,,921.0,0.0,50.0,3.83,13.0,30.0
626.256999936,88.0,,752.0,7.0,50.0,2.69,13.0,30.0
634.292999936,88.0,,1040.0,18.0,50.0,7.55,17.0,30.0
642.3189998080001,89.0,,716.0,4.0,50.0,2.5,13.0,30.0
650.347000064,90.0,,710.0,14.0,50.0,3.52,14.0,30.0
658.371000064,90.0,,835.0,8.0,50.0,1.69,12.0,30.0
666.388999936,90.0,,881.0,15.0,51.0,3.83,13.0,30.0
674.417999872,90.0,,1665.0,12.0,51.0,11.02,18.0,30.0
682.456,90.0,,788.0,9.0,51.0,2.13,12.0,30.0
690.502999808,91.0,,916.0,17.0,51.0,7.08,17.0,30.0
698.5299998720001,91.0,,1149.0,12.0,51.0,3.55,13.0,30.0
706.552,91.0,,810.0,15.0,51.0,2.19,13.0,30.0
714.566999808,93.0,,869.0,7.0,52.0,2.05,12.0,30.0
722.595000064,93.0,,1487.0,11.0,52.0,5.27,15.0,30.0
730.613999872,93.0,,1846.0,16.0,53.0,7.55,17.0,30.0
738.6409999360001,94.0,,1010.0,19.0,53.0,3.55,14.0,30.0
746.6789998080001,94.0,,796.0,12.0,53.0,2.33,12.0,30.0
754.694999808,94.0,,2270.0,15.0,52.0,23.36,27.0,30.0
762.7269998080001,94.0,,855.0,10.0,53.0,1.69,12.0,30.0
770.7560000000001,95.0,,1464.0,20.0,53.0,9.44,18.0,30.0
778.782999808,95.0,,932.0,12.0,54.0,4.44,13.0,30.0
786.816,95.0,,857.0,12.0,54.0,1.88,12.0,30.0
794.844,96.0,,1950.0,10.0,54.0,4.19,14.0,30.0
802.883000064,96.0,,936.0,10.0,54.0,2.27,12.0,30.0
810.9339998720001,96.0,,823.0,11.0,54.0,5.08,15.0,30.0
818.9720000000001,96.0,,746.0,10.0,54.0,3.72,17.0,30.0
827.0,97.0,,763.0,7.0,54.0,2.27,12.0,30.0
835.025999872,97.0,,823.0,9.0,55.0,2.77,13.0,30.0
843.046999808,98.0,,1705.0,11.0,54.0,13.55,20.0,30.0
851.070999808,98.0,,764.0,9.0,54.0,3.77,14.0,30.0
859.093999872,98.0,,940.0,10.0,55.0,1.91,12.0,30.0
867.124,98.0,,727.0,7.0,55.0,2.11,12.0,30.0
875.1550000640001,98.0,,763.0,1.0,55.0,2.19,13.0,30.0
883.190999808,99.0,,764.0,0.0,56.0,2.19,12.0,30.0
891.216,99.0,,738.0,2.0,56.0,3.22,13.0,30.0
899.246999808,98.0,,845.0,2.0,57.0,3.3,13.0,30.0
907.288,95.0,,801.0,1.0,58.0,3.02,13.0,30.0
915.3219998720001,93.0,,777.0,0.0,59.0,2.19,12.0,30.0
923.3560000000001,92.0,,1146.0,1.0,60.0,2.05,12.0,30.0
931.381999872,92.0,,832.0,0.0,60.0,3.55,14.0,30.0
939.4179998720001,92.0,,790.0,0.0,61.0,2.38,13.0,30.0
6720.548000000001,60.0,,1001.0,15.0,51.0,4.05,14.0,30.0
6728.576,60.0,,957.0,10.0,50.0,2.8,13.0,30.0
6736.605999872,61.0,,1080.0,13.0,49.0,6,16.0,30.0
6744.636999936,62.0,,902.0,11.0,48.0,2.72,13.0,30.0
6752.662999808001,63.0,,856.0,1.0,48.0,3.13,13.0,30.0
6760.6699998720005,63.0,,849.0,6.0,48.0,2.38,12.0,30.0
6768.696000000001,65.0,,1190.0,8.0,48.0,3.66,14.0,30.0
6776.717999872,66.0,,837.0,11.0,48.0,3,13.0,30.0
6784.736999936001,66.0,,798.0,11.0,48.0,3.27,13.0,30.0
6792.758999808,67.0,,832.0,10.0,47.0,3,13.0,30.0
6800.798999808,68.0,,1105.0,10.0,47.0,4.83,15.0,30.0
6808.836999936,69.0,,827.0,4.0,47.0,3.19,13.0,30.0
6816.8629998080005,69.0,,842.0,0.0,48.0,2.27,12.0,30.0
6824.884,70.0,,817.0,6.0,47.0,2.55,13.0,30.0
6832.894999808001,71.0,,826.0,16.0,48.0,2.66,12.0,30.0
6836.918999808,72.0,,841.0,,48.0,2.19,12.0,30.0
6844.929999872001,72.0,,924.0,10.0,47.0,10.72,19.0,30.0
6852.947000064,73.0,,843.0,14.0,46.0,6.66,16.0,30.0
6856.952999936,74.0,,822.0,,46.0,2.41,13.0,30.0
6864.980999936,75.0,,889.0,13.0,46.0,4.83,15.0,30.0
6872.988,75.0,,1027.0,16.0,46.0,2.38,12.0,30.0
6880.997999872,76.0,,1151.0,15.0,45.0,2.11,12.0,30.0
6889.012000000001,76.0,,793.0,0.0,46.0,2.5,13.0,30.0
6897.028999936,78.0,,902.0,9.0,45.0,1.88,12.0,30.0
6901.037999872,78.0,,887.0,,45.0,2.27,12.0,30.0
6909.06,78.0,,925.0,8.0,46.0,2.86,13.0,30.0
6917.108,79.0,,1230.0,17.0,45.0,8.58,17.0,30.0
6925.129999872001,80.0,,782.0,5.0,46.0,2.44,13.0,30.0
6933.141999872,80.0,,1024.0,4.0,45.0,5.08,15.0,30.0
6937.150999808,81.0,,787.0,,46.0,2.11,12.0,30.0
6945.166999808001,81.0,,1020.0,6.0,45.0,3.69,14.0,30.0
6949.172999936,82.0,,803.0,,46.0,2.25,12.0,30.0
6957.196999936001,82.0,,802.0,21.0,46.0,2.16,12.0,30.0
6965.228,83.0,,912.0,24.0,45.0,7.36,17.0,30.0
6973.2459998720005,84.0,,1366.0,18.0,43.0,3.05,13.0,30.0
6981.256999936,84.0,,1890.0,31.0,42.0,16.63,21.0,30.0
6989.275000064001,84.0,,1520.0,43.0,39.0,3.16,13.0,30.0
6997.316999936001,84.0,,1527.0,36.0,41.0,2.72,13.0,30.0
7005.349999872001,84.0,,1090.0,7.0,42.0,2.02,12.0,30.0
7013.388000000001,84.0,,745.0,0.0,42.0,2.52,13.0,30.0
7021.430999808001,84.0,,752.0,0.0,42.0,2.52,13.0,30.0
7029.465999872001,84.0,,762.0,2.0,42.0,2.52,13.0,30.0
7037.5169999360005,84.0,,1462.0,12.0,42.0,4.52,13.0,30.0
7045.668000000001,85.0,,1514.0,27.0,42.0,12.63,16.0,30.0
7053.712,85.0,,1133.0,21.0,42.0,2.66,13.0,30.0
7061.828,86.0,,794.0,6.0,42.0,5.11,14.0,30.0
7069.859000064001,86.0,,1340.0,24.0,42.0,10.22,18.0,30.0
7077.892000000001,85.0,,838.0,2.0,42.0,2.47,13.0,30.0
7085.928000000001,86.0,,749.0,0.0,43.0,2.58,13.0,30.0
7093.960999936,86.0,,764.0,0.0,43.0,2.52,13.0,30.0
7101.989999872,86.0,,761.0,0.0,43.0,2.52,13.0,30.0
7110.049999872001,85.0,,1510.0,21.0,43.0,12.52,19.0,30.0
7118.076999936,85.0,,1450.0,33.0,44.0,13.61,21.0,30.0
7126.108,86.0,,1452.0,41.0,43.0,11.05,19.0,30.0
7134.118999808001,86.0,,1511.0,41.0,42.0,13.05,20.0,30.0
7138.126999808001,86.0,,1534.0,,42.0,12.13,19.0,30.0
7146.136,86.0,,1381.0,35.0,42.0,3.3,13.0,30.0
7150.145999872,85.0,,1564.0,,42.0,13.16,20.0,30.0
7158.155000064001,85.0,,756.0,49.0,42.0,2.61,13.0,30.0
7166.193999872001,86.0,,799.0,53.0,43.0,2.27,12.0,30.0
7174.204000000001,85.0,,773.0,50.0,43.0,2.5,13.0,30.0
7182.243000064001,85.0,,792.0,46.0,43.0,2.44,12.0,30.0
7190.264,84.0,,1470.0,50.0,41.0,12.22,19.0,30.0
7198.275000064001,84.0,,1519.0,50.0,40.0,11.38,20.0,30.0
7206.291000064,84.0,,1489.0,52.0,40.0,6.36,16.0,30.0
7214.312000000001,84.0,,1545.0,51.0,40.0,5.02,14.0,30.0
7222.332,84.0,,1591.0,57.0,39.0,12.13,19.0,30.0
7230.3649999360005,84.0,,1760.0,65.0,39.0,9.05,17.0,30.0
7238.373999872,84.0,,1979.0,68.0,38.0,12.5,19.0,30.0
7246.464999936001,84.0,,2067.0,70.0,37.0,8.02,17.0,30.0
7254.476000000001,84.0,,1978.0,61.0,39.0,3.52,13.0,30.0
7258.489999872,84.0,,1827.0,,36.0,12.13,19.0,30.0
7266.499000064,84.0,,1908.0,64.0,36.0,14.83,20.0,30.0
7274.536999936,84.0,,1859.0,66.0,36.0,14.19,20.0,30.0
7282.569999872,85.0,,1995.0,68.0,35.0,18.16,23.0,30.0
7290.580000000001,85.0,,2015.0,68.0,35.0,19.69,24.0,30.0
7298.604,85.0,,2059.0,70.0,34.0,17.94,22.0,30.0
7306.648,85.0,,2133.0,73.0,34.0,15.88,21.0,30.0
7314.701999872001,84.0,,2190.0,74.0,33.0,18.3,22.0,30.0
7322.737999872001,84.0,,2203.0,75.0,33.0,16.3,21.0,30.0
7330.742999808001,84.0,,2227.0,75.0,34.0,4.66,14.0,30.0
7334.753999872,84.0,,2393.0,,34.0,7.13,17.0,30.0
7342.766999808,83.0,,2421.0,84.0,33.0,13.88,19.0,30.0
7350.776999936001,84.0,,2461.0,81.0,33.0,18.94,22.0,30.0
7358.788999936,84.0,,2354.0,78.0,33.0,9.97,18.0,30.0
7366.8240000000005,84.0,,2272.0,74.0,34.0,4.52,14.0,30.0
7374.845999872001,84.0,,2274.0,78.0,33.0,14.02,20.0,30.0
7378.856000000001,84.0,,2376.0,,33.0,16.58,21.0,30.0
7386.870999808,84.0,,2445.0,84.0,33.0,17.52,21.0,30.0
7394.88,84.0,,2501.0,82.0,33.0,12.97,17.0,30.0
7402.908999936,84.0,,2388.0,79.0,33.0,13.13,19.0,30.0
7406.92,84.0,,2348.0,,33.0,13.72,20.0,30.0
7414.950999808,84.0,,2291.0,75.0,33.0,16.97,21.0,30.0
7422.960999936001,84.0,,2256.0,80.0,33.0,12.47,19.0,30.0
7430.974999808001,84.0,,2482.0,79.0,33.0,5.55,15.0,30.0
7438.996,84.0,,2421.0,80.0,33.0,14.8,20.0,30.0
7443.003000064001,84.0,,2426.0,,32.0,26.5,31.0,30.0
7451.02,85.0,,2505.0,86.0,32.0,27.22,31.0,30.0
7455.036999936,85.0,,2535.0,,32.0,10.63,18.0,30.0
7463.045999872001,84.0,,2476.0,80.0,33.0,4.66,14.0,30.0
7471.059000064,83.0,,2368.0,80.0,33.0,6.8,16.0,30.0
7475.064999936,83.0,,2352.0,,32.0,14.19,20.0,30.0
7483.0960000000005,84.0,,2385.0,81.0,32.0,15.69,20.0,30.0
7491.128000000001,84.0,,2410.0,81.0,31.0,12.5,19.0,30.0
7499.152,84.0,,2291.0,73.0,32.0,4.33,14.0,30.0
7503.160999936001,83.0,,2002.0,,33.0,3.8,13.0,30.0
7511.168999936001,82.0,,1619.0,43.0,33.0,2.83,13.0,30.0
7515.177999872,83.0,,684.0,4.0,33.0,3.16,13.0,30.0
7523.200999936001,83.0,,865.0,0.0,33.0,2.77,13.0,30.0
7531.224999936,84.0,,773.0,0.0,34.0,2.5,13.0,30.0
7539.2489999360005,85.0,,753.0,0.0,34.0,2.5,13.0,30.0
7547.264999936,85.0,,743.0,0.0,35.0,2.5,13.0,30.0
7555.2880000000005,86.0,,745.0,0.0,35.0,2.47,13.0,30.0
7563.316999936001,86.0,,748.0,0.0,36.0,2.5,13.0,30.0
7571.328,86.0,,1186.0,22.0,36.0,11.86,20.0,30.0
7579.355000064001,85.0,,2020.0,50.0,36.0,24.05,32.0,30.0
7587.3649999360005,85.0,,1831.0,68.0,35.0,17.8,23.0,30.0
7595.374999808,85.0,,2197.0,77.0,34.0,8.19,17.0,30.0
7603.384999936001,84.0,,2398.0,84.0,34.0,8.77,17.0,30.0
7611.396000000001,83.0,,2559.0,86.0,33.0,21.97,24.0,30.0
7619.427000064001,84.0,,2520.0,83.0,32.0,24.41,27.0,30.0
7627.4400000000005,85.0,,2454.0,82.0,31.0,24.75,27.0,30.0
7635.465999872001,85.0,,2478.0,84.0,31.0,17.58,22.0,30.0
7643.488,84.0,,2494.0,84.0,32.0,8.08,17.0,30.0
7651.508000000001,84.0,,2495.0,81.0,31.0,15.66,20.0,30.0
7659.5169999360005,84.0,,2327.0,80.0,31.0,12.63,19.0,30.0
7667.568999936,84.0,,2460.0,82.0,31.0,11.33,18.0,30.0
7675.627000064001,84.0,,2441.0,82.0,30.0,16.36,21.0,30.0
7683.677999872,84.0,,2425.0,81.0,30.0,13.3,19.0,30.0
7691.721999872,84.0,,2380.0,80.0,30.0,13.63,19.0,30.0
7699.769999872001,84.0,,2372.0,79.0,30.0,13.52,19.0,30.0
7707.820999936001,84.0,,2324.0,78.0,30.0,12.58,19.0,30.0
7715.865999872,84.0,,2292.0,77.0,30.0,11.83,18.0,30.0
7723.921999872001,84.0,,2260.0,74.0,30.0,8.25,17.0,30.0
7731.929999872001,84.0,,2171.0,67.0,31.0,4.38,14.0,30.0
7739.972000000001,84.0,,2064.0,74.0,30.0,20.77,25.0,30.0
7748.006999808001,85.0,,2343.0,80.0,30.0,15.63,20.0,30.0
7756.028,84.0,,2392.0,82.0,30.0,12.25,19.0,30.0
7764.057999872,84.0,,2422.0,80.0,30.0,10.19,18.0,30.0
7772.101999872,84.0,,2325.0,70.0,30.0,7.27,17.0,30.0
7780.1320000000005,84.0,,1986.0,65.0,30.0,20.75,26.0,30.0
7788.168999936001,85.0,,2100.0,67.0,31.0,4.11,14.0,30.0
7796.197999872001,84.0,,1754.0,53.0,31.0,3.11,13.0,30.0
7800.2089999360005,83.0,,1532.0,,30.0,8.13,17.0,30.0
7808.222999808,84.0,,1624.0,57.0,30.0,12.25,20.0,30.0
7812.230999808001,85.0,,1865.0,,30.0,17.47,23.0,30.0
7820.257999872,86.0,,1937.0,68.0,30.0,20.16,26.0,30.0
7828.2849999360005,86.0,,2179.0,75.0,30.0,18.13,22.0,30.0
7836.320000000001,84.0,,2279.0,77.0,30.0,16.27,21.0,30.0
7844.358999808001,84.0,,2258.0,72.0,30.0,6.63,15.0,30.0
7852.372,83.0,,2002.0,60.0,31.0,3.72,13.0,30.0
7856.377999872,83.0,,1565.0,,31.0,2.77,13.0,30.0
7864.4019998720005,83.0,,1470.0,52.0,30.0,5.86,15.0,30.0
7872.432000000001,84.0,,1572.0,45.0,31.0,2.86,13.0,30.0
7880.452,84.0,,1138.0,41.0,31.0,2.58,19.0,30.0
7888.462999808001,85.0,,1372.0,49.0,31.0,10.02,19.0,30.0
7896.473999872001,86.0,,1541.0,51.0,31.0,9.08,18.0,30.0
7900.480999936,85.0,,1363.0,,32.0,2.33,13.0,30.0
7908.502999808001,85.0,,969.0,32.0,32.0,2.02,12.0,30.0
7912.508999936001,86.0,,728.0,,32.0,2.66,13.0,30.0
7920.524999936,86.0,,859.0,0.0,32.0,2.8,13.0,30.0
7928.588999936001,86.0,,738.0,0.0,33.0,2.58,13.0,30.0
7932.5960000000005,86.0,,743.0,0.0,33.0,2.69,13.0,30.0
7936.603000064,86.0,,1283.0,,33.0,7.44,17.0,30.0
7944.619000064001,86.0,,1035.0,22.0,33.0,7.36,15.0,30.0
7952.641999872,86.0,,1247.0,21.0,34.0,8.97,18.0,30.0
7956.656999936001,85.0,,1139.0,,34.0,13.08,22.0,30.0
7964.664000000001,85.0,,1459.0,33.0,34.0,9.38,18.0,30.0
7972.684,85.0,,866.0,31.0,35.0,2.61,13.0,30.0
7980.692000000001,86.0,,763.0,8.0,36.0,2.41,13.0,30.0
7988.699000064001,86.0,,1242.0,32.0,36.0,11.19,21.0,30.0
7992.7080000000005,86.0,,691.0,,36.0,3.05,13.0,30.0
8000.76,87.0,,799.0,16.0,36.0,2.38,13.0,30.0
8008.776000000001,86.0,,1686.0,34.0,36.0,14.86,21.0,30.0
8016.789999872,84.0,,878.0,11.0,36.0,2.8,14.0,30.0
8024.805999872001,84.0,,1515.0,37.0,37.0,16.33,23.0,30.0
8032.816999936001,85.0,,1695.0,46.0,37.0,11.77,19.0,30.0
8040.828999936,85.0,,1624.0,31.0,37.0,3.11,13.0,30.0
8044.836,85.0,,802.0,,38.0,2.16,12.0,30.0
8052.8619998720005,85.0,,788.0,20.0,37.0,2.41,13.0,30.0
8060.891000064001,85.0,,1850.0,43.0,38.0,21.13,30.0,30.0
8068.912,85.0,,1384.0,14.0,38.0,2.41,13.0,30.0
8076.948,86.0,,734.0,0.0,39.0,2.52,13.0,30.0
8084.968000000001,86.0,,748.0,0.0,39.0,2.58,13.0,30.0
8092.9800000000005,86.0,,745.0,9.0,39.0,2.61,13.0,30.0
8100.992999936,86.0,,1291.0,13.0,40.0,6.25,15.0,30.0
8109.043000064001,86.0,,939.0,10.0,40.0,2.58,13.0,30.0
8117.052000000001,87.0,,824.0,6.0,41.0,2.61,13.0,30.0
8125.06,87.0,,1633.0,24.0,42.0,12.63,20.0,30.0
8133.072,87.0,,1378.0,26.0,42.0,8.36,17.0,30.0
8137.080000000001,86.0,,909.0,,42.0,2.33,12.0,30.0
8145.107000064,86.0,,774.0,17.0,42.0,2.55,17.0,30.0
8153.118999808001,86.0,,1335.0,33.0,42.0,13.47,22.0,30.0
8157.128000000001,87.0,,1313.0,,42.0,2.66,13.0,30.0
8165.165999872001,87.0,,1179.0,19.0,42.0,2.16,12.0,30.0
8173.188,86.0,,1555.0,27.0,42.0,15.38,19.0,30.0
8181.196999936001,86.0,,1654.0,45.0,42.0,18.08,26.0,30.0
8189.256,85.0,,2088.0,55.0,41.0,14.69,20.0,30.0
8193.269999872,84.0,,1430.0,,42.0,2.55,13.0,30.0
8201.280999936,84.0,,1208.0,32.0,42.0,2.22,12.0,30.0
8205.291000064,83.0,,1090.0,,41.0,2.66,13.0,30.0
8209.297999872,84.0,,1345.0,45.0,42.0,2.77,13.0,30.0
8217.309999872,83.0,,1254.0,18.0,42.0,2.27,12.0,30.0
8225.324,83.0,,922.0,22.0,41.0,8.25,18.0,30.0
8233.414999808001,84.0,,1245.0,42.0,40.0,12.33,22.0,30.0
8241.424999936,85.0,,1426.0,51.0,39.0,12.05,19.0,30.0
8249.436999936,84.0,,1490.0,47.0,40.0,2.61,13.0,30.0
8257.449999872,84.0,,1339.0,42.0,40.0,7.41,16.0,30.0
8261.459000064,84.0,,751.0,,40.0,2.47,13.0,30.0
8269.508,84.0,,1451.0,26.0,39.0,17.08,33.0,30.0
8277.536,85.0,,1264.0,33.0,39.0,9.41,18.0,30.0
8285.571000064001,86.0,,726.0,3.0,39.0,2.47,13.0,30.0
8293.595000064,86.0,,917.0,13.0,40.0,2.66,13.0,30.0
8301.628,85.0,,1118.0,29.0,40.0,11.11,20.0,30.0
8309.643000064001,86.0,,1419.0,37.0,39.0,2.97,13.0,30.0
8317.656999936,86.0,,1131.0,25.0,40.0,2.08,12.0,30.0
8325.670999808,87.0,,890.0,23.0,39.0,10.86,48.0,30.0
8333.696,86.0,,1452.0,30.0,39.0,2.86,13.0,30.0
8341.708999936001,85.0,,1370.0,26.0,39.0,14.58,24.0,30.0
8349.732,85.0,,1282.0,36.0,39.0,10.5,18.0,30.0
8357.742999808,86.0,,1200.0,24.0,40.0,2.13,12.0,30.0
8365.768999936001,86.0,,1135.0,22.0,40.0,6.72,16.0,30.0
8373.806999808001,86.0,,1014.0,24.0,39.0,7.05,17.0,30.0
8381.817999872,85.0,,1315.0,25.0,39.0,6,15.0,30.0
8389.825999872,84.0,,1377.0,28.0,39.0,6.61,16.0,30.0
8397.84,84.0,,1251.0,23.0,40.0,2.69,13.0,30.0
8405.854999808,84.0,,1261.0,41.0,39.0,14.63,37.0,30.0
8413.894999808,86.0,,1322.0,44.0,38.0,9.3,18.0,30.0
8421.958999808001,86.0,,1183.0,23.0,39.0,2.11,12.0,30.0
8429.989999872001,86.0,,963.0,18.0,39.0,10.19,20.0,30.0
8438.028,85.0,,1417.0,30.0,39.0,14,22.0,30.0
8446.057999872,86.0,,736.0,19.0,39.0,2.47,13.0,30.0
8454.065999872,86.0,,881.0,2.0,39.0,2.52,13.0,30.0
8462.072,86.0,,778.0,0.0,40.0,2.52,13.0,30.0
8470.096000000001,86.0,,787.0,1.0,41.0,2.44,13.0,30.0
8478.124,85.0,,1118.0,9.0,42.0,2.8,12.0,30.0
8486.152,85.0,,908.0,13.0,42.0,2.36,12.0,30.0
8494.184999936,86.0,,801.0,6.0,42.0,2.41,12.0,30.0
8502.212999936,86.0,,1236.0,15.0,43.0,2.41,13.0,30.0
8510.230999808,86.0,,741.0,8.0,43.0,2.5,13.0,30.0
8518.240999936,86.0,,686.0,4.0,43.0,2.63,13.0,30.0
8526.26,87.0,,733.0,0.0,44.0,2.11,12.0,30.0
90195.60499993601,84.0,,1509.0,53.0,30.0,11.38,18.0,28.0
90203.625999872,84.0,,1556.0,49.0,31.0,3.52,13.0,28.0
90211.656,85.0,,1357.0,51.0,31.0,15.5,48.0,28.0
90219.673999872,86.0,,1579.0,31.0,31.0,2.83,13.0,28.0
90227.701999872,86.0,,845.0,0.0,32.0,2.88,13.0,28.0
90235.736,86.0,,772.0,0.0,32.0,2.75,13.0,28.0
90243.771000064,86.0,,756.0,0.0,33.0,2.72,13.0,28.0
90251.80499993601,86.0,,762.0,0.0,33.0,2.69,13.0,28.0
90259.812,86.0,,755.0,4.0,33.0,2.69,13.0,28.0
90267.844999936,86.0,,1580.0,26.0,34.0,12.69,21.0,28.0
90275.875000064,85.0,,1383.0,44.0,34.0,14.86,24.0,28.0
90283.913999872,86.0,,1857.0,35.0,34.0,4.02,13.0,28.0
90291.932,86.0,,751.0,20.0,34.0,2.66,13.0,28.0
90299.953999872,86.0,,1699.0,38.0,35.0,17.94,25.0,28.0
90307.985999872,86.0,,704.0,20.0,35.0,2.97,13.0,28.0
90316.012,86.0,,1766.0,37.0,35.0,17.13,23.0,28.0
90324.038999808,84.0,,725.0,16.0,36.0,2.86,13.0,28.0
90332.05200000001,85.0,,1578.0,39.0,36.0,17.16,25.0,28.0
90340.080999936,86.0,,1778.0,48.0,36.0,13.41,20.0,28.0
90348.11600000001,86.0,,746.0,26.0,36.0,2.58,13.0,28.0
90356.16,87.0,,782.0,21.0,36.0,2.52,13.0,28.0
90364.18800000001,86.0,,1835.0,42.0,36.0,8.58,15.0,28.0
90372.216,84.0,,1286.0,36.0,37.0,6.52,16.0,28.0
90380.24899993601,84.0,,737.0,0.0,37.0,2.63,13.0,28.0
90388.276999936,86.0,,747.0,0.0,37.0,2.63,13.0,28.0
90396.29100006401,86.0,,1130.0,8.0,38.0,4.13,14.0,28.0
90404.323000064,86.0,,917.0,26.0,39.0,11.86,48.0,28.0
90412.332999936,86.0,,697.0,0.0,39.0,2.75,13.0,28.0
90420.366999808,87.0,,787.0,0.0,39.0,2.75,13.0,28.0
90428.37399987201,87.0,,767.0,0.0,39.0,2.19,12.0,28.0
90436.41200000001,86.0,,773.0,0.0,40.0,2.13,12.0,28.0
90444.44499993601,86.0,,700.0,0.0,40.0,3.58,14.0,28.0
90452.475000064,86.0,,784.0,0.0,41.0,2.69,13.0,28.0
90460.515000064,86.0,,1106.0,0.0,41.0,5.75,14.0,28.0
90468.545999872,87.0,,813.0,1.0,42.0,2.66,13.0,28.0
90476.572,87.0,,750.0,0.0,42.0,2.16,12.0,28.0
90975.685999872,86.0,,1291.0,0.0,48.0,3.19,13.0,28.0
90983.692999936,84.0,,949.0,20.0,46.0,9.77,20.0,28.0
90991.720999936,84.0,,1257.0,24.0,46.0,2.25,12.0,28.0
90999.72999987201,84.0,,1055.0,10.0,46.0,2.13,12.0,28.0
91007.74099993601,84.0,,801.0,21.0,46.0,4.36,15.0,28.0
91015.748,84.0,,1287.0,10.0,46.0,2.8,13.0,28.0
91023.77499980801,85.0,,923.0,25.0,45.0,8.22,17.0,28.0
91031.813999872,85.0,,1139.0,10.0,46.0,2.13,12.0,28.0
91039.85100006401,85.0,,1239.0,35.0,45.0,13.83,27.0,28.0
91047.862999808,84.0,,1483.0,39.0,45.0,10.27,18.0,28.0
91055.87799987201,84.0,,710.0,30.0,45.0,2.69,17.0,28.0
91063.893999872,84.0,,1333.0,40.0,44.0,10.94,19.0,28.0
91071.90000000001,84.0,,1222.0,44.0,43.0,2.83,13.0,28.0
91079.92999987201,84.0,,751.0,7.0,44.0,3.02,13.0,28.0
91087.97200000001,85.0,,800.0,10.0,45.0,2.41,12.0,28.0
91095.996999936,85.0,,1213.0,30.0,44.0,12.72,20.0,28.0
91104.02899993601,85.0,,1021.0,14.0,45.0,2.02,12.0,28.0
91112.06599987201,85.0,,1329.0,36.0,44.0,15.36,39.0,28.0
91120.076,85.0,,1015.0,41.0,44.0,2.5,12.0,28.0
91128.12000000001,85.0,,814.0,9.0,44.0,2.61,13.0,28.0
91136.13200000001,85.0,,1214.0,34.0,42.0,12.77,23.0,28.0
91144.15500006401,85.0,,1525.0,45.0,42.0,13.38,20.0,28.0
91152.176,85.0,,1436.0,47.0,42.0,6.66,16.0,28.0
91160.19600000001,84.0,,1205.0,37.0,42.0,2.97,13.0,28.0
91168.235000064,84.0,,1139.0,34.0,42.0,2.25,12.0,28.0
91176.253999872,84.0,,818.0,22.0,42.0,10.38,18.0,28.0
91184.288,85.0,,1581.0,35.0,40.0,15.97,23.0,28.0
91192.31699993601,85.0,,1238.0,11.0,42.0,2.25,12.0,28.0
91200.34000000001,85.0,,1083.0,26.0,41.0,13.91,43.0,28.0
91208.345999872,85.0,,1471.0,35.0,41.0,13.02,22.0,28.0
91218.148,85.0,,1593.0,28.0,41.0,18.97,49.0,28.0
91228.98700006401,85.0,,1248.0,13.0,41.0,2.66,13.0,28.0
91237.041999872,85.0,,1621.0,37.0,40.0,13.88,22.0,28.0
91248.45699993601,86.0,,1487.0,40.0,39.0,2.8,13.0,28.0
91256.467000064,86.0,,868.0,23.0,41.0,1.83,12.0,28.0
91264.47600000001,86.0,,729.0,25.0,40.0,6.72,18.0,28.0
91272.480999936,87.0,,727.0,24.0,40.0,7.52,48.0,28.0
91280.485999872,86.0,,1386.0,28.0,39.0,6.11,15.0,28.0
91289.841999872,84.0,,1487.0,28.0,39.0,4.58,15.0,28.0
91300.245999872,84.0,,1254.0,33.0,39.0,14.69,33.0,28.0
91308.48800000001,85.0,,1174.0,43.0,39.0,9.44,18.0,28.0
91316.94,86.0,,1244.0,22.0,40.0,2.27,12.0,28.0
91326.20400000001,86.0,,898.0,15.0,39.0,1.61,12.0,28.0
91334.629999872,85.0,,1716.0,27.0,39.0,16.58,23.0,28.0
91343.85100006401,85.0,,767.0,22.0,40.0,2.52,13.0,28.0
91351.856999936,86.0,,782.0,2.0,40.0,2.75,13.0,28.0
91360.584,86.0,,734.0,0.0,41.0,2.38,12.0,28.0
91368.96499993601,86.0,,756.0,0.0,41.0,2.41,13.0,28.0
91378.91899980801,85.0,,1289.0,11.0,42.0,4.44,13.0,28.0
91386.924999936,85.0,,847.0,12.0,42.0,2.8,13.0,28.0
91395.75200000001,85.0,,839.0,5.0,42.0,2.75,13.0,28.0
91403.756999936,85.0,,1235.0,13.0,43.0,4.61,14.0,28.0
91412.88499993601,86.0,,1034.0,13.0,43.0,7.38,17.0,28.0
91420.89600000001,86.0,,826.0,0.0,44.0,2.5,13.0,28.0
91429.16899993601,86.0,,788.0,0.0,44.0,2.3,12.0,28.0
238136.73399987203,85.0,,855.0,0.0,45.0,2.22,12.0,27.0
238144.740999936,85.0,,1483.0,26.0,45.0,15.58,23.0,27.0
238152.76199987202,85.0,,1669.0,38.0,45.0,19.72,40.0,27.0
238160.787000064,85.0,,1691.0,25.0,46.0,9.44,16.0,27.0
238168.814999808,85.0,,1490.0,29.0,46.0,11.02,18.0,27.0
238176.82700006402,85.0,,1332.0,18.0,47.0,4,14.0,27.0
238184.87099980802,86.0,,760.0,18.0,46.0,2.61,12.0,27.0
238192.90899993601,85.0,,2318.0,37.0,45.0,17.08,18.0,27.0
238200.936999936,84.0,,2110.0,28.0,46.0,4.86,14.0,27.0
238208.95799987201,84.0,,1429.0,32.0,46.0,5.58,15.0,27.0
238216.964,85.0,,1365.0,35.0,46.0,3.86,13.0,27.0
238220.972,85.0,,1273.0,,46.0,14.27,35.0,27.0
238228.97900006402,86.0,,1503.0,34.0,46.0,3.97,13.0,27.0
238232.98499993602,86.0,,965.0,,45.0,8.13,18.0,27.0
238241.03399987202,86.0,,1165.0,31.0,46.0,3.88,14.0,27.0
238249.06899993602,85.0,,2350.0,31.0,45.0,16.8,19.0,27.0
238257.10099993602,85.0,,771.0,0.0,45.0,3.25,13.0,27.0
238265.121999872,86.0,,767.0,0.0,46.0,3.44,13.0,27.0
238273.15899980802,87.0,,764.0,0.0,47.0,3.41,13.0,27.0
238281.18800000002,87.0,,757.0,0.0,48.0,3.36,13.0,27.0
238289.221999872,87.0,,906.0,14.0,48.0,3.97,14.0,27.0
238297.27200000003,85.0,,2339.0,40.0,49.0,3.47,13.0,27.0
238305.29100006403,84.0,,1744.0,42.0,48.0,18.19,26.0,27.0
238313.328,84.0,,1321.0,38.0,47.0,14.66,48.0,27.0
238321.35899980803,86.0,,765.0,34.0,46.0,3.41,13.0,27.0
238329.39799987202,86.0,,1550.0,49.0,45.0,12.11,20.0,27.0
238337.422999808,84.0,,1835.0,37.0,46.0,3.66,14.0,27.0
238345.449999872,84.0,,1573.0,38.0,47.0,17.63,48.0,27.0
238353.47099980802,85.0,,2251.0,49.0,46.0,6.11,15.0,27.0
238361.504999936,84.0,,1924.0,55.0,46.0,8.05,17.0,27.0
238369.537999872,84.0,,1794.0,65.0,45.0,3.25,13.0,27.0
238377.58800000002,84.0,,2213.0,77.0,43.0,20.16,24.0,27.0
238385.629999872,84.0,,2358.0,78.0,42.0,19.13,23.0,27.0
238393.659000064,83.0,,2084.0,64.0,43.0,3.88,14.0,27.0
238401.686999808,84.0,,2012.0,71.0,42.0,20.36,26.0,27.0
238409.710999808,85.0,,2155.0,67.0,41.0,16.52,20.0,27.0
238417.744,85.0,,1724.0,56.0,41.0,18.08,26.0,27.0
238425.768,86.0,,1797.0,55.0,42.0,4,14.0,27.0
238433.77799987202,86.0,,1568.0,53.0,41.0,16.33,26.0,27.0
238441.83500006402,87.0,,1603.0,52.0,41.0,16.69,25.0,27.0
238449.864,87.0,,1592.0,57.0,42.0,16.66,24.0,27.0
238457.901999872,86.0,,1665.0,54.0,42.0,14.22,21.0,27.0
238465.94,84.0,,1728.0,54.0,42.0,3.83,13.0,27.0
238473.956,84.0,,739.0,13.0,42.0,3.19,13.0,27.0
238482.00099993602,86.0,,767.0,0.0,42.0,3.27,13.0,27.0
238490.025999872,86.0,,1063.0,12.0,44.0,8.72,18.0,27.0
238498.035000064,86.0,,2463.0,30.0,45.0,4.61,13.0,27.0
238506.064999936,85.0,,1499.0,9.0,45.0,4,14.0,27.0
238514.09900006402,85.0,,767.0,0.0,45.0,2.25,12.0,27.0
238522.10700006402,86.0,,513.0,3.0,45.0,9.22,24.0,27.0
238530.14199987202,87.0,,779.0,0.0,46.0,3.44,13.0,27.0
238538.16300006403,87.0,,938.0,0.0,47.0,4.13,14.0,27.0
238546.18499993603,87.0,,904.0,0.0,48.0,3.88,14.0,27.0
238554.221999872,86.0,,733.0,0.0,48.0,2.27,12.0,27.0
238562.249999872,86.0,,933.0,0.0,49.0,4.36,14.0,27.0
238570.26099993603,86.0,,915.0,0.0,50.0,3.94,14.0,27.0
238578.284999936,86.0,,1101.0,0.0,51.0,1.94,12.0,27.0
238586.31299993602,86.0,,861.0,0.0,51.0,3.91,14.0,27.0
238594.43299993602,86.0,,884.0,0.0,52.0,3.86,14.0,27.0
238602.45699993602,86.0,,889.0,0.0,53.0,3.83,14.0,27.0
238610.491000064,86.0,,767.0,0.0,54.0,2.41,13.0,27.0
238618.499000064,86.0,,912.0,0.0,54.0,4,14.0,27.0
238626.51399987203,86.0,,909.0,5.0,54.0,4,14.0,27.0
238634.54199987202,85.0,,1609.0,21.0,55.0,15.02,18.0,27.0
238642.57100006402,84.0,,1893.0,22.0,54.0,5.61,17.0,27.0
238650.580999936,85.0,,770.0,3.0,54.0,2.5,13.0,27.0
238658.59299993602,86.0,,918.0,0.0,54.0,4.08,14.0,27.0
238666.62800000003,86.0,,891.0,0.0,55.0,4.05,14.0,27.0
238674.66099993602,87.0,,893.0,0.0,56.0,4.02,14.0,27.0
238682.681999872,87.0,,838.0,0.0,56.0,2.8,16.0,27.0
238690.708,86.0,,908.0,0.0,57.0,4,14.0,27.0
238698.76099993603,86.0,,911.0,0.0,57.0,3.94,14.0,27.0
238706.79200000002,86.0,,737.0,0.0,58.0,2.41,13.0,27.0
238714.805999872,86.0,,892.0,0.0,59.0,3.83,14.0,27.0
238722.84000000003,86.0,,895.0,0.0,59.0,3.94,14.0,27.0
238730.868999936,86.0,,898.0,0.0,60.0,3.91,14.0,27.0
238738.88,87.0,,740.0,0.0,60.0,2.41,13.0,27.0
238746.912999936,86.0,,904.0,0.0,60.0,4.02,14.0,27.0
238754.939000064,87.0,,903.0,0.0,60.0,3.94,14.0,27.0
238762.97600000002,87.0,,735.0,0.0,61.0,2.41,13.0,27.0
238770.998999808,87.0,,906.0,2.0,61.0,4,14.0,27.0
238779.04,86.0,,789.0,24.0,62.0,7.94,19.0,27.0
238787.07699993602,86.0,,1786.0,61.0,60.0,4.02,13.0,27.0
238795.11699993603,86.0,,1996.0,66.0,54.0,24.47,55.0,27.0
238803.161999872,86.0,,1762.0,59.0,53.0,3.22,13.0,27.0
238811.2,84.0,,2161.0,76.0,51.0,20.16,24.0,27.0
238819.22599987203,83.0,,2187.0,76.0,51.0,4.08,14.0,27.0
238827.24000000002,82.0,,2293.0,73.0,50.0,9.36,17.0,27.0
238831.24599987202,82.0,,2047.0,,49.0,5.52,14.0,27.0
238839.26,83.0,,2097.0,70.0,48.0,15.91,21.0,27.0
238847.265999872,84.0,,2104.0,72.0,45.0,21.63,27.0,27.0
238855.300999936,84.0,,1947.0,59.0,45.0,16.5,22.0,27.0
238863.33499980802,84.0,,941.0,32.0,47.0,11.88,41.0,27.0
238871.376999936,86.0,,1205.0,50.0,46.0,14.5,49.0,27.0
238879.38700006402,87.0,,1990.0,71.0,45.0,18.05,24.0,27.0
238887.444999936,83.0,,2222.0,80.0,45.0,4.16,14.0,27.0
238895.483000064,81.0,,2366.0,77.0,45.0,8.44,17.0,27.0
238903.48999987202,82.0,,2123.0,74.0,44.0,6.36,21.0,27.0
238911.49799987202,84.0,,2108.0,64.0,44.0,21.97,26.0,27.0
238915.50299980803,85.0,,796.0,,45.0,2.22,12.0,27.0
238923.520999936,85.0,,1631.0,47.0,45.0,14.5,22.0,27.0
238931.53600000002,85.0,,2141.0,60.0,43.0,21.8,27.0,27.0
238939.55200000003,85.0,,1980.0,69.0,42.0,20.94,28.0,27.0
238943.56099993602,85.0,,2191.0,,42.0,22.94,28.0,27.0
238951.56899993602,84.0,,2291.0,81.0,42.0,22.69,27.0,27.0
238955.57699993602,83.0,,2666.0,,42.0,20.72,23.0,27.0
238963.58999987203,82.0,,2729.0,91.0,42.0,5.11,15.0,27.0
238971.60199987201,81.0,,2613.0,86.0,42.0,4.91,15.0,27.0
238979.608,81.0,,2743.0,88.0,42.0,5.19,15.0,27.0
238987.63699993602,82.0,,2626.0,84.0,41.0,13.19,19.0,27.0
238995.68000000002,84.0,,2477.0,80.0,40.0,24.8,28.0,27.0
239003.718999808,84.0,,2411.0,82.0,39.0,25.33,29.0,27.0
239011.74199987203,84.0,,2427.0,82.0,39.0,25.16,29.0,27.0
239019.78099993602,84.0,,2500.0,86.0,39.0,25.61,29.0,27.0
239027.82,84.0,,2653.0,93.0,39.0,27.66,30.0,27.0
239035.849999872,84.0,,2794.0,93.0,39.0,21,23.0,27.0
239043.891000064,83.0,,2787.0,90.0,39.0,19.58,22.0,27.0
239051.90599987202,82.0,,2653.0,84.0,39.0,5.36,15.0,27.0
239055.917999872,81.0,,2295.0,76.0,40.0,5,15.0,27.0
239063.96300006402,81.0,,2171.0,39.0,41.0,4.16,14.0,27.0
239071.998999808,84.0,,692.0,3.0,41.0,4.08,13.0,27.0
239080.01499980802,85.0,,773.0,0.0,42.0,3.77,14.0,27.0
239088.032,87.0,,762.0,0.0,42.0,3.75,14.0,27.0
239096.048,87.0,,740.0,0.0,43.0,2.75,13.0,27.0
239104.084,87.0,,1113.0,18.0,44.0,14.72,22.0,27.0
239112.120999936,85.0,,1619.0,41.0,45.0,19.05,50.0,27.0
239120.14199987202,84.0,,1624.0,48.0,43.0,13.97,20.0,27.0
239128.148999936,84.0,,738.0,18.0,44.0,3.91,14.0,27.0
239136.17200000002,86.0,,1599.0,41.0,44.0,17.69,24.0,27.0
239144.22400000002,85.0,,1663.0,40.0,44.0,3.13,13.0,27.0
239152.268,84.0,,1587.0,42.0,43.0,17.05,25.0,27.0
239160.297999872,84.0,,755.0,21.0,43.0,3.83,14.0,27.0
239168.32699980802,85.0,,860.0,13.0,44.0,8,18.0,27.0
239176.344,86.0,,1591.0,30.0,45.0,11.83,19.0,27.0
239184.355000064,84.0,,1772.0,36.0,44.0,3.3,13.0,27.0
239188.36800000002,84.0,,1613.0,26.0,45.0,3,13.0,27.0
239196.381999872,83.0,,1194.0,24.0,45.0,2.25,13.0,27.0
239204.404,84.0,,1567.0,21.0,45.0,2.97,13.0,27.0
239208.412,85.0,,785.0,,45.0,2.72,13.0,27.0
239216.417999872,86.0,,853.0,14.0,45.0,5.55,15.0,27.0
239224.46299980802,86.0,,1576.0,20.0,47.0,8.77,17.0,27.0
239232.499000064,85.0,,943.0,16.0,48.0,4.44,15.0,27.0
239240.544999936,85.0,,1450.0,13.0,49.0,4.47,14.0,27.0
239248.553999872,86.0,,815.0,0.0,50.0,3.08,13.0,27.0
239256.58199987203,86.0,,889.0,1.0,51.0,4.72,15.0,27.0
239264.604999936,87.0,,862.0,2.0,52.0,6.11,15.0,27.0
239272.64,87.0,,714.0,0.0,53.0,2.72,13.0,27.0
241372.086999808,85.0,,1581.0,27.0,50.0,4.58,14.0,27.0
241380.124,85.0,,744.0,0.0,50.0,2.5,13.0,27.0
241388.153999872,86.0,,904.0,0.0,51.0,4.25,14.0,27.0
241392.16300006403,86.0,,893.0,0.0,52.0,4.19,14.0,27.0
241400.200999936,86.0,,879.0,0.0,52.0,4.41,14.0,27.0
241408.229999872,86.0,,1160.0,12.0,54.0,8.05,17.0,27.0
241416.254999808,86.0,,2475.0,41.0,54.0,23.08,26.0,27.0
241424.289999872,85.0,,1772.0,56.0,49.0,20.69,49.0,27.0
241432.32099993603,85.0,,1982.0,48.0,50.0,3.72,13.0,27.0
241440.355000064,84.0,,764.0,10.0,50.0,3.47,13.0,27.0
241448.37900006401,85.0,,1266.0,0.0,51.0,4.02,13.0,27.0
241456.40499993603,85.0,,1306.0,3.0,52.0,8.11,17.0,27.0
241464.433999872,85.0,,1441.0,29.0,54.0,15.36,24.0,27.0
241472.46299980802,84.0,,2067.0,46.0,52.0,23.97,24.0,27.0
241480.493999872,85.0,,1706.0,44.0,52.0,3.19,13.0,27.0
241488.52499993602,87.0,,1084.0,42.0,51.0,12.52,48.0,27.0
241496.553999872,86.0,,1870.0,52.0,49.0,18.41,26.0,27.0
241504.58499993602,85.0,,2233.0,57.0,48.0,23.36,28.0,27.0
241512.61499980802,84.0,,2151.0,63.0,48.0,20.55,25.0,27.0
241520.62899993602,84.0,,1942.0,71.0,47.0,19.77,26.0,27.0
241528.66,85.0,,2319.0,83.0,46.0,23.36,28.0,27.0
241536.68000000002,84.0,,2492.0,85.0,45.0,17.66,21.0,27.0
241544.71200000003,84.0,,2583.0,85.0,44.0,25.77,28.0,27.0
241552.748999936,84.0,,2281.0,75.0,45.0,23.33,27.0,27.0
241560.78899993602,83.0,,1815.0,52.0,46.0,3.22,13.0,27.0
241568.81299993602,83.0,,1175.0,41.0,46.0,3.66,14.0,27.0
241576.852999936,84.0,,1246.0,41.0,46.0,9.58,18.0,27.0
241584.883000064,85.0,,1170.0,39.0,46.0,8.55,17.0,27.0
241592.920999936,85.0,,1450.0,40.0,45.0,11.66,18.0,27.0
241600.948,85.0,,1577.0,39.0,45.0,8.19,17.0,27.0
241608.977999872,86.0,,1830.0,57.0,45.0,20.97,53.0,27.0
241617.00099993602,86.0,,1801.0,64.0,44.0,18.61,27.0,27.0
241625.027000064,85.0,,2115.0,71.0,44.0,21.91,28.0,27.0
241633.036999936,84.0,,1943.0,68.0,44.0,9.58,17.0,27.0
241641.064,84.0,,2179.0,76.0,43.0,16.33,21.0,27.0
241649.08000000002,84.0,,2013.0,59.0,44.0,3.88,13.0,27.0
241657.13600000003,83.0,,1583.0,47.0,45.0,3,13.0,27.0
241665.16699980802,83.0,,1335.0,48.0,43.0,8.05,17.0,27.0
241673.19399987202,84.0,,1606.0,58.0,42.0,16.63,25.0,27.0
241681.23699993602,85.0,,1621.0,54.0,42.0,13.25,20.0,27.0
241689.24800000002,85.0,,1671.0,56.0,42.0,13.58,20.0,27.0
241697.273999872,85.0,,1615.0,58.0,42.0,18.13,49.0,27.0
241705.284,86.0,,1835.0,66.0,41.0,18.58,26.0,27.0
241713.315000064,86.0,,2108.0,71.0,40.0,21.11,25.0,27.0
241721.328,85.0,,2079.0,69.0,41.0,15.02,20.0,27.0
241729.35399987202,84.0,,2016.0,64.0,41.0,18.27,23.0,27.0
241737.38099993602,84.0,,1867.0,65.0,41.0,17.88,25.0,27.0
241745.42,84.0,,1717.0,48.0,42.0,3.05,13.0,27.0
241753.444999936,84.0,,773.0,5.0,42.0,3.91,14.0,27.0
241761.47600000002,86.0,,746.0,0.0,42.0,3.8,14.0,27.0
241769.496999936,87.0,,745.0,0.0,43.0,2.86,13.0,27.0
241777.50599987202,87.0,,773.0,0.0,44.0,3.91,14.0,27.0
241785.536999936,87.0,,1164.0,14.0,45.0,7.58,17.0,27.0
241793.56300006402,86.0,,1486.0,35.0,45.0,3.97,14.0,27.0
241801.59799987203,84.0,,2077.0,42.0,45.0,4.63,13.0,27.0
241809.63600000003,84.0,,1694.0,48.0,45.0,13.38,20.0,27.0
241817.678999808,84.0,,1748.0,41.0,45.0,3.91,13.0,27.0
241825.697999872,84.0,,1265.0,35.0,45.0,8.47,17.0,27.0
241833.72300006403,85.0,,1371.0,36.0,45.0,2.72,13.0,27.0
241841.732999936,85.0,,695.0,25.0,45.0,4.58,14.0,27.0
241849.75899980802,86.0,,766.0,8.0,45.0,4.02,14.0,27.0
241857.784999936,87.0,,894.0,12.0,46.0,2.38,13.0,27.0
241865.828,86.0,,1366.0,13.0,48.0,4.36,14.0,27.0
241873.849999872,86.0,,1539.0,24.0,49.0,9.44,18.0,27.0
241881.891000064,84.0,,872.0,12.0,50.0,3.02,13.0,27.0
241889.91899980803,84.0,,1534.0,15.0,52.0,5.36,14.0,27.0
241897.948,86.0,,702.0,10.0,53.0,5.19,15.0,27.0
241905.97399987202,87.0,,894.0,8.0,53.0,5.33,15.0,27.0
241914.006999808,87.0,,897.0,1.0,54.0,4.52,15.0,27.0
241922.035000064,87.0,,705.0,0.0,55.0,2.86,13.0,27.0
346695.69200000004,86.0,,2041.0,66.0,32.0,21.55,27.0,28.0
346699.69799987203,86.0,,1986.0,,33.0,20.88,26.0,28.0
346707.75200000004,86.0,,1983.0,66.0,33.0,15.44,20.0,28.0
346711.763000064,85.0,,771.0,,34.0,2.55,13.0,28.0
346719.78700006404,86.0,,781.0,48.0,34.0,2.72,13.0,28.0
346727.80000000005,87.0,,746.0,25.0,34.0,2.61,13.0,28.0
346735.832,86.0,,1661.0,34.0,33.0,17.77,24.0,28.0
346743.864,86.0,,1583.0,42.0,33.0,12.19,20.0,28.0
346751.892999936,86.0,,1912.0,56.0,34.0,20.13,26.0,28.0
346759.929999872,86.0,,1965.0,71.0,33.0,17.58,22.0,28.0
346767.944,85.0,,2060.0,70.0,33.0,3.91,14.0,28.0
346775.96099993604,84.0,,2156.0,72.0,33.0,16.58,21.0,28.0
346784.016999936,85.0,,1904.0,61.0,32.0,19.77,26.0,28.0
346792.046999808,86.0,,1737.0,57.0,32.0,18.27,26.0,28.0
346800.097999872,87.0,,1760.0,62.0,33.0,18.19,26.0,28.0
346808.10999987205,86.0,,2072.0,72.0,33.0,14.66,20.0,28.0
346816.139000064,83.0,,2184.0,76.0,33.0,4.75,14.0,28.0
346824.187000064,83.0,,2305.0,79.0,33.0,13.13,19.0,28.0
346832.20800000004,84.0,,2348.0,79.0,33.0,10.36,18.0,28.0
346840.236999936,84.0,,2350.0,77.0,32.0,19.69,23.0,28.0
346848.28,85.0,,2329.0,77.0,32.0,15.72,20.0,28.0
346856.30599987204,85.0,,1868.0,59.0,33.0,3.38,13.0,28.0
346864.31500006403,84.0,,1832.0,58.0,33.0,3.3,13.0,28.0
346872.35299993603,84.0,,1304.0,29.0,33.0,2.25,12.0,28.0
346880.369999872,84.0,,804.0,0.0,33.0,2.61,13.0,28.0
346888.389999872,84.0,,744.0,0.0,34.0,2.63,13.0,28.0
346892.403000064,85.0,,1597.0,17.0,35.0,13.63,21.0,28.0
346900.429999872,85.0,,1439.0,21.0,36.0,14.19,48.0,28.0
346908.45499980805,86.0,,1500.0,41.0,36.0,19.77,47.0,28.0
346916.48599987203,86.0,,1823.0,54.0,36.0,18.88,25.0,28.0
346924.49600000004,86.0,,1203.0,65.0,36.0,15.22,22.0,28.0
346932.532,85.0,,2012.0,65.0,36.0,3.94,14.0,28.0
346940.541999872,84.0,,2013.0,63.0,36.0,21.41,27.0,28.0
346948.557999872,84.0,,1761.0,47.0,36.0,3.91,14.0,28.0
346956.592999936,84.0,,1028.0,34.0,36.0,2,12.0,28.0
346964.617999872,84.0,,1150.0,27.0,36.0,2.16,12.0,28.0
346972.65100006404,85.0,,1055.0,48.0,36.0,11.83,46.0,28.0
346980.68899993604,86.0,,1835.0,65.0,36.0,19.27,26.0,28.0
346988.72099993605,84.0,,1940.0,68.0,36.0,3.52,13.0,28.0
346996.74000000005,82.0,,2097.0,74.0,36.0,14.88,20.0,28.0
347004.772,82.0,,2123.0,64.0,36.0,14.8,20.0,28.0
347012.79299993603,84.0,,1632.0,55.0,35.0,2.77,13.0,28.0
347020.825999872,85.0,,1914.0,69.0,34.0,22.61,54.0,28.0
347028.860999936,85.0,,2033.0,49.0,35.0,3.8,13.0,28.0
347036.88499993604,84.0,,1348.0,41.0,35.0,8.61,16.0,28.0
347044.896999936,85.0,,741.0,0.0,35.0,2.69,13.0,28.0
347052.926999808,86.0,,1140.0,17.0,36.0,8.41,18.0,28.0
347060.93299993605,86.0,,1321.0,39.0,36.0,15.86,37.0,28.0
347068.953999872,86.0,,1505.0,40.0,36.0,14.77,20.0,28.0
347076.977999872,86.0,,1487.0,39.0,36.0,4.69,13.0,28.0
347084.98599987203,85.0,,1427.0,46.0,36.0,11.55,19.0,28.0
347093.003000064,85.0,,1823.0,47.0,36.0,9.72,15.0,28.0
347101.032999936,84.0,,1592.0,42.0,36.0,3.55,13.0,28.0
347109.05900006404,84.0,,986.0,16.0,37.0,1.88,12.0,28.0
347117.10400000005,84.0,,1288.0,29.0,36.0,2.61,13.0,28.0
347125.110999808,85.0,,1827.0,43.0,36.0,16.55,23.0,28.0
347133.12,86.0,,1756.0,46.0,36.0,14.52,20.0,28.0
347141.14499993605,85.0,,1229.0,15.0,37.0,3.13,13.0,28.0
347149.15099980804,86.0,,1459.0,12.0,37.0,7.63,17.0,28.0
347157.18199987203,85.0,,1798.0,21.0,39.0,4.22,13.0,28.0
347165.196999936,86.0,,787.0,10.0,39.0,2.66,12.0,28.0
347173.22000000003,86.0,,733.0,0.0,39.0,2.02,12.0,28.0
347181.23299993604,86.0,,748.0,0.0,39.0,2.02,12.0,28.0
347189.268999936,86.0,,756.0,0.0,39.0,2.05,12.0,28.0
347197.307000064,86.0,,753.0,0.0,40.0,2,12.0,28.0
347205.316999936,86.0,,755.0,0.0,40.0,2.05,12.0,28.0
347213.339000064,86.0,,1319.0,12.0,40.0,6.75,16.0,28.0
347221.361999872,86.0,,1404.0,19.0,42.0,2.52,13.0,28.0
347229.36899993604,86.0,,726.0,14.0,42.0,3.19,13.0,28.0
347237.428,87.0,,2103.0,33.0,43.0,12,19.0,28.0
347245.43899980804,87.0,,1398.0,26.0,43.0,7.13,17.0,28.0
347253.445999872,87.0,,803.0,13.0,43.0,2.69,13.0,28.0
347261.45799987204,87.0,,1357.0,16.0,44.0,8.77,17.0,28.0
347269.47399987205,87.0,,1241.0,16.0,44.0,6.5,17.0,28.0
347277.48300006404,87.0,,834.0,8.0,44.0,2.55,13.0,28.0
347285.49900006404,87.0,,741.0,0.0,45.0,2.66,13.0,28.0
360619.056999936,72.0,,1130.0,26.0,31.0,2.8,13.0,28.0
360627.064,72.0,,831.0,0.0,31.0,2.83,13.0,28.0
360635.07799987204,72.0,,793.0,0.0,32.0,2.77,13.0,28.0
360643.108999936,72.0,,810.0,0.0,32.0,2.66,13.0,28.0
360651.115000064,73.0,,826.0,14.0,32.0,2.66,13.0,28.0
360659.147000064,75.0,,1632.0,42.0,30.0,12.63,19.0,28.0
360667.165999872,76.0,,1822.0,38.0,30.0,3.41,13.0,28.0
360675.19799987203,76.0,,914.0,11.0,31.0,2,13.0,28.0
360683.228,77.0,,944.0,3.0,31.0,3.08,13.0,28.0
360691.240999936,78.0,,768.0,0.0,32.0,2.13,12.0,28.0
361264.056999936,69.0,,1794.0,0.0,36.0,5.66,15.0,28.0
361272.996999936,78.0,,2031.0,71.0,33.0,12.63,20.0,28.0
361301.77100006404,81.0,,2086.0,69.0,32.0,19.83,24.0,28.0
361309.77699993603,85.0,,2290.0,78.0,30.0,13.27,19.0,28.0
361317.792,84.0,,2347.0,79.0,30.0,13.13,20.0,28.0
361325.800999936,84.0,,2249.0,74.0,30.0,16.08,21.0,28.0
361344.08,84.0,,2247.0,78.0,30.0,7.27,16.0,28.0
361360.044,84.0,,2310.0,76.0,30.0,13.13,18.0,28.0
361418.571000064,84.0,,2216.0,74.0,29.0,11.86,18.0,28.0
361469.71099980804,84.0,,2273.0,77.0,29.0,14.69,20.0,28.0
361492.048,83.0,,1575.0,54.0,29.0,3.88,13.0,28.0
361503.861999872,86.0,,1927.0,70.0,28.0,19.33,24.0,28.0
361515.04000000004,85.0,,2189.0,74.0,29.0,15.94,20.0,28.0
361534.692999936,84.0,,2138.0,71.0,29.0,7.41,16.0,28.0
361538.70199987205,84.0,,1921.0,,30.0,3.47,13.0,28.0
361599.572999936,83.0,,1743.0,53.0,30.0,3.16,13.0,28.0
361607.58,85.0,,1543.0,36.0,30.0,17.72,36.0,28.0
361611.585999872,86.0,,1711.0,,30.0,16.72,23.0,28.0
361619.596,86.0,,709.0,38.0,30.0,2.5,13.0,28.0
361623.60300006403,87.0,,779.0,13.0,30.0,2.52,13.0,28.0
361627.611000064,87.0,,1382.0,26.0,30.0,17.08,48.0,28.0
361631.61900006403,86.0,,1499.0,37.0,30.0,17.8,35.0,28.0
361635.62899993605,86.0,,1016.0,,30.0,2.36,12.0,28.0
361652.15099980804,86.0,,813.0,15.0,30.0,2.27,12.0,28.0
361677.46,85.0,,1281.0,14.0,31.0,2.25,12.0,28.0
361709.35299993603,85.0,,1677.0,22.0,32.0,2.91,13.0,28.0
361749.224999936,85.0,,796.0,23.0,32.0,2.52,13.0,28.0
361787.048,86.0,,1074.0,19.0,33.0,2.55,13.0,28.0
361888.592,84.0,,700.0,33.0,33.0,2.52,13.0,28.0
361903.84699980804,86.0,,1636.0,48.0,33.0,13.36,20.0,28.0
361907.85299993603,85.0,,1446.0,,33.0,16.69,48.0,28.0
361915.864999936,85.0,,1562.0,39.0,33.0,18.55,30.0,28.0
361919.875000064,86.0,,1708.0,,33.0,17.55,24.0,28.0
361927.888999936,86.0,,1734.0,41.0,33.0,3.05,13.0,28.0
361935.896,85.0,,983.0,20.0,34.0,1.97,12.0,28.0
361939.912,86.0,,1054.0,,33.0,11.63,28.0,28.0
361947.92300006404,86.0,,1322.0,23.0,33.0,4.33,14.0,28.0
361955.934999808,86.0,,1506.0,29.0,33.0,7.72,17.0,28.0
361959.94199987204,85.0,,1468.0,,33.0,7.63,17.0,28.0
361992.702999808,84.0,,1477.0,28.0,33.0,4.22,14.0,28.0
362000.71099980804,85.0,,955.0,19.0,34.0,9.3,20.0,28.0
362004.717999872,85.0,,2306.0,,34.0,5.05,15.0,28.0
362025.958999808,85.0,,735.0,28.0,35.0,2.8,13.0,28.0
362029.965999872,87.0,,795.0,,36.0,2.58,13.0,28.0
362045.624,87.0,,1107.0,6.0,36.0,5.16,15.0,28.0
362062.788,86.0,,1281.0,11.0,36.0,2.75,13.0,28.0
362076.620999936,86.0,,735.0,5.0,37.0,2.33,12.0,28.0
362084.686999808,87.0,,794.0,0.0,38.0,2.38,13.0,28.0
362093.006999808,87.0,,552.0,0.0,39.0,,12.0,28.0
391753.98000000004,84.0,,1172.0,19.0,30.0,2.58,13.0,26.0
391757.984999936,84.0,,762.0,,30.0,2.33,12.0,26.0
391766.005999872,84.0,,789.0,11.0,30.0,2.08,12.0,26.0
391770.016999936,84.0,,993.0,22.0,30.0,11.27,21.0,26.0
391774.02099993604,84.0,,985.0,,30.0,2.08,13.0,26.0
391782.044999936,84.0,,890.0,7.0,30.0,2.3,12.0,26.0
391790.06499993603,84.0,,1731.0,30.0,31.0,3.75,14.0,26.0
391798.096,84.0,,1911.0,40.0,31.0,7.38,16.0,26.0
391806.120999936,84.0,,1853.0,28.0,32.0,3.3,13.0,26.0
391814.161999872,84.0,,1022.0,9.0,32.0,2.08,12.0,26.0
391822.21399987204,84.0,,1271.0,29.0,32.0,16.05,48.0,26.0
391830.248,84.0,,1798.0,33.0,33.0,7.8,17.0,26.0
391838.27799987205,84.0,,726.0,25.0,33.0,2.38,12.0,26.0
391846.28699980804,84.0,,1807.0,38.0,33.0,19.63,27.0,26.0
391850.30299980805,84.0,,1585.0,,33.0,9.72,18.0,26.0
391854.31200000003,85.0,,2232.0,41.0,33.0,25.22,29.0,26.0
391862.33200000005,84.0,,2410.0,37.0,33.0,4.58,14.0,26.0
391870.34999987204,84.0,,757.0,27.0,33.0,9.27,45.0,26.0
391878.373999872,84.0,,2182.0,51.0,33.0,26.33,23.0,26.0
391886.39399987203,85.0,,1810.0,64.0,33.0,18.91,24.0,26.0
391894.414999808,86.0,,2092.0,71.0,33.0,9.88,18.0,26.0
391902.45200000005,84.0,,1978.0,62.0,34.0,3.75,13.0,26.0
391910.486999808,82.0,,1701.0,48.0,34.0,3,13.0,26.0
391918.516,83.0,,1545.0,59.0,33.0,16.58,26.0,26.0
391926.537999872,84.0,,2067.0,77.0,32.0,26.33,55.0,26.0
391934.571000064,86.0,,2524.0,88.0,32.0,25.8,28.0,26.0
391942.576,84.0,,2564.0,85.0,32.0,16.83,21.0,26.0
391950.60000000003,84.0,,2522.0,84.0,33.0,11,18.0,26.0
391958.612,84.0,,2380.0,80.0,33.0,11.94,18.0,26.0
391962.61600000004,84.0,,1798.0,,33.0,15.22,21.0,26.0
391966.64499993605,84.0,,1698.0,56.0,33.0,17.91,25.0,26.0
391974.676999936,85.0,,1818.0,59.0,33.0,4,14.0,26.0
391982.69200000004,84.0,,1936.0,69.0,33.0,6.08,15.0,26.0
391990.7,84.0,,2036.0,73.0,33.0,19.97,25.0,26.0
391998.731000064,84.0,,2229.0,76.0,32.0,15.72,21.0,26.0
392006.772,84.0,,2158.0,67.0,33.0,4.88,15.0,26.0
392014.816999936,84.0,,1825.0,67.0,33.0,19.11,25.0,26.0
392022.83200000005,84.0,,2088.0,70.0,33.0,21.08,24.0,26.0
392030.86000000004,84.0,,1505.0,42.0,33.0,2.72,13.0,26.0
392038.896999936,84.0,,1262.0,40.0,33.0,3.94,14.0,26.0
392046.915000064,84.0,,936.0,22.0,34.0,1.94,12.0,26.0
392054.963000064,84.0,,784.0,19.0,34.0,2.5,13.0,26.0
392063.0,85.0,,732.0,6.0,34.0,2.38,13.0,26.0
392071.00599987205,85.0,,860.0,0.0,34.0,2.52,13.0,26.0
392079.044999936,85.0,,765.0,0.0,35.0,2.55,13.0,26.0
392087.05299993604,85.0,,751.0,0.0,35.0,2.58,13.0,26.0
392095.09699993604,85.0,,758.0,0.0,36.0,2.58,13.0,26.0
392103.145999872,85.0,,756.0,0.0,36.0,2.55,13.0,26.0
392111.165999872,85.0,,763.0,0.0,36.0,2.52,13.0,26.0
392119.19200000004,85.0,,768.0,0.0,36.0,2.52,13.0,26.0
392127.224999936,85.0,,747.0,0.0,37.0,2.5,13.0,26.0
392135.23699993605,85.0,,757.0,0.0,37.0,2.5,13.0,26.0
392143.249999872,85.0,,744.0,0.0,37.0,2.47,13.0,26.0
392151.25499980804,86.0,,782.0,0.0,38.0,2.75,13.0,26.0
392159.283000064,85.0,,1845.0,21.0,39.0,3.36,13.0,26.0
392167.344999936,85.0,,725.0,20.0,39.0,2.44,13.0,26.0
392175.36300006404,86.0,,738.0,0.0,39.0,2.38,12.0,26.0
392183.39799987205,86.0,,752.0,0.0,39.0,2.55,13.0,26.0
392191.42899993603,86.0,,756.0,0.0,40.0,2.63,13.0,26.0
392199.477999872,86.0,,745.0,0.0,40.0,2.55,13.0,26.0
392207.50899993605,86.0,,767.0,0.0,41.0,2.55,13.0,26.0
392215.52800000005,86.0,,762.0,0.0,41.0,2.55,13.0,26.0
392223.56899993605,86.0,,767.0,0.0,42.0,2.52,13.0,26.0
392231.57499980804,87.0,,746.0,0.0,42.0,2.55,13.0,26.0
392239.600999936,87.0,,760.0,0.0,42.0,2.55,13.0,26.0
392247.63200000004,87.0,,767.0,0.0,42.0,2.52,13.0,26.0
392255.665999872,87.0,,750.0,0.0,43.0,2.52,13.0,26.0
392263.67600000004,88.0,,733.0,1.0,43.0,2.72,13.0,26.0
392271.69900006405,89.0,,1199.0,15.0,44.0,9.3,18.0,26.0
392279.733999872,90.0,,1081.0,28.0,45.0,11.36,23.0,26.0
392287.76199987205,90.0,,1096.0,37.0,45.0,12.5,22.0,26.0
392295.78099993605,90.0,,1448.0,38.0,46.0,2.66,13.0,26.0
392303.816999936,90.0,,1123.0,27.0,46.0,2.52,13.0,26.0
392311.83399987203,90.0,,755.0,7.0,46.0,2.47,13.0,26.0
392319.86299980804,90.0,,910.0,22.0,47.0,8.58,19.0,26.0
392327.899000064,92.0,,1337.0,43.0,48.0,13.47,23.0,26.0
392335.928,91.0,,1373.0,43.0,48.0,3.11,13.0,26.0
392343.95200000005,89.0,,1034.0,6.0,48.0,2.05,12.0,26.0
392351.980999936,88.0,,750.0,0.0,48.0,2.66,13.0,26.0
392359.98999987205,89.0,,1519.0,24.0,48.0,2.94,22.0,26.0
392368.00899993605,90.0,,2239.0,47.0,48.0,5.3,28.0,26.0
392376.05299993604,89.0,,2204.0,63.0,46.0,25.94,55.0,26.0
392384.07799987204,88.0,,2121.0,70.0,45.0,24.16,33.0,26.0
392392.08800000005,85.0,,1988.0,65.0,46.0,13.25,19.0,26.0
392400.117999872,85.0,,2164.0,80.0,45.0,25.41,55.0,26.0
392408.13900006405,84.0,,2586.0,91.0,44.0,26.47,29.0,26.0
392416.14400000003,82.0,,2764.0,95.0,43.0,17.77,21.0,26.0
392424.16099993605,81.0,,2789.0,95.0,43.0,5.16,15.0,26.0
392432.189999872,80.0,,2789.0,94.0,44.0,5.27,15.0,26.0
392440.23600000003,79.0,,2740.0,91.0,44.0,5.13,15.0,26.0
392448.249999872,79.0,,2693.0,90.0,44.0,5.08,15.0,26.0
392456.28400000004,81.0,,2544.0,80.0,43.0,4.83,15.0,26.0
392464.307000064,82.0,,2514.0,84.0,39.0,25.88,28.0,26.0
392472.332999936,84.0,,2578.0,90.0,37.0,31.05,58.0,26.0
392480.366999808,84.0,,2783.0,95.0,36.0,33.91,66.0,26.0
392488.46800000005,83.0,,2840.0,94.0,36.0,34,66.0,26.0
392496.497999872,81.0,,2624.0,78.0,37.0,4.97,15.0,26.0
392500.52999987203,81.0,,1949.0,,39.0,3.5,13.0,26.0
392508.552,81.0,,1045.0,25.0,39.0,2.61,13.0,26.0
392516.592,83.0,,766.0,7.0,39.0,2.61,13.0,26.0
392524.620999936,84.0,,2054.0,39.0,39.0,4.58,13.0,26.0
392532.659000064,86.0,,1761.0,54.0,38.0,19.69,29.0,26.0
392540.696999936,86.0,,1632.0,58.0,38.0,3.5,13.0,26.0
392548.71099980804,84.0,,1892.0,59.0,39.0,3.97,14.0,26.0
392556.749999872,84.0,,1577.0,53.0,39.0,5.55,15.0,26.0
392564.76,84.0,,1680.0,57.0,39.0,6.02,16.0,26.0
392572.779000064,85.0,,1715.0,54.0,38.0,17.86,25.0,26.0
392580.81200000003,86.0,,1577.0,48.0,38.0,15.52,23.0,26.0
392588.83799987205,86.0,,1829.0,50.0,39.0,14.3,20.0,26.0
392596.864999936,86.0,,2026.0,59.0,40.0,12.44,19.0,26.0
392604.88499993604,85.0,,1867.0,66.0,40.0,3.33,13.0,26.0
392612.937999872,84.0,,2202.0,64.0,40.0,5.58,15.0,26.0
392620.958999808,83.0,,1591.0,47.0,40.0,2.77,13.0,26.0
392628.96999987203,83.0,,1289.0,37.0,40.0,11.5,19.0,26.0
392637.00800000003,84.0,,1023.0,16.0,41.0,2.08,12.0,26.0
392641.013999872,85.0,,812.0,18.0,41.0,9.13,16.0,26.0
392649.028999936,85.0,,1376.0,24.0,41.0,3.11,13.0,26.0
392657.036,85.0,,1903.0,44.0,42.0,22.58,53.0,26.0
392665.06499993603,85.0,,1445.0,11.0,42.0,2.61,13.0,26.0
392673.096,86.0,,1120.0,11.0,42.0,8.02,17.0,26.0
392681.12499993603,87.0,,729.0,11.0,43.0,4.22,15.0,26.0
392689.152,87.0,,829.0,9.0,43.0,4.16,14.0,26.0
392697.19500006404,87.0,,908.0,0.0,44.0,2.08,12.0,26.0
392705.20499993605,87.0,,746.0,0.0,44.0,2.66,13.0,26.0
392719.62599987205,87.0,,775.0,0.0,45.0,2.61,13.0,26.0
392723.636,87.0,,768.0,,45.0,2.52,13.0,26.0
392727.64199987205,87.0,,781.0,0.0,45.0,2.5,13.0,26.0
392735.654999808,87.0,,752.0,0.0,45.0,2.47,13.0,26.0
392743.668999936,88.0,,880.0,0.0,46.0,3.44,13.0,26.0
392762.42000000004,88.0,,1230.0,12.0,47.0,6.3,16.0,26.0
392766.42599987204,90.0,,744.0,,48.0,2.8,13.0,26.0
392776.702999808,90.0,,747.0,0.0,48.0,2.5,13.0,26.0
392787.292,90.0,,757.0,0.0,48.0,2.58,13.0,26.0
392795.297999872,92.0,,1006.0,5.0,49.0,11.66,48.0,26.0
392807.56300006405,92.0,,1220.0,11.0,50.0,8.77,18.0,26.0
392815.68000000005,94.0,,756.0,4.0,51.0,2.8,13.0,26.0
392829.416,94.0,,1604.0,0.0,51.0,6.97,16.0,26.0
392837.421999872,96.0,,1249.0,1.0,53.0,7.13,17.0,26.0
392855.262999808,97.0,,963.0,7.0,54.0,6.27,16.0,26.0
392896.262999808,99.0,,823.0,5.0,54.0,3.33,13.0,26.0
392907.56899993605,93.0,,1389.0,18.0,60.0,10.69,19.0,26.0
392915.595000064,94.0,,1558.0,48.0,59.0,9.8,18.0,26.0
392935.56899993605,93.0,,1568.0,50.0,55.0,18.72,49.0,26.0
392953.56199987204,92.0,,1598.0,49.0,54.0,18.52,49.0,26.0
392961.576,90.0,,833.0,0.0,54.0,2.66,13.0,26.0
392969.59099980805,90.0,,762.0,0.0,54.0,2.41,13.0,26.0
392977.600999936,91.0,,1733.0,23.0,55.0,3.02,13.0,26.0
392988.81600000005,93.0,,1481.0,45.0,55.0,2.94,21.0,26.0
393006.212,90.0,,1417.0,35.0,54.0,2.55,13.0,26.0
393022.032,91.0,,1261.0,23.0,55.0,2.69,13.0,26.0
393032.649999872,92.0,,1630.0,29.0,56.0,3.13,13.0,26.0
393066.073999872,92.0,,1176.0,31.0,55.0,2.08,12.0,26.0
393070.081999872,89.0,,1861.0,,54.0,3.41,13.0,26.0
393078.12300006405,89.0,,740.0,11.0,54.0,2.41,13.0,26.0
393088.13200000004,89.0,,1119.0,6.0,54.0,2.11,12.0,26.0
393104.62499993603,90.0,,835.0,19.0,54.0,2.38,13.0,26.0
393149.60300006403,91.0,,882.0,13.0,56.0,2.08,12.0,26.0
393167.568,90.0,,1110.0,9.0,56.0,2.05,12.0,26.0
393196.477999872,89.0,,739.0,22.0,56.0,2.52,13.0,26.0
393204.494999808,90.0,,778.0,0.0,57.0,2.22,12.0,26.0
393212.509999872,90.0,,756.0,0.0,57.0,2.16,12.0,26.0
393229.581999872,91.0,,745.0,0.0,57.0,2.19,12.0,26.0
393237.59099980805,93.0,,751.0,0.0,58.0,2.11,12.0,26.0
393246.926999808,93.0,,792.0,0.0,58.0,2.11,12.0,26.0
393259.82499993604,94.0,,740.0,0.0,59.0,1.97,12.0,26.0
393279.571000064,95.0,,739.0,0.0,60.0,2.02,12.0,26.0
393287.58499993605,96.0,,756.0,0.0,60.0,2.02,12.0,26.0
393295.60000000003,96.0,,744.0,0.0,60.0,2,12.0,26.0
393303.87200000003,96.0,,773.0,0.0,60.0,2.05,12.0,26.0
393323.883000064,98.0,,931.0,13.0,61.0,3.52,13.0,26.0
449465.49600000004,84.0,,2265.0,,31.0,14.97,20.0,28.0
449469.50499993603,84.0,,2321.0,80.0,31.0,16.05,20.0,28.0
449477.518999808,84.0,,2387.0,79.0,30.0,18.8,22.0,28.0
449489.537999872,85.0,,2276.0,72.0,31.0,4.66,14.0,28.0
449497.548,84.0,,2025.0,62.0,32.0,3.83,14.0,28.0
449501.56499993603,83.0,,1569.0,51.0,32.0,4.91,15.0,28.0
449509.60300006403,83.0,,1515.0,52.0,31.0,4.72,15.0,28.0
449517.65799987206,84.0,,1681.0,59.0,30.0,13.52,20.0,28.0
449525.705999872,86.0,,1834.0,63.0,30.0,17.97,24.0,28.0
449533.747000064,86.0,,2087.0,72.0,30.0,17.63,22.0,28.0
449537.764,85.0,,2192.0,,30.0,15.41,20.0,28.0
449545.779000064,84.0,,2227.0,75.0,30.0,13,19.0,28.0
449553.78700006404,84.0,,2229.0,75.0,30.0,10.86,18.0,28.0
449561.79600000003,84.0,,2268.0,76.0,30.0,9.02,17.0,28.0
449565.804,84.0,,2143.0,,30.0,3.94,14.0,28.0
449573.81299993605,84.0,,1952.0,58.0,31.0,3.5,13.0,28.0
449577.81900006405,83.0,,1540.0,,30.0,6.88,15.0,28.0
449581.84999987204,83.0,,1555.0,52.0,30.0,14.86,22.0,28.0
449589.88499993604,84.0,,1717.0,62.0,30.0,17.94,25.0,28.0
449597.90999987203,85.0,,1870.0,57.0,30.0,3.44,13.0,28.0
449605.92999987205,84.0,,1465.0,43.0,30.0,2.58,13.0,28.0
449613.94199987204,84.0,,842.0,41.0,30.0,9.38,21.0,28.0
449621.972,84.0,,1231.0,50.0,30.0,2.66,13.0,28.0
449629.977999872,85.0,,1384.0,18.0,30.0,2.44,13.0,28.0
449637.990999808,86.0,,1208.0,25.0,30.0,14.83,48.0,28.0
449646.00199987204,86.0,,1281.0,33.0,30.0,8.63,17.0,28.0
449663.624,87.0,,724.0,24.0,30.0,8.25,31.0,28.0
449685.249999872,86.0,,893.0,24.0,31.0,9.83,48.0,28.0
449693.268999936,85.0,,1770.0,24.0,32.0,3.38,13.0,28.0
449701.28,85.0,,986.0,24.0,32.0,11.02,48.0,28.0
449705.285999872,85.0,,1406.0,,32.0,15.3,24.0,28.0
449713.292,86.0,,1849.0,47.0,32.0,4.55,14.0,28.0
449717.29699993605,86.0,,995.0,,33.0,2.38,12.0,28.0
449747.569999872,86.0,,775.0,11.0,33.0,2.66,13.0,28.0
449777.21100006404,86.0,,1345.0,35.0,33.0,15.72,24.0,28.0
449781.21799987205,86.0,,1130.0,52.0,33.0,12.44,20.0,28.0
449807.645999872,86.0,,1574.0,51.0,33.0,9.05,17.0,28.0
449837.74299980805,84.0,,665.0,19.0,33.0,4,15.0,28.0
449866.571000064,85.0,,1403.0,45.0,33.0,5.27,15.0,28.0
449879.861999872,86.0,,1240.0,8.0,33.0,2.25,13.0,28.0
449902.078999808,86.0,,1414.0,39.0,33.0,18.22,20.0,28.0
449931.74599987204,86.0,,1780.0,36.0,33.0,6.75,24.0,28.0
449939.75299993606,85.0,,855.0,26.0,33.0,7.88,18.0,28.0
449947.75899980805,86.0,,810.0,27.0,33.0,8.61,19.0,28.0
449958.444,86.0,,1062.0,28.0,34.0,6.47,17.0,28.0
449980.38499993604,86.0,,1107.0,24.0,34.0,3.83,14.0,28.0
449984.39099980803,86.0,,1471.0,,33.0,8.08,17.0,28.0
449992.404999936,86.0,,1284.0,23.0,34.0,2.3,12.0,28.0
450000.412,86.0,,1078.0,28.0,33.0,6.22,16.0,28.0
450008.42999987205,86.0,,1460.0,35.0,34.0,7.5,17.0,28.0
450019.47099980805,86.0,,460.0,3.0,34.0,4.11,15.0,28.0
450027.47699993604,86.0,,742.0,0.0,36.0,2.44,13.0,28.0
450035.488,86.0,,772.0,2.0,36.0,2.52,13.0,28.0
450071.356,86.0,,892.0,13.0,36.0,2.19,13.0,28.0
450079.36300006404,86.0,,772.0,1.0,38.0,2.52,13.0,28.0
450965.691000064,80.0,,990.0,0.0,48.0,2.91,13.0,28.0
450977.750999808,79.0,,878.0,1.0,46.0,2.66,13.0,28.0
450985.768999936,80.0,,1162.0,9.0,46.0,8.08,19.0,28.0
450993.80000000005,81.0,,577.0,17.0,47.0,8.36,49.0,28.0
451001.820999936,82.0,,933.0,5.0,47.0,2,12.0,28.0
451009.836,83.0,,1273.0,16.0,47.0,4.83,14.0,28.0
451017.87200000003,84.0,,792.0,1.0,48.0,2.36,12.0,28.0
451025.884,85.0,,877.0,9.0,48.0,5.44,16.0,28.0
451036.65699993604,86.0,,958.0,18.0,48.0,7.63,17.0,28.0
451066.14800000004,86.0,,739.0,13.0,47.0,2.44,12.0,28.0
451086.004,85.0,,1333.0,47.0,44.0,2.72,13.0,28.0
451094.32,85.0,,1258.0,26.0,44.0,8.13,17.0,28.0
451098.325999872,84.0,,1431.0,,44.0,9.69,18.0,28.0
451106.34099993604,85.0,,1105.0,27.0,45.0,3.27,13.0,28.0
451114.358999808,85.0,,966.0,30.0,43.0,9.05,19.0,28.0
451122.364,86.0,,934.0,26.0,43.0,11.58,27.0,28.0
451130.36899993604,86.0,,1402.0,42.0,42.0,14.61,22.0,28.0
451138.37600000005,86.0,,1103.0,44.0,42.0,2.88,13.0,28.0
451146.38899993605,86.0,,718.0,23.0,43.0,2.58,13.0,28.0
451154.608,86.0,,1397.0,27.0,42.0,17,33.0,28.0
451162.744,86.0,,1415.0,45.0,40.0,12.8,20.0,28.0
451166.749999872,86.0,,1657.0,,42.0,2.88,13.0,28.0
451175.11600000004,85.0,,836.0,5.0,42.0,2.77,13.0,28.0
451183.12899993605,85.0,,1493.0,31.0,42.0,2.61,13.0,28.0
451191.13900006405,86.0,,743.0,33.0,42.0,2.61,13.0,28.0
451222.44,87.0,,736.0,18.0,42.0,2.66,13.0,28.0
451226.449999872,86.0,,1485.0,45.0,40.0,3.3,13.0,28.0
451234.45799987204,85.0,,1322.0,29.0,41.0,2.27,12.0,28.0
451238.46800000005,84.0,,523.0,22.0,41.0,10.38,34.0,28.0
451246.50899993605,84.0,,1819.0,31.0,40.0,3.22,13.0,28.0
451254.537999872,86.0,,1418.0,43.0,39.0,15.05,24.0,28.0
451262.54400000005,86.0,,1219.0,39.0,39.0,2.8,14.0,28.0
451266.553999872,87.0,,1100.0,,39.0,2.19,12.0,28.0
451274.56599987205,87.0,,1355.0,44.0,39.0,14.22,24.0,28.0
451282.576,86.0,,1775.0,42.0,39.0,3.44,13.0,28.0
451290.611000064,84.0,,1505.0,40.0,39.0,14.38,22.0,28.0
451298.61900006403,84.0,,712.0,26.0,39.0,2.94,13.0,28.0
451302.64099993603,85.0,,1216.0,,39.0,2.25,12.0,28.0
451310.646999808,85.0,,1276.0,28.0,39.0,15.13,48.0,28.0
451314.654999808,85.0,,1786.0,,39.0,3.27,13.0,28.0
451322.68199987203,85.0,,1359.0,38.0,39.0,15.94,35.0,28.0
451330.688,85.0,,1630.0,35.0,39.0,3.88,14.0,28.0
451334.69499980804,85.0,,738.0,,39.0,2.5,13.0,28.0
451342.705999872,86.0,,1579.0,31.0,39.0,15.3,24.0,28.0
451350.71699993603,86.0,,1308.0,9.0,39.0,2.52,12.0,28.0
451354.72699980804,86.0,,1448.0,,39.0,10,24.0,28.0
451362.737999872,86.0,,1869.0,42.0,39.0,5.97,15.0,28.0
451366.747000064,86.0,,1884.0,,39.0,5.47,14.0,28.0
451374.788,86.0,,1687.0,31.0,39.0,2.97,13.0,28.0
451382.86000000004,85.0,,1153.0,25.0,39.0,12.52,25.0,28.0
451390.899000064,86.0,,1968.0,37.0,40.0,7.36,15.0,28.0
451398.90999987203,87.0,,782.0,14.0,40.0,2.86,13.0,28.0
451406.91699993605,87.0,,1523.0,37.0,40.0,15.83,24.0,28.0
451415.04000000004,85.0,,1344.0,36.0,40.0,11.55,20.0,28.0
451423.08199987205,85.0,,719.0,39.0,41.0,2.77,13.0,28.0
451427.089999872,86.0,,739.0,,41.0,2.72,13.0,28.0
451435.10099993605,87.0,,899.0,26.0,41.0,10.63,48.0,28.0
451443.136999936,86.0,,2113.0,47.0,41.0,4.33,14.0,28.0
451451.14400000003,86.0,,1587.0,58.0,39.0,16.16,23.0,28.0
451459.16000000003,85.0,,1869.0,64.0,39.0,10.97,18.0,28.0
451467.18199987203,84.0,,1851.0,58.0,39.0,3.36,13.0,28.0
451475.21100006404,83.0,,1583.0,49.0,40.0,2.8,13.0,28.0
451483.225999872,83.0,,1490.0,53.0,39.0,9.8,18.0,28.0
451491.256999936,84.0,,1787.0,63.0,37.0,14.5,21.0,28.0
451499.371000064,85.0,,1960.0,68.0,36.0,14.02,20.0,28.0
451507.488,84.0,,2107.0,71.0,36.0,15.25,20.0,28.0
451515.528999936,84.0,,2129.0,72.0,35.0,14.38,20.0,28.0
451523.54400000005,84.0,,2161.0,73.0,35.0,14.44,20.0,28.0
451531.57499980804,84.0,,2154.0,74.0,35.0,12.69,19.0,28.0
451539.608999936,84.0,,2202.0,69.0,34.0,19.5,22.0,28.0
451547.62599987205,85.0,,2106.0,74.0,34.0,12.22,19.0,28.0
451555.668999936,84.0,,2285.0,77.0,34.0,6.38,16.0,28.0
451566.649999872,83.0,,2240.0,73.0,33.0,10.63,18.0,28.0
451577.56300006405,84.0,,2070.0,68.0,33.0,8.58,17.0,28.0
451588.484999936,84.0,,2027.0,69.0,33.0,11.44,18.0,28.0
451592.49900006404,84.0,,2073.0,,33.0,8.77,17.0,28.0
451623.10700006405,84.0,,2073.0,68.0,33.0,7.72,17.0,28.0
451634.484999936,84.0,,1282.0,42.0,33.0,15.36,49.0,28.0
451647.14,86.0,,1436.0,59.0,32.0,17.5,18.0,28.0
451690.48899993603,85.0,,1202.0,31.0,33.0,2.27,13.0,28.0
451702.852,85.0,,1782.0,38.0,33.0,17.94,24.0,28.0
451721.25299993606,85.0,,1821.0,47.0,33.0,6,15.0,28.0
451741.77200000006,85.0,,1528.0,31.0,33.0,15.3,23.0,28.0
451749.785999872,87.0,,814.0,0.0,36.0,3.27,13.0,28.0
451808.824,87.0,,757.0,0.0,36.0,2.72,13.0,28.0
1037504.4280000001,83.0,,1758.0,60.0,39.0,8.94,18.0,27.0
1037512.4369999361,83.0,,1823.0,59.0,39.0,15.3,22.0,27.0
1037516.4480000001,84.0,,1954.0,70.0,39.0,20.36,26.0,27.0
1037524.4560000001,84.0,,2060.0,70.0,39.0,8.58,17.0,27.0
1037532.481999872,84.0,,2143.0,77.0,38.0,16.77,22.0,27.0
1037540.488999936,84.0,,2358.0,79.0,37.0,16.16,20.0,27.0
1037548.513999872,84.0,,2259.0,75.0,37.0,13.66,20.0,27.0
1037556.5240000001,83.0,,2021.0,62.0,38.0,3.69,13.0,27.0
1037560.532999936,82.0,,1784.0,,38.0,3.22,13.0,27.0
1037568.540999936,82.0,,1698.0,55.0,38.0,13.77,20.0,27.0
1037572.5480000001,84.0,,1814.0,,36.0,19.44,28.0,27.0
1037580.5739998721,85.0,,2011.0,71.0,35.0,24.44,55.0,27.0
1037588.588999936,86.0,,2225.0,79.0,35.0,25.91,55.0,27.0
1037596.596,83.0,,2145.0,65.0,36.0,3.97,14.0,27.0
1037600.603000064,81.0,,1732.0,,36.0,4.77,14.0,27.0
1037608.6120000001,82.0,,1652.0,61.0,36.0,9.3,18.0,27.0
1037616.6769999361,84.0,,1845.0,62.0,36.0,13.97,20.0,27.0
1037624.6830000641,84.0,,1837.0,64.0,36.0,5.27,15.0,27.0
1037632.7059998721,84.0,,1780.0,51.0,37.0,3.19,13.0,27.0
1037640.7520000001,83.0,,1273.0,34.0,37.0,2.25,12.0,27.0
1037648.7769999361,84.0,,1611.0,35.0,37.0,3.41,13.0,27.0
1037656.8149998081,84.0,,1306.0,44.0,36.0,15.19,31.0,27.0
1037664.8289999361,85.0,,1501.0,43.0,37.0,4.83,15.0,27.0
1037672.8539998721,86.0,,1391.0,42.0,37.0,4.63,14.0,27.0
1037680.894999808,85.0,,1210.0,30.0,38.0,2.22,12.0,27.0
1037688.9369999361,85.0,,1007.0,25.0,38.0,9.83,19.0,27.0
1037697.012999936,85.0,,735.0,8.0,38.0,2.55,13.0,27.0
1037705.028,86.0,,732.0,0.0,39.0,2.47,13.0,27.0
1037713.0629998081,86.0,,749.0,0.0,39.0,2.55,13.0,27.0
1037721.0859998721,86.0,,749.0,0.0,39.0,2.55,13.0,27.0
1037729.0990000641,86.0,,749.0,0.0,40.0,2.58,13.0,27.0
1037737.1249999361,86.0,,767.0,0.0,40.0,2.5,13.0,27.0
1037745.1520000001,86.0,,755.0,0.0,41.0,2.52,13.0,27.0
1037753.1640000001,86.0,,757.0,0.0,42.0,2.47,13.0,27.0
1037761.1739998721,86.0,,766.0,0.0,42.0,2.5,13.0,27.0
1037769.2009999361,86.0,,758.0,0.0,42.0,2.5,13.0,27.0
1037777.2129999361,86.0,,753.0,0.0,42.0,2.44,13.0,27.0
1037781.2209999361,86.0,,747.0,,43.0,2.44,13.0,27.0
1037789.2320000001,87.0,,975.0,12.0,43.0,6.25,16.0,27.0
1037797.312,87.0,,1334.0,31.0,44.0,15.33,47.0,27.0
1037805.342999808,87.0,,1422.0,44.0,43.0,16.44,33.0,27.0
1037813.3600000001,87.0,,775.0,30.0,43.0,2.44,13.0,27.0
1037817.368999936,87.0,,803.0,,43.0,6.38,18.0,27.0
1037825.3859998721,86.0,,1920.0,34.0,44.0,3.25,13.0,27.0
1037833.4149998081,86.0,,1392.0,18.0,44.0,2.55,13.0,27.0
1037841.4480000001,85.0,,1793.0,34.0,44.0,9.5,15.0,27.0
1037849.484,85.0,,726.0,16.0,45.0,2.44,13.0,27.0
1037857.4969999361,86.0,,1583.0,30.0,45.0,12.27,18.0,27.0
1037865.513999872,85.0,,1560.0,49.0,44.0,18.33,42.0,27.0
1037873.552,85.0,,1330.0,28.0,44.0,12.94,22.0,27.0
1037881.5619998721,85.0,,1147.0,20.0,44.0,2.75,13.0,27.0
1037889.572,85.0,,760.0,10.0,45.0,2.47,13.0,27.0
1037897.5809999361,84.0,,1783.0,23.0,45.0,3.11,13.0,27.0
1037905.6000000001,85.0,,1637.0,41.0,45.0,15.3,25.0,27.0
1037913.622999808,86.0,,1521.0,28.0,45.0,2.61,13.0,27.0
1037921.6569999361,85.0,,821.0,0.0,45.0,2.77,13.0,27.0
1037929.724,85.0,,755.0,1.0,45.0,2.52,13.0,27.0
1037937.729999872,84.0,,1467.0,29.0,46.0,17.58,48.0,27.0
1037945.740999936,86.0,,988.0,3.0,46.0,2.33,12.0,27.0
1037953.748,87.0,,733.0,0.0,46.0,2.02,12.0,27.0
1041114.699000064,84.0,,1090.0,22.0,42.0,10.5,21.0,27.0
1041122.724,84.0,,1565.0,34.0,41.0,7.05,17.0,27.0
1041130.756,84.0,,1397.0,19.0,41.0,2.52,13.0,27.0
1041138.793999872,85.0,,1473.0,28.0,40.0,9.94,15.0,27.0
1041146.8219998721,85.0,,1227.0,41.0,39.0,9.8,18.0,27.0
1041154.8469998081,86.0,,1241.0,28.0,39.0,2.36,12.0,27.0
1041162.8779998721,86.0,,932.0,24.0,39.0,11.27,33.0,27.0
1041170.9109998081,86.0,,1644.0,13.0,39.0,3.41,13.0,27.0
1041178.937999872,86.0,,802.0,17.0,39.0,2.55,23.0,27.0
1041186.9669998081,86.0,,1108.0,31.0,39.0,8.52,18.0,27.0
1041194.9849999361,85.0,,1584.0,32.0,39.0,8.44,17.0,27.0
1041203.0040000001,85.0,,1264.0,21.0,39.0,2.66,13.0,27.0
1041211.02,86.0,,825.0,20.0,39.0,5.83,16.0,27.0
1041219.0419998721,86.0,,1177.0,28.0,39.0,8.25,18.0,27.0
1041227.0680000001,86.0,,1678.0,26.0,40.0,3.97,14.0,27.0
1041235.097999872,85.0,,1776.0,47.0,39.0,22.05,52.0,27.0
1041243.128999936,85.0,,1480.0,30.0,39.0,2.58,13.0,27.0
1041251.1619998721,86.0,,1095.0,27.0,39.0,1.94,12.0,27.0
1041259.1889999361,87.0,,1354.0,37.0,39.0,7.27,16.0,27.0
1041267.2280000001,86.0,,1377.0,32.0,39.0,2.8,13.0,27.0
1041275.256,86.0,,1023.0,36.0,39.0,11,49.0,27.0
1041283.280999936,86.0,,1240.0,44.0,38.0,14.22,32.0,27.0
1041291.3160000001,86.0,,1313.0,38.0,39.0,2.8,13.0,27.0
1041299.3529999361,86.0,,652.0,12.0,39.0,4.44,14.0,27.0
1041307.3800000001,86.0,,986.0,30.0,39.0,11.77,32.0,27.0
1041315.406999808,86.0,,734.0,28.0,39.0,2.69,13.0,27.0
1041323.424999936,87.0,,776.0,4.0,39.0,2.69,13.0,27.0
1041331.4680000001,86.0,,974.0,9.0,39.0,2.66,12.0,27.0
1041339.488999936,86.0,,740.0,10.0,40.0,2.52,13.0,27.0
1041347.5120000001,86.0,,890.0,12.0,40.0,3.16,13.0,27.0
1041355.56,86.0,,760.0,9.0,40.0,2.63,13.0,27.0
1041363.597999872,86.0,,572.0,13.0,41.0,6.83,48.0,27.0
1041371.635000064,86.0,,1054.0,14.0,41.0,2.77,13.0,27.0
1041379.6699998721,85.0,,1079.0,10.0,42.0,4,14.0,27.0
1041387.691000064,86.0,,682.0,15.0,42.0,8.22,39.0,27.0
1041395.7209999361,86.0,,779.0,13.0,42.0,2.47,13.0,27.0
1041403.7459998721,86.0,,745.0,4.0,42.0,2.44,13.0,27.0
1041411.7769999361,86.0,,885.0,11.0,42.0,2.33,15.0,27.0
1041419.8030000641,86.0,,992.0,14.0,43.0,7.27,17.0,27.0
1041427.8329999361,87.0,,698.0,5.0,43.0,3.11,13.0,27.0
1041435.868999936,87.0,,906.0,14.0,44.0,3.77,13.0,27.0
1041443.8979998721,87.0,,779.0,7.0,44.0,2.55,13.0,27.0
1041451.905999872,87.0,,903.0,14.0,45.0,2.13,12.0,27.0
1041459.9280000001,87.0,,773.0,9.0,45.0,2.5,13.0,27.0
1041467.956999936,87.0,,763.0,13.0,45.0,8.33,48.0,27.0
1041475.9909998081,87.0,,748.0,1.0,45.0,2.63,13.0,27.0
1134816.752,85.0,,758.0,0.0,33.0,2.44,13.0,27.0
1134824.776999936,84.0,,750.0,0.0,34.0,2.41,13.0,27.0
1134832.805999872,84.0,,741.0,0.0,34.0,2.44,13.0,27.0
1134840.8449999362,84.0,,1395.0,33.0,35.0,18.61,29.0,27.0
1134848.872,85.0,,1601.0,47.0,34.0,12.5,19.0,27.0
1134856.896999936,85.0,,1437.0,55.0,34.0,12.72,20.0,27.0
1134864.932,85.0,,1810.0,61.0,34.0,4.69,14.0,27.0
1134872.966999808,84.0,,1765.0,53.0,34.0,3.16,13.0,27.0
1134880.998999808,83.0,,1841.0,69.0,33.0,18.41,24.0,27.0
1134889.019000064,84.0,,2067.0,69.0,33.0,15.02,20.0,27.0
1134897.06,84.0,,2023.0,63.0,32.0,15.27,20.0,27.0
1134905.088,85.0,,1827.0,54.0,32.0,6.11,18.0,27.0
1134913.124999936,85.0,,1580.0,56.0,32.0,14.86,21.0,27.0
1134921.133999872,86.0,,1808.0,65.0,31.0,15.8,21.0,27.0
1134929.156999936,85.0,,2012.0,68.0,31.0,7.11,16.0,27.0
1134937.1870000642,84.0,,2070.0,70.0,31.0,11.94,18.0,27.0
1134945.208999936,84.0,,2020.0,68.0,30.0,15.33,20.0,27.0
1134953.2299998722,84.0,,2128.0,75.0,30.0,9.88,17.0,27.0
1134961.244999936,84.0,,2234.0,74.0,30.0,8.8,17.0,27.0
1134965.2680000002,84.0,,2198.0,,30.0,13.63,19.0,27.0
1134973.288999936,84.0,,2225.0,74.0,30.0,14.11,19.0,27.0
1134981.3179998721,84.0,,2178.0,71.0,30.0,7.63,17.0,27.0
1134989.324,84.0,,2033.0,65.0,31.0,4.58,14.0,27.0
1134997.329999872,84.0,,1874.0,63.0,30.0,4.41,14.0,27.0
1135005.3509998082,84.0,,1883.0,64.0,30.0,12.36,19.0,27.0
1135009.36,84.0,,1919.0,,30.0,10.8,18.0,27.0
1135013.366999808,84.0,,1987.0,66.0,30.0,17.36,22.0,27.0
1135021.377999872,85.0,,2099.0,66.0,30.0,12.19,18.0,27.0
1135029.3870000641,84.0,,1709.0,56.0,30.0,6.58,16.0,27.0
1135037.4129999361,84.0,,1658.0,56.0,30.0,7.77,17.0,27.0
1135045.4389998082,84.0,,1762.0,61.0,30.0,13.3,20.0,27.0
1135053.4769999362,85.0,,1897.0,62.0,30.0,8,16.0,27.0
1135061.532999936,84.0,,1815.0,59.0,31.0,9.3,16.0,27.0
1135069.556999936,84.0,,1631.0,59.0,30.0,14.25,20.0,27.0
1135077.612999936,84.0,,1826.0,60.0,31.0,4.3,14.0,27.0
1135085.624,84.0,,1799.0,57.0,30.0,17.77,23.0,27.0
1135089.629999872,85.0,,1860.0,,30.0,22.97,53.0,27.0
1135097.669999872,86.0,,1865.0,60.0,31.0,5.75,15.0,27.0
1135105.686999808,84.0,,1669.0,53.0,32.0,2.97,13.0,27.0
1135113.717999872,84.0,,1408.0,45.0,32.0,2.44,13.0,27.0
1135121.752,83.0,,1254.0,46.0,31.0,7.94,17.0,27.0
1135129.804,84.0,,1374.0,43.0,31.0,3.08,13.0,27.0
1135137.8190000642,84.0,,1279.0,42.0,31.0,9.5,18.0,27.0
1135145.8549998081,85.0,,1213.0,47.0,31.0,14.91,49.0,27.0
1135153.8800000001,86.0,,1548.0,49.0,31.0,4.88,14.0,27.0
1135161.917999872,85.0,,926.0,24.0,32.0,1.97,12.0,27.0
1135172.947000064,85.0,,785.0,6.0,32.0,2.36,13.0,27.0
1135183.0889999361,85.0,,757.0,0.0,33.0,1.86,12.0,27.0
1135195.660999936,85.0,,747.0,0.0,33.0,1.86,12.0,27.0
1135205.720999936,85.0,,745.0,0.0,34.0,1.86,12.0,27.0
1135230.813999872,85.0,,927.0,0.0,34.0,2,12.0,27.0
1135486.9059998721,85.0,,1336.0,0.0,37.0,5.3,14.0,27.0
1135501.6840000001,85.0,,943.0,9.0,36.0,2.97,13.0,27.0
1135514.395000064,86.0,,1319.0,41.0,36.0,15.69,31.0,27.0
1135518.4149998082,87.0,,1517.0,,35.0,9.61,18.0,27.0
1135526.420999936,86.0,,1588.0,54.0,35.0,7.86,17.0,27.0
1135534.432,85.0,,1656.0,56.0,35.0,6.88,16.0,27.0
1135573.9259998722,84.0,,1712.0,57.0,35.0,8.94,17.0,27.0
1135583.6019998721,84.0,,1355.0,37.0,34.0,2.41,13.0,27.0
1135609.947000064,84.0,,708.0,2.0,35.0,2.58,13.0,27.0
1135613.953999872,85.0,,764.0,0.0,36.0,2.69,13.0,27.0
1135617.960999936,86.0,,767.0,0.0,36.0,2.75,13.0,27.0
1135630.2939998722,86.0,,779.0,0.0,36.0,2.8,13.0,27.0
1135638.3049999361,85.0,,1321.0,33.0,35.0,9.19,18.0,27.0
1135658.316,86.0,,1439.0,43.0,35.0,14.77,23.0,27.0
1135711.648,86.0,,1240.0,33.0,35.0,14.44,49.0,27.0
1135719.653999872,86.0,,728.0,28.0,36.0,2.41,13.0,27.0
1135727.668,87.0,,826.0,22.0,35.0,8.69,48.0,27.0
1135738.072999936,86.0,,1310.0,42.0,34.0,10.3,20.0,27.0
1135742.0830000641,86.0,,1237.0,,35.0,2.25,12.0,27.0
1135750.332999936,86.0,,1111.0,40.0,34.0,7.52,17.0,27.0
1135772.739000064,86.0,,1307.0,44.0,34.0,9,17.0,27.0
1135809.0320000001,86.0,,1204.0,37.0,35.0,6.05,18.0,27.0
1135817.04,86.0,,776.0,11.0,36.0,2.69,13.0,27.0
1135821.0480000002,86.0,,1185.0,,35.0,13.02,22.0,27.0
1135862.216,86.0,,1768.0,35.0,35.0,3.61,13.0,27.0
1135883.96,84.0,,1350.0,34.0,36.0,6.86,16.0,27.0
1135906.992,85.0,,1583.0,29.0,36.0,16.58,24.0,27.0
1135917.992999936,87.0,,779.0,0.0,37.0,2.38,12.0,27.0
1136129.251000064,87.0,,,0.0,42.0,1.36,13.0,27.0
1136140.6910000641,86.0,,1145.0,15.0,39.0,7.16,17.0,27.0
1136144.7059998722,86.0,,1306.0,,39.0,2.88,13.0,27.0
1136152.752,85.0,,822.0,11.0,39.0,2.58,13.0,27.0
1136163.9440000001,85.0,,1170.0,29.0,38.0,7.19,17.0,27.0
1136171.960999936,85.0,,798.0,28.0,39.0,2.11,12.0,27.0
1136193.636999936,85.0,,785.0,19.0,39.0,2.41,12.0,27.0
1136201.6529999361,86.0,,751.0,22.0,39.0,2.72,13.0,27.0
1136221.5480000002,86.0,,735.0,10.0,39.0,2.72,13.0,27.0
1136256.585999872,87.0,,720.0,8.0,39.0,2.66,13.0,27.0
1136307.4200000002,85.0,,900.0,21.0,38.0,10.36,48.0,27.0
1136311.4259998722,86.0,,1080.0,,37.0,6.05,17.0,27.0
1136336.787000064,86.0,,1084.0,29.0,37.0,5.66,15.0,27.0
1136345.8179998721,86.0,,904.0,42.0,36.0,6.55,18.0,27.0
1136371.160999936,86.0,,1037.0,19.0,37.0,2.05,12.0,27.0
1136382.24,85.0,,1134.0,13.0,37.0,2.69,13.0,27.0
1136390.257999872,85.0,,772.0,0.0,38.0,4.38,15.0,27.0
1136398.269999872,86.0,,756.0,0.0,38.0,2.66,13.0,27.0
1136406.284,86.0,,761.0,0.0,39.0,2.75,13.0,27.0
1136410.291000064,86.0,,964.0,,39.0,7.83,17.0,27.0
1136471.188,86.0,,738.0,0.0,39.0,2.77,13.0,27.0
1170361.8489999361,88.0,,759.0,0.0,42.0,2.72,13.0,26.0
1170369.868,89.0,,762.0,0.0,43.0,2.72,13.0,26.0
1170377.897999872,90.0,,753.0,0.0,43.0,2.72,13.0,26.0
1170385.924,90.0,,757.0,0.0,44.0,2.75,13.0,26.0
1170393.9459998722,90.0,,749.0,0.0,44.0,2.75,13.0,26.0
1170401.965999872,90.0,,766.0,0.0,45.0,2.72,13.0,26.0
1170409.979000064,91.0,,774.0,0.0,45.0,2.72,13.0,26.0
1170417.992,92.0,,759.0,5.0,45.0,2.69,13.0,26.0
1170436.276999936,92.0,,1100.0,15.0,46.0,5.5,15.0,26.0
1170478.568999936,92.0,,738.0,0.0,46.0,2.52,13.0,26.0
1170522.563000064,94.0,,754.0,0.0,48.0,2.63,13.0,26.0
1170530.573999872,96.0,,758.0,0.0,50.0,2.61,13.0,26.0
1170538.588,96.0,,960.0,23.0,51.0,8.08,18.0,26.0
1170546.593999872,96.0,,1533.0,24.0,50.0,9.55,18.0,26.0
1170550.600999936,96.0,,1212.0,,50.0,8.5,17.0,26.0
1170565.8549998081,96.0,,1961.0,38.0,50.0,24.5,31.0,26.0
1170573.896999936,96.0,,760.0,2.0,51.0,2.83,13.0,26.0
1170588.612999936,96.0,,750.0,0.0,51.0,2.75,13.0,26.0
1170611.417999872,97.0,,1381.0,24.0,52.0,19.66,24.0,26.0
1170638.888,97.0,,746.0,2.0,52.0,2.77,13.0,26.0
1170646.937999872,98.0,,743.0,11.0,55.0,2.83,13.0,26.0
1170724.560999936,96.0,,1244.0,27.0,57.0,8.47,18.0,26.0
1170743.848,90.0,,1588.0,22.0,56.0,4.27,14.0,26.0
1170766.734999808,91.0,,1496.0,16.0,55.0,16.8,25.0,26.0
1170844.5080000001,93.0,,2201.0,62.0,51.0,25.58,55.0,26.0
1170852.808,79.0,,2503.0,88.0,45.0,26.86,22.0,26.0
1170874.3819998722,81.0,,2586.0,81.0,43.0,5.16,15.0,26.0
1170887.849999872,83.0,,2523.0,84.0,41.0,26.44,29.0,26.0
1170895.86,81.0,,2078.0,62.0,42.0,4.02,14.0,26.0
1170906.542999808,81.0,,1195.0,31.0,44.0,2.63,13.0,26.0
1170934.376999936,84.0,,796.0,29.0,43.0,9.88,21.0,26.0
1170942.417999872,84.0,,1835.0,56.0,42.0,17.8,23.0,26.0
1170963.001999872,84.0,,1889.0,71.0,41.0,19.36,26.0,26.0
1170998.036,84.0,,2273.0,65.0,39.0,20.83,22.0,26.0
1171023.5,81.0,,2271.0,70.0,40.0,4.3,14.0,26.0
1171032.400999936,85.0,,1101.0,36.0,39.0,2.72,13.0,26.0
1171041.028999936,86.0,,731.0,14.0,40.0,2.58,13.0,26.0
1171051.776999936,85.0,,1361.0,13.0,41.0,6.88,16.0,26.0
1171067.675000064,86.0,,1367.0,10.0,42.0,8.75,17.0,26.0
1171099.606999808,87.0,,988.0,5.0,43.0,3,15.0,26.0
1171110.8549998081,87.0,,916.0,22.0,45.0,11.58,48.0,26.0
1171121.619000064,88.0,,1118.0,17.0,46.0,2.66,13.0,26.0
1171139.3819998722,87.0,,781.0,20.0,46.0,2.72,13.0,26.0
1171156.8520000002,87.0,,1087.0,19.0,46.0,8.27,17.0,26.0
1171160.868,88.0,,921.0,0.0,48.0,5.41,15.0,26.0
1171168.878999808,89.0,,769.0,0.0,48.0,2.77,13.0,26.0
1171176.8929999361,90.0,,751.0,0.0,48.0,2.72,13.0,26.0
1171184.899000064,90.0,,749.0,0.0,48.0,2.75,13.0,26.0
1171192.910999808,91.0,,754.0,0.0,48.0,2.72,13.0,26.0
1171200.923000064,92.0,,756.0,0.0,49.0,2.72,13.0,26.0
1171208.928999936,93.0,,759.0,0.0,50.0,2.75,13.0,26.0
1171216.939000064,93.0,,755.0,0.0,50.0,2.72,13.0,26.0
1171229.104,93.0,,752.0,0.0,50.0,2.72,13.0,26.0
1171240.561999872,95.0,,1312.0,12.0,51.0,15.75,48.0,26.0
1171250.569999872,96.0,,856.0,17.0,53.0,9.41,49.0,26.0
1171254.585999872,97.0,,748.0,,52.0,10.69,20.0,26.0
1171272.422999808,98.0,,1560.0,44.0,52.0,18.44,49.0,26.0
1171276.430999808,96.0,,1285.0,,51.0,8.52,17.0,26.0
1171299.440999936,95.0,,1528.0,48.0,51.0,12.69,21.0,26.0
1171332.7310000642,92.0,,1383.0,36.0,51.0,3,13.0,26.0
1171340.736,87.0,,1279.0,36.0,51.0,2.36,12.0,26.0
1171348.741999872,86.0,,791.0,12.0,51.0,2.61,13.0,26.0
1171357.005999872,86.0,,758.0,33.0,51.0,10.02,18.0,26.0
1171361.016999936,86.0,,1654.0,,51.0,3.19,13.0,26.0
1171371.356999936,84.0,,1666.0,38.0,51.0,3,13.0,26.0
1171395.715000064,84.0,,791.0,9.0,52.0,2.38,12.0,26.0
1171424.606999808,85.0,,877.0,12.0,53.0,2.5,13.0,26.0
1171438.939000064,86.0,,750.0,25.0,54.0,2.3,12.0,26.0
1171456.849999872,86.0,,771.0,21.0,54.0,2.38,12.0,26.0
1171464.8560000001,87.0,,1217.0,10.0,54.0,2.16,12.0,26.0
1171468.8760000002,87.0,,667.0,,55.0,6.13,48.0,26.0
1171501.720999936,88.0,,1700.0,23.0,55.0,9.11,17.0,26.0
1171517.294999808,90.0,,740.0,0.0,56.0,2.41,13.0,26.0
1171637.102999808,91.0,,784.0,0.0,57.0,2.47,13.0,26.0
1640929.373999872,86.0,,1493.0,35.0,38.0,17.88,37.0,27.0
1640937.4089999362,86.0,,1392.0,44.0,39.0,11.83,20.0,27.0
1640945.4389998082,85.0,,800.0,16.0,39.0,2.94,13.0,27.0
1640953.448,85.0,,1526.0,35.0,39.0,9.38,18.0,27.0
1640957.456,85.0,,1617.0,,38.0,18.66,43.0,27.0
1640965.4670000642,86.0,,1806.0,50.0,37.0,18.66,26.0,27.0
1640973.484999936,86.0,,1220.0,48.0,37.0,9.3,18.0,27.0
1640981.492,86.0,,1468.0,42.0,36.0,14.3,22.0,27.0
1640989.5,87.0,,745.0,36.0,37.0,2.69,13.0,27.0
1640993.504999936,87.0,,719.0,,37.0,2.66,13.0,27.0
1641001.5139998721,87.0,,1436.0,25.0,38.0,16.66,37.0,27.0
1641009.5209999362,86.0,,1553.0,37.0,38.0,17.5,26.0,27.0
1641013.5280000002,86.0,,740.0,,39.0,2.58,13.0,27.0
1641021.534999808,86.0,,850.0,2.0,39.0,2.91,13.0,27.0
1641025.5449999361,86.0,,873.0,,39.0,2.5,13.0,27.0
1641033.5520000001,86.0,,600.0,13.0,39.0,13.25,44.0,27.0
1641041.5760000001,86.0,,1389.0,35.0,39.0,16,33.0,27.0
1641049.5909998082,86.0,,1595.0,46.0,39.0,17,26.0,27.0
1641057.6120000002,86.0,,1734.0,46.0,39.0,13.77,20.0,27.0
1641065.664,86.0,,1776.0,36.0,38.0,18.41,26.0,27.0
1641073.693999872,86.0,,854.0,0.0,39.0,2.97,13.0,27.0
1641081.721999872,87.0,,745.0,9.0,39.0,2.69,13.0,27.0
1641089.733999872,86.0,,729.0,0.0,40.0,2.5,13.0,27.0
1641097.7550000641,86.0,,746.0,0.0,41.0,2.66,13.0,27.0
1641101.7710000642,86.0,,751.0,,41.0,2.66,13.0,27.0
1641109.7950000642,86.0,,756.0,0.0,42.0,2.66,13.0,27.0
1641117.8360000001,86.0,,770.0,13.0,42.0,2.72,13.0,27.0
1641125.8520000002,85.0,,1376.0,22.0,44.0,12.8,23.0,27.0
1641133.8709998082,86.0,,734.0,23.0,44.0,2.52,13.0,27.0
1641141.8819998722,87.0,,1140.0,20.0,45.0,2.08,12.0,27.0
1641149.896999936,86.0,,802.0,11.0,45.0,2.13,12.0,27.0
1641157.9189998081,86.0,,735.0,5.0,45.0,2.69,13.0,27.0
1641165.928,86.0,,783.0,1.0,45.0,2.41,13.0,27.0
1641173.9499998721,86.0,,1130.0,11.0,45.0,6.16,16.0,27.0
1641181.974999808,87.0,,808.0,12.0,45.0,2.75,13.0,27.0
1641189.992999936,87.0,,994.0,10.0,46.0,2.47,13.0,27.0
1641198.0110000642,87.0,,734.0,0.0,46.0,2.52,13.0,27.0
1641206.0169999362,87.0,,737.0,0.0,46.0,2.66,13.0,27.0
1641214.0409999362,87.0,,759.0,0.0,47.0,2.63,13.0,27.0
1641222.0579998721,87.0,,760.0,0.0,47.0,2.63,13.0,27.0
1641230.068999936,88.0,,771.0,9.0,47.0,2.61,13.0,27.0
1641234.078999808,88.0,,821.0,,48.0,7.61,18.0,27.0
1641242.1109998082,89.0,,955.0,6.0,48.0,2.25,12.0,27.0
1641250.1729999362,89.0,,704.0,1.0,48.0,4.69,16.0,27.0
1641254.1800000002,90.0,,850.0,21.0,48.0,10.52,46.0,27.0
1641258.1870000642,90.0,,1051.0,,48.0,12.63,28.0,27.0
1641266.204999936,90.0,,1505.0,28.0,48.0,13.05,20.0,27.0
1641274.224999936,90.0,,812.0,15.0,48.0,7.75,18.0,27.0
1641282.26,89.0,,788.0,0.0,48.0,2.83,13.0,27.0
1641290.285999872,90.0,,752.0,0.0,49.0,2.63,13.0,27.0
1641298.294999808,90.0,,764.0,0.0,49.0,2.63,13.0,27.0
1641302.3009999362,90.0,,766.0,,49.0,2.63,13.0,27.0
1641310.3280000002,90.0,,767.0,0.0,50.0,2.63,13.0,27.0
1641318.3360000001,90.0,,758.0,0.0,50.0,2.58,13.0,27.0
1641326.347000064,91.0,,755.0,0.0,50.0,2.63,13.0,27.0
1641330.356999936,92.0,,744.0,,51.0,2.61,13.0,27.0
1641338.369999872,92.0,,765.0,0.0,51.0,2.66,13.0,27.0
1641346.3849999362,92.0,,765.0,0.0,51.0,2.66,13.0,27.0
1641354.392,93.0,,769.0,0.0,51.0,2.66,13.0,27.0
1641362.568999936,93.0,,760.0,0.0,51.0,2.66,13.0,27.0
1641373.371000064,93.0,,763.0,12.0,51.0,2.63,13.0,27.0
1641406.569999872,94.0,,1319.0,14.0,53.0,2.75,13.0,27.0
1641430.904999936,92.0,,752.0,0.0,51.0,2.72,13.0,27.0
1641441.744999936,93.0,,755.0,0.0,53.0,2.66,13.0,27.0
1641474.5939998722,94.0,,767.0,0.0,53.0,2.69,13.0,27.0
1641552.904999936,95.0,,753.0,0.0,54.0,2.66,13.0,27.0
1641563.413999872,80.0,,2458.0,85.0,47.0,13.52,19.0,27.0
1641571.4219998722,77.0,,2305.0,77.0,47.0,13.75,20.0,27.0
1641579.435000064,77.0,,2188.0,71.0,46.0,5.11,15.0,27.0
1641587.448999936,79.0,,2172.0,73.0,43.0,23.47,29.0,27.0
1641591.4569999361,82.0,,2148.0,,41.0,22.91,29.0,27.0
1641605.294999808,84.0,,2178.0,74.0,41.0,22.16,27.0,27.0
1641614.3909998082,79.0,,2371.0,82.0,43.0,4.44,14.0,27.0
1641642.587000064,79.0,,2253.0,67.0,43.0,4.3,14.0,27.0
1641683.644999936,84.0,,783.0,16.0,43.0,2.58,13.0,27.0
1641692.756,84.0,,1675.0,19.0,44.0,2.97,13.0,27.0
1641737.196,84.0,,1220.0,23.0,44.0,2.63,13.0,27.0
1641747.910999808,84.0,,1201.0,12.0,44.0,2.36,13.0,27.0
1641808.2329999362,84.0,,917.0,3.0,45.0,2,12.0,27.0
1641812.241999872,87.0,,785.0,0.0,48.0,,12.0,27.0
1643252.104,86.0,,893.0,18.0,46.0,13.5,18.0,27.0
1643260.152,85.0,,1701.0,42.0,45.0,19.63,31.0,27.0
1643268.179000064,85.0,,2002.0,55.0,43.0,20.75,26.0,27.0
1643276.2110000642,85.0,,1742.0,62.0,42.0,16.97,24.0,27.0
1643284.2350000641,84.0,,1937.0,67.0,40.0,17.19,22.0,27.0
1643292.2629998082,83.0,,2103.0,71.0,42.0,3.97,14.0,27.0
1643300.2880000002,81.0,,2092.0,69.0,42.0,3.83,14.0,27.0
1643308.316999936,81.0,,2031.0,66.0,43.0,3.77,13.0,27.0
1643316.355000064,81.0,,2041.0,75.0,41.0,13.33,20.0,27.0
1643324.385999872,83.0,,2318.0,79.0,39.0,11.44,18.0,27.0
1643332.435000064,84.0,,2487.0,84.0,36.0,21.27,24.0,27.0
1643340.461999872,84.0,,2480.0,83.0,36.0,24.88,28.0,27.0
1643348.4789998082,85.0,,2477.0,82.0,35.0,24.47,27.0,27.0
1643356.504999936,85.0,,2420.0,79.0,35.0,20.86,23.0,27.0
1643364.532999936,85.0,,2339.0,79.0,35.0,19.05,22.0,27.0
1643372.5520000001,85.0,,2408.0,82.0,34.0,17.47,22.0,27.0
1643380.576999936,84.0,,2474.0,85.0,34.0,16.19,21.0,27.0
1643388.6049999362,84.0,,2548.0,86.0,34.0,13.88,19.0,27.0
1643396.6329999361,84.0,,2513.0,83.0,34.0,9.16,17.0,27.0
1643404.660999936,83.0,,2350.0,74.0,35.0,4.44,14.0,27.0
1643412.6859998722,82.0,,2014.0,54.0,36.0,3.75,13.0,27.0
1643420.724999936,82.0,,1447.0,36.0,36.0,2.61,13.0,27.0
1643428.750999808,83.0,,776.0,19.0,36.0,2.97,13.0,27.0
1643436.7809999362,84.0,,1464.0,30.0,36.0,3.38,13.0,27.0
1643444.7939998722,86.0,,1423.0,46.0,35.0,11.86,19.0,27.0
1643452.8139998722,87.0,,1474.0,54.0,35.0,13.58,21.0,27.0
1643460.8309998082,86.0,,1707.0,56.0,35.0,9.58,18.0,27.0
1643468.8560000001,84.0,,1141.0,21.0,36.0,2.69,13.0,27.0
1643476.8849999362,84.0,,2121.0,39.0,35.0,4.86,14.0,27.0
1643484.9219998722,85.0,,1851.0,57.0,35.0,20.36,29.0,27.0
1643492.9729999362,86.0,,1805.0,66.0,35.0,18.27,26.0,27.0
1643501.003000064,86.0,,2017.0,68.0,34.0,12.75,19.0,27.0
1643509.0409999362,84.0,,2002.0,62.0,35.0,4.08,14.0,27.0
1643517.0469998082,84.0,,1922.0,69.0,34.0,17.5,23.0,27.0
1643525.08,85.0,,2178.0,76.0,34.0,16.16,21.0,27.0
1643533.1109998082,84.0,,2333.0,80.0,33.0,14.19,20.0,27.0
1643541.1349998082,84.0,,2415.0,82.0,33.0,14.27,20.0,27.0
1643549.1689999362,84.0,,2370.0,78.0,33.0,20.36,24.0,27.0
1643557.201999872,84.0,,2185.0,70.0,33.0,4.16,14.0,27.0
1643565.2270000642,83.0,,2031.0,57.0,34.0,3.86,13.0,27.0
1643573.259000064,83.0,,1598.0,52.0,35.0,4.11,13.0,27.0
1643581.270999808,84.0,,1759.0,64.0,33.0,18.3,25.0,27.0
1643589.2939998722,85.0,,1915.0,65.0,33.0,15.58,21.0,27.0
1643597.321999872,86.0,,2065.0,75.0,32.0,20.86,25.0,27.0
1643605.3449999362,85.0,,2289.0,75.0,32.0,12.61,17.0,27.0
1643613.3779998722,84.0,,2257.0,75.0,33.0,10.52,18.0,27.0
1643621.412,84.0,,2171.0,73.0,33.0,7.33,16.0,27.0
1643629.4419998722,84.0,,2189.0,72.0,33.0,8.61,17.0,27.0
1643637.4640000002,84.0,,1965.0,61.0,33.0,3.63,13.0,27.0
1643645.497999872,83.0,,1545.0,51.0,33.0,2.69,13.0,27.0
1643653.5269998081,84.0,,1593.0,59.0,32.0,16.44,23.0,27.0
1643661.5579998721,85.0,,1824.0,56.0,33.0,3.44,13.0,27.0
1643669.569999872,84.0,,1454.0,32.0,33.0,2.61,13.0,27.0
1643677.5960000001,84.0,,882.0,0.0,33.0,1.91,13.0,27.0
1643685.622999808,84.0,,679.0,11.0,33.0,6.19,16.0,27.0
1643693.6489999362,85.0,,930.0,26.0,34.0,8.13,17.0,27.0
1643701.673999872,86.0,,943.0,27.0,35.0,2,12.0,27.0
1643709.710999808,86.0,,1236.0,30.0,35.0,2.36,13.0,27.0
1643717.744999936,86.0,,1241.0,29.0,36.0,3.8,13.0,27.0
1643725.7710000642,86.0,,754.0,9.0,36.0,2.5,13.0,27.0
1643733.796999936,86.0,,1531.0,30.0,36.0,18.08,40.0,27.0
1643741.832999936,86.0,,758.0,26.0,36.0,2.5,13.0,27.0
1643749.8560000001,86.0,,1218.0,27.0,36.0,13.52,22.0,27.0
1643757.862999808,85.0,,974.0,27.0,37.0,2.75,13.0,27.0
1643765.891000064,86.0,,775.0,19.0,37.0,2.47,12.0,27.0
1643773.924,86.0,,1696.0,40.0,37.0,19.63,31.0,27.0
1643781.952,86.0,,1253.0,32.0,38.0,2.44,13.0,27.0
1643789.9800000002,86.0,,1242.0,29.0,38.0,4.19,14.0,27.0
1643798.0080000001,86.0,,754.0,11.0,38.0,2.5,13.0,27.0
1643806.0320000001,86.0,,1680.0,33.0,38.0,19.75,17.0,27.0
1643814.0539998722,86.0,,1485.0,38.0,39.0,14.63,18.0,27.0
1643822.078999808,87.0,,752.0,11.0,39.0,2.47,13.0,27.0
1643830.113999872,87.0,,737.0,0.0,39.0,2.44,13.0,27.0
1643838.1400000001,87.0,,742.0,0.0,39.0,2.55,13.0,27.0
1643846.155000064,87.0,,763.0,0.0,39.0,2.58,13.0,27.0
1643854.180999936,86.0,,756.0,0.0,40.0,2.61,13.0,27.0
1643862.206999808,86.0,,786.0,6.0,40.0,2.5,13.0,27.0
1643870.232,85.0,,1088.0,14.0,41.0,2.94,13.0,27.0
1643878.2569999362,86.0,,763.0,8.0,42.0,2.33,12.0,27.0
1643886.2849999361,87.0,,1305.0,21.0,42.0,6.11,17.0,27.0
1643894.312999936,87.0,,1145.0,24.0,42.0,2.19,12.0,27.0
1643902.344,87.0,,1318.0,14.0,42.0,3.05,13.0,27.0
1643910.3720000002,87.0,,830.0,18.0,42.0,8.33,19.0,27.0
1643918.400999936,87.0,,1799.0,38.0,42.0,3.3,13.0,27.0
1643926.430999808,87.0,,1469.0,26.0,43.0,2.61,13.0,27.0
1643934.459000064,86.0,,1288.0,25.0,42.0,9.91,18.0,27.0
1643942.486999808,85.0,,1698.0,47.0,42.0,18.16,25.0,27.0
1643950.5320000001,85.0,,2175.0,54.0,41.0,4.63,14.0,27.0
1643958.5649999361,84.0,,1150.0,34.0,42.0,2.66,13.0,27.0
1643966.592999936,84.0,,724.0,23.0,42.0,2.41,13.0,27.0
1643974.616999936,84.0,,1378.0,48.0,41.0,16.16,49.0,27.0
1643982.644,84.0,,1505.0,27.0,41.0,2.86,13.0,27.0
1643990.6729999362,84.0,,1560.0,35.0,40.0,19.44,50.0,27.0
1643998.6949998082,84.0,,1806.0,54.0,39.0,20.22,31.0,27.0
1644006.7429998082,84.0,,1705.0,51.0,39.0,3.44,13.0,27.0
1644014.768999936,82.0,,1337.0,45.0,40.0,4.69,15.0,27.0
1644022.7920000001,83.0,,1171.0,10.0,40.0,2.13,12.0,27.0
1644030.8190000642,84.0,,1754.0,32.0,39.0,2.8,13.0,27.0
1644038.8419998721,85.0,,1355.0,33.0,39.0,12.5,20.0,27.0
1644046.872999936,86.0,,741.0,19.0,39.0,2.61,13.0,27.0
1644054.924,86.0,,1730.0,33.0,39.0,2.69,13.0,27.0
1644062.952,86.0,,1302.0,38.0,39.0,5.5,15.0,27.0
1644070.987000064,85.0,,1293.0,11.0,39.0,2.3,12.0,27.0
1644079.012,85.0,,1915.0,33.0,39.0,3.33,13.0,27.0
1644087.0320000001,86.0,,1359.0,41.0,38.0,13.5,22.0,27.0
1644095.064,86.0,,980.0,37.0,39.0,2.72,13.0,27.0
1644103.100999936,86.0,,844.0,24.0,39.0,1.88,12.0,27.0
1644111.1289999362,86.0,,805.0,21.0,39.0,8.25,17.0,27.0
1644119.1619998722,86.0,,970.0,27.0,39.0,12.05,18.0,27.0
1644127.1840000001,86.0,,1024.0,28.0,39.0,4.47,16.0,27.0
1644135.2240000002,86.0,,1052.0,26.0,39.0,4.44,13.0,27.0
1644143.2299998722,86.0,,898.0,24.0,39.0,1.91,12.0,27.0
1644151.254999808,86.0,,1302.0,39.0,38.0,11.33,20.0,27.0
1644159.28,86.0,,1183.0,39.0,39.0,6.97,15.0,27.0
1644167.3109998081,86.0,,1056.0,25.0,39.0,1.91,12.0,27.0
1644175.3379998722,86.0,,781.0,16.0,39.0,3.27,13.0,27.0
1644183.364,86.0,,1600.0,24.0,39.0,16.8,24.0,27.0
1644191.395000064,86.0,,761.0,22.0,39.0,2.72,13.0,27.0
1644199.404999936,86.0,,742.0,0.0,40.0,2.69,13.0,27.0
1644207.430999808,86.0,,745.0,0.0,40.0,2.69,13.0,27.0
1644215.459000064,86.0,,769.0,0.0,41.0,2.75,13.0,27.0
1644223.501999872,86.0,,688.0,6.0,41.0,3.58,14.0,27.0
1644231.532999936,86.0,,734.0,0.0,42.0,2.63,13.0,27.0
1644239.56,86.0,,763.0,0.0,42.0,2.36,13.0,27.0
1644247.595000064,86.0,,777.0,5.0,42.0,2.38,13.0,27.0
1644255.6219998721,85.0,,883.0,7.0,43.0,2.44,13.0,27.0
1644263.636999936,86.0,,870.0,14.0,44.0,2.33,12.0,27.0
1644271.653999872,86.0,,788.0,13.0,45.0,2.58,13.0,27.0
1644279.6929999362,87.0,,1207.0,16.0,45.0,7.13,17.0,27.0
1644287.716,87.0,,779.0,10.0,45.0,2.44,13.0,27.0
1644295.752,87.0,,776.0,12.0,45.0,9.16,42.0,27.0
1644303.7769999362,87.0,,867.0,0.0,46.0,2.77,13.0,27.0
1644311.801999872,87.0,,784.0,0.0,46.0,2.33,12.0,27.0
1689150.1400000001,87.0,,1733.0,66.0,44.0,21.08,38.0,24.0
1689158.1689999362,87.0,,2107.0,77.0,42.0,24.83,49.0,24.0
1689166.216,85.0,,2496.0,89.0,42.0,28.3,35.0,24.0
1689174.2469998081,84.0,,2793.0,98.0,41.0,27.33,28.0,24.0
1689182.276,83.0,,2956.0,101.0,40.0,20.91,23.0,24.0
1689190.308999936,81.0,,2950.0,106.0,39.0,31.36,33.0,24.0
1689198.348,81.0,,3393.0,112.0,39.0,27.88,21.0,24.0
1689206.380999936,79.0,,3222.0,106.0,39.0,6.13,16.0,24.0
1689214.406999808,80.0,,3059.0,100.0,39.0,5.75,15.0,24.0
1689222.433999872,81.0,,2776.0,91.0,39.0,5.19,15.0,24.0
1689230.4499998721,83.0,,2717.0,91.0,36.0,27.94,29.0,24.0
1689238.4800000002,84.0,,2743.0,92.0,35.0,27.94,29.0,24.0
1689246.5029998082,84.0,,2735.0,92.0,34.0,27.22,28.0,24.0
1689254.5369999362,84.0,,2682.0,86.0,35.0,9.91,18.0,24.0
1689262.571000064,83.0,,2396.0,75.0,36.0,4.5,14.0,24.0
1689270.598999808,82.0,,1521.0,24.0,36.0,2.69,13.0,24.0
1689278.6419998722,83.0,,837.0,31.0,36.0,9.75,48.0,24.0
1689286.6800000002,85.0,,1287.0,31.0,36.0,2.3,12.0,24.0
1689294.708999936,86.0,,1662.0,41.0,36.0,10.44,20.0,24.0
1689302.736,85.0,,1789.0,53.0,37.0,19.16,26.0,24.0
1689310.7640000002,84.0,,2024.0,53.0,37.0,5.08,14.0,24.0
1689318.7880000002,84.0,,2240.0,66.0,36.0,28.16,55.0,24.0
1689326.8179998721,85.0,,2067.0,70.0,36.0,21.58,26.0,24.0
1689334.845999872,86.0,,2071.0,68.0,36.0,24.22,38.0,24.0
1689342.8760000002,85.0,,1954.0,62.0,36.0,14.02,20.0,24.0
1689350.891000064,85.0,,1937.0,72.0,36.0,21.69,29.0,24.0
1689358.9219998722,84.0,,2222.0,69.0,38.0,4.16,14.0,24.0
1689366.956,82.0,,1920.0,62.0,38.0,4.36,14.0,24.0
1689374.9710000642,83.0,,1845.0,63.0,37.0,6.19,15.0,24.0
1689382.992,84.0,,1923.0,68.0,37.0,8.75,15.0,24.0
1689391.019000064,84.0,,2159.0,77.0,36.0,27.16,55.0,24.0
1689399.049999872,85.0,,2153.0,77.0,36.0,25.69,55.0,24.0
1689407.0779998722,85.0,,2443.0,65.0,36.0,28.8,37.0,24.0
1689415.1049999362,84.0,,1068.0,29.0,37.0,2.69,13.0,24.0
1689423.140999936,84.0,,810.0,26.0,37.0,2.5,13.0,24.0
1689431.168,86.0,,723.0,0.0,37.0,2.55,13.0,24.0
1689439.173999872,87.0,,742.0,0.0,38.0,2.55,13.0,24.0
1689447.193999872,87.0,,757.0,0.0,39.0,2.61,13.0,24.0
1689455.201999872,87.0,,740.0,0.0,39.0,2.63,13.0,24.0
1689463.217999872,87.0,,775.0,0.0,39.0,2.55,13.0,24.0
1689467.224999936,86.0,,1488.0,,41.0,16.77,24.0,24.0
1689494.164,85.0,,2031.0,30.0,41.0,3.91,13.0,24.0
1689502.176999936,87.0,,1628.0,42.0,42.0,17.94,26.0,24.0
1689516.6030000641,86.0,,2148.0,48.0,42.0,23.08,28.0,24.0
1689547.244999936,85.0,,734.0,30.0,42.0,2.16,12.0,24.0
1689587.1400000001,86.0,,862.0,0.0,44.0,2.61,13.0,24.0
1689595.1509998082,87.0,,1397.0,39.0,45.0,2.58,13.0,24.0
1689603.157999872,87.0,,1589.0,51.0,45.0,4.63,14.0,24.0
1689607.1630000642,86.0,,1439.0,,45.0,2.63,13.0,24.0
1689619.173999872,86.0,,776.0,37.0,45.0,5.94,19.0,24.0
1689642.3720000002,84.0,,1446.0,8.0,45.0,2.52,13.0,24.0
1689660.664,85.0,,848.0,18.0,46.0,7.38,20.0,24.0
1689664.670999808,86.0,,891.0,,48.0,2.13,13.0,24.0
1689673.2040000001,87.0,,847.0,6.0,48.0,2.25,12.0,24.0
1689683.3849999362,87.0,,812.0,12.0,48.0,2.05,12.0,24.0
1689695.124,88.0,,1148.0,29.0,49.0,12.75,26.0,24.0
1689712.446999808,89.0,,734.0,16.0,50.0,2.16,12.0,24.0
1689721.3760000002,88.0,,872.0,14.0,50.0,3.16,13.0,24.0
1689780.585999872,90.0,,1274.0,25.0,51.0,8.08,16.0,24.0
1689834.728999936,90.0,,748.0,0.0,51.0,2.22,12.0,24.0
1726385.9880000001,85.0,,1384.0,27.0,46.0,17.13,30.0,27.0
1726394.024999936,85.0,,1358.0,40.0,45.0,14.77,22.0,27.0
1726402.0469998082,86.0,,1606.0,40.0,44.0,3.91,14.0,27.0
1726410.08,86.0,,1494.0,31.0,44.0,3.94,14.0,27.0
1726418.092999936,85.0,,1178.0,35.0,44.0,13.83,21.0,27.0
1726426.1230000642,85.0,,1153.0,0.0,45.0,2.19,12.0,27.0
1726434.166999808,85.0,,796.0,13.0,45.0,2.52,18.0,27.0
1726442.1969999361,85.0,,1700.0,33.0,46.0,3.25,16.0,27.0
1726450.221999872,85.0,,1144.0,16.0,46.0,2.13,12.0,27.0
1726458.2629998082,86.0,,771.0,0.0,46.0,2.69,13.0,27.0
1726466.2920000001,87.0,,752.0,0.0,47.0,2.63,13.0,27.0
1726474.316999936,87.0,,766.0,0.0,47.0,2.66,13.0,27.0
1726482.329999872,86.0,,751.0,0.0,48.0,2.63,13.0,27.0
1726490.34,86.0,,789.0,13.0,48.0,2.58,13.0,27.0
1726498.3520000002,87.0,,1355.0,34.0,48.0,14.02,21.0,27.0
1726506.3649999362,88.0,,1399.0,44.0,46.0,16.02,37.0,27.0
1726510.3749998081,87.0,,1273.0,,47.0,3.22,13.0,27.0
1726518.388,87.0,,1268.0,46.0,47.0,2.25,12.0,27.0
1726555.764999936,85.0,,1347.0,41.0,47.0,2.47,13.0,27.0
1726567.7409999361,84.0,,737.0,0.0,48.0,2.52,13.0,27.0
1726578.237999872,84.0,,755.0,0.0,48.0,2.61,13.0,27.0
1726586.3579998722,85.0,,1427.0,30.0,50.0,2.52,13.0,27.0
1726598.62,86.0,,1384.0,45.0,49.0,14.86,24.0,27.0
1726619.0,85.0,,889.0,37.0,48.0,2.47,12.0,27.0
1726627.005999872,86.0,,1508.0,34.0,48.0,12.27,18.0,27.0
1726635.0240000002,85.0,,1357.0,18.0,48.0,11.3,19.0,27.0
1726643.0480000002,86.0,,890.0,5.0,49.0,2.52,12.0,27.0
1726651.0960000001,86.0,,1000.0,1.0,50.0,5.02,15.0,27.0
1726659.1230000642,86.0,,777.0,12.0,51.0,8.83,18.0,27.0
1726667.169999872,87.0,,787.0,25.0,52.0,6.94,17.0,27.0
1726675.195000064,89.0,,1777.0,38.0,51.0,4.88,14.0,27.0
1726683.2169999362,89.0,,1215.0,18.0,51.0,2.25,12.0,27.0
1726691.2369999362,88.0,,1383.0,22.0,51.0,3.55,13.0,27.0
1726699.259000064,89.0,,1511.0,24.0,51.0,3.36,13.0,27.0
1726710.08,90.0,,806.0,0.0,52.0,2.86,13.0,27.0
1726718.12,90.0,,758.0,8.0,52.0,2.72,13.0,27.0
1726726.179000064,91.0,,923.0,6.0,53.0,7.05,17.0,27.0
1726734.219000064,93.0,,1569.0,29.0,54.0,18.52,33.0,27.0
1726742.2640000002,93.0,,1430.0,40.0,54.0,2.5,13.0,27.0
1726750.296999936,90.0,,1486.0,37.0,54.0,3.41,13.0,27.0
1726758.312999936,89.0,,1103.0,11.0,54.0,2.5,13.0,27.0
1726766.344,89.0,,1333.0,24.0,54.0,10.5,17.0,27.0
1726774.358999808,89.0,,834.0,0.0,54.0,2.91,13.0,27.0
1726782.373999872,90.0,,752.0,0.0,54.0,2.69,13.0,27.0
1726790.3849999362,91.0,,751.0,0.0,54.0,2.72,13.0,27.0
1726798.4059998721,91.0,,752.0,0.0,54.0,2.66,13.0,27.0
1726806.4129999361,92.0,,755.0,15.0,55.0,2.66,13.0,27.0
1726814.4259998722,93.0,,1342.0,30.0,56.0,15.41,31.0,27.0
1726825.827000064,93.0,,1249.0,38.0,55.0,11.77,21.0,27.0
1726834.105999872,93.0,,719.0,18.0,55.0,2.55,13.0,27.0
1726851.473999872,93.0,,1513.0,29.0,55.0,12.52,20.0,27.0
1726859.4859998722,93.0,,1301.0,0.0,55.0,4.75,13.0,27.0
1726867.499000064,94.0,,1076.0,13.0,56.0,8.25,18.0,27.0
1726871.5040000002,95.0,,709.0,,56.0,6.83,17.0,27.0
1726880.0939998722,95.0,,824.0,0.0,57.0,2.8,13.0,27.0
1726893.501999872,96.0,,746.0,0.0,57.0,2.66,13.0,27.0
1726901.981999872,96.0,,775.0,0.0,57.0,2.75,13.0,27.0
1726920.574999808,97.0,,771.0,0.0,57.0,2.69,13.0,27.0
1775434.012999936,86.0,,748.0,0.0,38.0,2.58,13.0,26.0
1775442.0520000001,86.0,,755.0,0.0,38.0,2.63,13.0,26.0
1775450.081999872,86.0,,749.0,0.0,38.0,2.61,13.0,26.0
1775458.112999936,86.0,,749.0,0.0,39.0,2.58,13.0,26.0
1775466.1400000001,86.0,,745.0,0.0,39.0,2.61,13.0,26.0
1775474.156999936,86.0,,754.0,0.0,39.0,2.61,13.0,26.0
1775482.180999936,86.0,,749.0,0.0,39.0,2.63,13.0,26.0
1775490.2329999362,86.0,,1263.0,12.0,40.0,7.02,17.0,26.0
1775498.26,86.0,,1212.0,29.0,41.0,10.38,19.0,26.0
1775517.5480000002,86.0,,1171.0,32.0,41.0,2.13,17.0,26.0
1775547.761999872,86.0,,1332.0,33.0,42.0,5.27,14.0,26.0
1775576.6219998721,85.0,,760.0,15.0,42.0,2.44,13.0,26.0
1775584.6379998722,86.0,,1650.0,51.0,43.0,13.19,20.0,26.0
1775592.662999808,86.0,,1806.0,66.0,42.0,21.38,42.0,26.0
1775600.6689999362,86.0,,2179.0,76.0,42.0,23.08,27.0,26.0
1775608.6859998722,85.0,,2287.0,79.0,41.0,15.52,20.0,26.0
1775616.692,84.0,,2394.0,83.0,41.0,15.22,20.0,26.0
1775628.7169999362,84.0,,2638.0,90.0,41.0,16.16,20.0,26.0
1775648.640999936,83.0,,2842.0,104.0,39.0,34.44,66.0,26.0
1775657.704999936,82.0,,3208.0,112.0,39.0,40.27,66.0,26.0
1775679.3139998722,81.0,,2925.0,86.0,39.0,5.52,15.0,26.0
1775683.321999872,84.0,,2553.0,,36.0,23.75,27.0,26.0
1775691.3619998721,84.0,,2554.0,85.0,37.0,25.36,27.0,26.0
1775699.4129999361,83.0,,2497.0,84.0,37.0,24.75,26.0,26.0
1775707.424,83.0,,2569.0,82.0,37.0,4.88,15.0,26.0
1775715.4510000641,81.0,,2135.0,47.0,38.0,4.02,14.0,26.0
1775723.468,82.0,,711.0,15.0,39.0,2.72,13.0,26.0
1775731.5,84.0,,2009.0,33.0,38.0,3.83,13.0,26.0
1775739.5269998081,85.0,,1753.0,41.0,39.0,19.02,27.0,26.0
1775747.547000064,86.0,,1895.0,60.0,39.0,22.11,51.0,26.0
1775760.571000064,85.0,,2069.0,77.0,39.0,12.38,17.0,26.0
1775800.5760000001,84.0,,2492.0,81.0,38.0,4.72,14.0,26.0
1775804.582999808,84.0,,1156.0,,39.0,4.63,14.0,26.0
1775812.592999936,85.0,,1567.0,41.0,39.0,19,48.0,26.0
1775820.5979998722,86.0,,735.0,14.0,39.0,2.61,13.0,26.0
1775847.748999936,87.0,,756.0,18.0,40.0,2.5,13.0,26.0
1775856.164999936,86.0,,723.0,5.0,42.0,2.47,13.0,26.0
1775881.2129999362,86.0,,751.0,10.0,42.0,2.61,13.0,26.0
1775892.461999872,87.0,,837.0,0.0,43.0,2.47,13.0,26.0
1776022.6899998721,87.0,,740.0,0.0,44.0,2.55,13.0,26.0
1776026.696,96.0,,797.0,,51.0,2.44,13.0,26.0
1776121.565999872,96.0,,1295.0,9.0,51.0,9.22,18.0,26.0
1776129.5779998722,93.0,,1277.0,10.0,59.0,13.38,22.0,26.0
1776137.5889999361,95.0,,783.0,9.0,59.0,7,17.0,26.0
1776145.5960000001,96.0,,1103.0,25.0,59.0,12.3,48.0,26.0
1776157.589999872,96.0,,1830.0,45.0,56.0,20.58,52.0,26.0
1776173.5720000002,96.0,,731.0,47.0,56.0,2.58,13.0,26.0
1776185.2040000001,90.0,,725.0,0.0,57.0,2.58,13.0,26.0
1776199.0209999362,92.0,,764.0,0.0,57.0,2.66,13.0,26.0
1776269.547000064,93.0,,751.0,0.0,57.0,2.63,13.0,26.0
1776281.904,92.0,,1223.0,34.0,53.0,2.61,13.0,26.0
1776289.910999808,89.0,,2395.0,65.0,51.0,27.88,55.0,26.0
1776306.4369999361,87.0,,1762.0,43.0,53.0,3.13,13.0,26.0
1776319.092999936,84.0,,857.0,0.0,54.0,2.41,13.0,26.0
1776386.956,87.0,,735.0,0.0,55.0,2.22,12.0,26.0
1776390.961999872,80.0,,770.0,14.0,53.0,5.94,17.0,26.0
1776418.9899998722,81.0,,919.0,13.0,54.0,2.33,13.0,26.0
1776427.0009999361,84.0,,1267.0,33.0,54.0,10.63,19.0,26.0
1776440.664999936,84.0,,751.0,2.0,54.0,2.38,13.0,26.0
1776450.9219998722,84.0,,1495.0,24.0,55.0,8.97,17.0,26.0
1776454.9289999362,86.0,,890.0,18.0,56.0,1.69,12.0,26.0
1776462.9349998082,87.0,,834.0,15.0,56.0,4.02,14.0,26.0
1776484.713999872,87.0,,892.0,12.0,56.0,2.02,12.0,26.0
1776509.6289999362,87.0,,766.0,0.0,56.0,2.22,12.0,26.0
1776517.644,90.0,,770.0,0.0,57.0,2.27,12.0,26.0
1776525.9429998081,91.0,,749.0,0.0,57.0,3.55,16.0,26.0
