Time,Engine Coolant Temperature [C],Intake Manifold Pressure [kPa],Engine RPM [RPM],Vehicle Speed [km/h],Intake Air Temperature [C],MAF [g/s],Throttle Position [%],Ambient Air Temperature [C],Accelerator Pedal Position [%]
0.0,11,98.0,0.0,0.0,101.0,0.0,88.6,-1.0,14.5
0.9,11,98.0,0.0,0.0,100.0,0.0,88.6,-1.0,14.1
1.77,11,98.0,0.0,0.0,100.0,0.0,88.6,-1.0,14.5
2.6710000000000003,11,98.0,0.0,0.0,99.0,0.0,88.6,-1.0,14.1
3.5420000000000003,11,98.0,0.0,0.0,99.0,0.0,88.6,-1.0,14.5
4.441,11,98.0,0.0,0.0,99.0,0.0,88.6,-1.0,14.1
5.340000000000001,11,98.0,0.0,0.0,98.0,0.0,88.6,-1.0,14.1
6.211,11,98.0,0.0,0.0,98.0,0.0,88.6,-1.0,14.5
7.112,11,98.0,0.0,0.0,98.0,0.0,88.6,-1.0,14.1
8.011000000000001,11,98.0,0.0,0.0,98.0,0.0,88.6,-1.0,14.5
8.881,11,95.0,1084.0,0.0,95.0,17.41,83.1,-1.0,14.1
9.781,11,96.0,1021.0,0.0,55.0,16.3,83.1,-1.0,14.1
10.622,11,96.0,984.0,0.0,25.0,16.13,83.1,-1.0,14.5
11.461,11,97.0,968.0,0.0,-9.0,15.58,83.1,-1.0,14.5
12.391,11,97.0,922.0,0.0,-19.0,15.08,83.1,-1.0,14.5
13.291,11,97.0,925.0,0.0,-27.0,15.63,83.1,-1.0,14.5
14.161000000000001,10,97.0,957.0,3.0,-31.0,16.16,83.1,-1.0,14.1
15.091000000000001,10,98.0,1003.0,2.0,-35.0,17.05,83.1,-1.0,14.9
15.99,10,99.0,954.0,1.0,-37.0,15.38,83.1,-1.0,15.7
16.831,10,99.0,942.0,2.0,-40.0,17.02,83.1,-1.0,14.1
17.671,10,100.0,983.0,1.0,-40.0,17.24,83.1,-1.0,14.5
18.481,10,101.0,958.0,1.0,-40.0,16.61,83.1,-1.0,14.5
19.291,10,101.0,984.0,1.0,-40.0,16.97,83.1,-1.0,17.3
20.191000000000003,10,101.0,935.0,1.0,-40.0,16.49,83.1,-1.0,15.7
21.001,10,102.0,938.0,1.0,-40.0,16.38,83.1,-1.0,17.3
21.782,10,102.0,921.0,2.0,-39.0,16.08,83.1,-1.0,17.3
22.711000000000002,10,102.0,924.0,3.0,-38.0,16.33,83.1,-1.0,17.3
23.551000000000002,10,103.0,945.0,4.0,-37.0,16.86,83.1,-1.0,17.3
24.331000000000003,10,104.0,944.0,5.0,-36.0,17.08,83.1,-1.0,17.3
25.231,10,104.0,939.0,6.0,-34.0,16.88,83.1,-1.0,17.6
25.982000000000003,10,105.0,1069.0,9.0,-33.0,22.02,83.1,-1.0,32.9
26.731,10,114.0,1527.0,13.0,-30.0,35.97,83.1,-1.0,41.6
27.541,10,142.0,1915.0,17.0,-26.0,48.83,83.1,-1.0,31.0
28.381,10,124.0,1586.0,17.0,-25.0,24.33,31.0,-1.0,28.6
29.131,10,100.0,1040.0,17.0,-28.0,19.11,83.1,-1.0,31.0
30.002000000000002,10,111.0,1115.0,19.0,-27.0,22.66,83.5,-1.0,24.7
30.931,10,114.0,1133.0,19.0,-25.0,22.52,83.5,-1.0,23.5
31.771,10,110.0,1132.0,19.0,-24.0,23.13,83.5,-1.0,32.2
32.671,10,117.0,1226.0,21.0,-22.0,26.3,83.5,-1.0,24.3
33.513000000000005,10,113.0,1276.0,22.0,-21.0,25.86,83.5,-1.0,26.7
34.261,10,114.0,1312.0,22.0,-19.0,27.02,83.5,-1.0,28.2
35.071000000000005,10,116.0,1350.0,23.0,-18.0,28.55,83.5,-1.0,31.0
35.821000000000005,10,119.0,1391.0,24.0,-17.0,30.22,83.5,-1.0,28.6
36.571000000000005,10,121.0,1406.0,24.0,-17.0,29.05,83.5,-1.0,23.1
37.471000000000004,10,109.0,1375.0,24.0,-16.0,25.99,83.5,-1.0,14.1
38.221000000000004,10,102.0,1282.0,22.0,-15.0,22.74,83.5,-1.0,14.5
38.971000000000004,10,98.0,1145.0,20.0,-15.0,20.11,83.5,-1.0,14.1
39.724000000000004,10,98.0,982.0,18.0,-15.0,17.66,83.5,-1.0,14.1
40.534000000000006,10,101.0,1016.0,14.0,-14.0,18.33,83.5,-1.0,14.1
41.282000000000004,11,103.0,1030.0,10.0,-13.0,18.94,83.5,-1.0,14.1
42.032000000000004,11,104.0,1032.0,6.0,-12.0,18.74,83.5,-1.0,14.1
42.782000000000004,11,105.0,1038.0,4.0,-11.0,19.33,83.5,-1.0,14.5
43.533,11,106.0,1040.0,4.0,-10.0,19.05,83.5,-1.0,14.1
44.371,11,106.0,1040.0,4.0,-9.0,19.41,83.5,-1.0,14.1
45.120000000000005,11,106.0,1041.0,4.0,-8.0,19.3,83.5,-1.0,14.1
45.871,11,106.0,1040.0,5.0,-8.0,19.69,83.5,-1.0,14.1
46.626000000000005,12,106.0,1041.0,4.0,-8.0,19.27,83.5,-1.0,14.1
47.371,12,106.0,1043.0,3.0,-8.0,19.22,83.5,-1.0,14.1
48.121,12,106.0,1042.0,3.0,-7.0,19.47,83.5,-1.0,14.1
48.871,12,106.0,1043.0,3.0,-6.0,19.33,83.5,-1.0,14.1
49.621,12,106.0,1041.0,2.0,-6.0,19.38,83.5,-1.0,14.1
50.371,12,106.0,1043.0,2.0,-5.0,19.33,83.5,-1.0,14.1
51.122,12,106.0,1040.0,3.0,-4.0,19.16,83.5,-1.0,14.1
51.870000000000005,12,106.0,1041.0,6.0,-4.0,18.19,83.5,-1.0,20.4
52.623000000000005,12,106.0,1226.0,11.0,-4.0,27.86,83.5,-1.0,34.5
53.371,12,120.0,1824.0,16.0,-4.0,39.47,38.0,-1.0,14.1
54.127,12,101.0,1110.0,19.0,0.0,20.63,56.1,-1.0,26.7
54.901,12,104.0,1279.0,22.0,-2.0,25.41,83.5,-1.0,25.9
55.832,12,106.0,1418.0,24.0,-1.0,26.49,83.5,-1.0,22.0
56.730000000000004,12,99.0,1487.0,26.0,-1.0,26.38,83.5,-1.0,22.7
57.631,12,104.0,1476.0,25.0,0.0,28.99,83.5,-1.0,21.6
58.531000000000006,12,111.0,1512.0,26.0,0.0,30.22,83.5,-1.0,14.1
59.431000000000004,13,111.0,1509.0,26.0,1.0,30.08,83.5,-1.0,14.1
60.331,13,111.0,1397.0,24.0,1.0,27.11,83.5,-1.0,14.1
61.232000000000006,13,109.0,1335.0,23.0,0.0,25.27,83.5,-1.0,14.1
62.251000000000005,13,108.0,1067.0,22.0,0.0,19.91,83.5,-1.0,14.1
63.211000000000006,13,107.0,1052.0,19.0,-1.0,19.61,83.5,-1.0,14.1
64.113,13,106.0,1044.0,14.0,-1.0,19.52,83.5,-1.0,14.1
65.043,13,106.0,1042.0,10.0,0.0,19.33,83.5,-1.0,14.1
65.94200000000001,13,106.0,1043.0,7.0,0.0,19.3,83.5,-1.0,16.9
66.84400000000001,13,106.0,1011.0,9.0,0.0,20.66,83.5,-1.0,30.6
67.771,13,108.0,1434.0,13.0,0.0,31.38,83.5,-1.0,37.6
68.703,13,125.0,1322.0,15.0,4.0,19.11,31.0,-1.0,14.1
69.631,13,103.0,1043.0,14.0,1.0,18.97,83.5,-1.0,25.9
70.562,13,106.0,988.0,16.0,1.0,19.16,83.5,-1.0,31.0
71.461,13,111.0,1186.0,20.0,1.0,24.41,83.5,-1.0,31.4
72.423,13,118.0,1317.0,23.0,3.0,27.8,83.5,-1.0,27.8
73.47200000000001,13,111.0,1403.0,24.0,3.0,27.58,83.5,-1.0,27.1
74.405,13,106.0,1426.0,24.0,3.0,26.74,83.5,-1.0,27.1
75.331,14,104.0,1430.0,24.0,4.0,26.8,83.5,-1.0,27.1
76.262,14,106.0,1427.0,24.0,3.0,27.74,83.5,-1.0,28.2
77.221,14,107.0,1454.0,25.0,4.0,27.74,83.5,-1.0,28.6
78.211,14,111.0,1426.0,24.0,4.0,28.55,83.5,-1.0,28.2
79.171,14,111.0,1416.0,24.0,4.0,27.8,83.5,-1.0,26.7
80.07000000000001,14,110.0,1408.0,24.0,4.0,27.24,83.5,-1.0,27.1
80.97,14,107.0,1402.0,24.0,4.0,26.94,83.5,-1.0,25.5
81.87100000000001,14,107.0,1377.0,24.0,3.0,26.11,83.5,-1.0,25.9
82.801,14,106.0,1374.0,23.0,3.0,26.36,83.5,-1.0,25.5
83.7,14,107.0,1371.0,23.0,3.0,26.11,83.5,-1.0,26.3
84.601,14,108.0,1369.0,23.0,3.0,26.66,83.5,-1.0,25.9
85.501,14,108.0,1374.0,23.0,3.0,26.38,83.5,-1.0,26.3
86.40100000000001,14,108.0,1390.0,24.0,3.0,27.11,83.5,-1.0,26.7
87.30000000000001,14,108.0,1405.0,24.0,3.0,27.02,83.5,-1.0,27.1
88.2,14,108.0,1409.0,24.0,4.0,27.22,83.5,-1.0,26.7
89.10000000000001,14,108.0,1425.0,24.0,4.0,27.69,83.5,-1.0,26.7
90.0,15,108.0,1421.0,24.0,4.0,27.52,83.5,-1.0,28.2
90.93,15,110.0,1439.0,25.0,4.0,28.61,83.5,-1.0,28.6
91.831,15,112.0,1452.0,25.0,4.0,28.86,83.5,-1.0,28.6
92.76,15,110.0,1468.0,25.0,4.0,28.66,83.5,-1.0,29.0
93.69000000000001,15,109.0,1486.0,25.0,4.0,29.19,83.5,-1.0,28.2
94.62100000000001,15,108.0,1515.0,26.0,4.0,29.61,83.5,-1.0,28.2
95.52000000000001,15,108.0,1575.0,27.0,4.0,30.83,83.5,-1.0,27.5
96.42,15,107.0,1623.0,28.0,4.0,31.22,83.5,-1.0,27.1
97.32000000000001,15,106.0,1693.0,29.0,4.0,32.49,83.5,-1.0,27.1
98.22000000000001,15,106.0,1718.0,30.0,4.0,33.13,83.5,-1.0,25.9
99.12,16,105.0,1766.0,30.0,4.0,33.61,83.5,-1.0,25.9
100.021,16,105.0,1798.0,31.0,4.0,34.97,83.5,-1.0,32.9
100.921,16,119.0,1886.0,32.0,4.0,33.22,83.5,-1.0,14.1
101.82100000000001,16,113.0,1097.0,34.0,3.0,24.19,83.5,-1.0,26.3
102.72000000000001,16,104.0,1327.0,35.0,2.0,24.74,83.5,-1.0,24.3
103.62100000000001,16,102.0,1371.0,37.0,2.0,24.55,83.5,-1.0,14.1
104.55000000000001,16,101.0,1370.0,37.0,3.0,25.74,83.5,-1.0,30.6
105.45,17,103.0,1431.0,38.0,3.0,26.86,83.5,-1.0,30.6
106.35100000000001,17,106.0,1488.0,40.0,3.0,29.08,83.5,-1.0,30.6
107.221,17,107.0,1560.0,42.0,4.0,30.22,83.5,-1.0,30.6
108.12,17,108.0,1618.0,43.0,4.0,31.72,83.5,-1.0,29.0
108.99000000000001,17,107.0,1656.0,44.0,4.0,30.94,83.5,-1.0,14.1
109.98100000000001,17,107.0,1640.0,44.0,4.0,32.05,83.5,-1.0,23.9
111.0,17,115.0,1630.0,43.0,4.0,33.88,83.5,-1.0,24.3
111.9,17,119.0,1624.0,44.0,4.0,34.61,83.5,-2.0,24.3
112.831,17,121.0,1652.0,44.0,4.0,35.58,83.5,-2.0,24.3
113.7,18,121.0,1662.0,44.0,4.0,35.58,83.5,-2.0,23.5
114.63000000000001,18,122.0,1661.0,45.0,4.0,35.52,83.5,-2.0,22.7
115.56,18,121.0,1617.0,44.0,4.0,34.02,83.5,-2.0,14.5
116.46000000000001,18,116.0,1598.0,43.0,3.0,32.33,83.5,-2.0,14.1
117.30000000000001,18,114.0,1383.0,42.0,3.0,20.83,83.5,-2.0,14.1
118.141,18,110.0,1028.0,42.0,1.0,19.11,83.5,-2.0,14.1
119.01100000000001,18,106.0,1188.0,38.0,1.0,21.88,83.5,-2.0,14.1
119.85100000000001,18,101.0,1480.0,34.0,2.0,29.97,83.5,-2.0,14.1
120.75000000000001,19,108.0,1763.0,30.0,4.0,34.3,83.5,-2.0,14.1
121.56,19,113.0,1560.0,27.0,4.0,30.24,83.5,-2.0,14.1
122.4,19,112.0,1393.0,24.0,3.0,26.83,83.5,-2.0,21.2
123.21100000000001,19,109.0,1326.0,22.0,2.0,24.36,83.5,-2.0,29.4
123.96100000000001,19,102.0,1367.0,23.0,2.0,25.36,83.5,-2.0,29.8
124.71100000000001,19,102.0,1460.0,25.0,2.0,27.47,83.5,-2.0,28.6
125.46100000000001,19,103.0,1542.0,26.0,3.0,28.49,83.5,-2.0,29.4
126.21100000000001,19,103.0,1562.0,27.0,3.0,29.94,83.5,-2.0,29.8
127.02000000000001,19,104.0,1613.0,27.0,3.0,30.52,83.5,-2.0,29.8
127.861,19,106.0,1636.0,28.0,3.0,33.08,83.5,-2.0,37.3
128.61100000000002,19,121.0,1727.0,30.0,4.0,39.91,83.5,-2.0,42.7
129.36100000000002,20,141.0,1860.0,32.0,5.0,51.3,83.5,-2.0,43.5
130.20000000000002,20,149.0,2060.0,35.0,5.0,43.97,32.2,-2.0,14.1
130.95100000000002,20,104.0,1082.0,36.0,4.0,28.61,80.8,-2.0,54.5
131.85,20,126.0,1510.0,40.0,2.0,40.13,43.9,-2.0,14.5
132.78,20,113.0,999.0,43.0,3.0,19.22,80.4,-2.0,14.1
133.62,20,108.0,1009.0,43.0,0.0,18.47,83.5,-2.0,14.5
134.55,20,106.0,1202.0,43.0,0.0,24.13,83.5,-2.0,14.1
135.39100000000002,20,96.0,1884.0,38.0,2.0,35.83,83.5,-2.0,14.1
136.29000000000002,20,110.0,1962.0,34.0,4.0,38.83,83.5,-2.0,14.1
137.16,20,119.0,1787.0,31.0,4.0,36.88,83.5,-2.0,20.8
137.971,21,119.0,1659.0,28.0,4.0,33.97,83.5,-2.0,23.5
138.751,21,118.0,1612.0,28.0,4.0,33.49,83.5,-2.0,25.1
139.501,21,120.0,1576.0,27.0,3.0,33.13,83.5,-2.0,26.3
140.251,21,106.0,1593.0,27.0,3.0,29.13,83.5,-2.0,27.1
141.001,21,100.0,1615.0,28.0,2.0,28.97,83.5,-2.0,29.4
141.751,21,100.0,1678.0,29.0,3.0,30.72,83.5,-2.0,30.2
142.501,21,102.0,1742.0,30.0,3.0,32.91,83.5,-2.0,34.5
143.251,21,109.0,1771.0,30.0,3.0,38.05,83.5,-2.0,40.0
144.001,21,130.0,1927.0,33.0,3.0,46.22,83.5,-2.0,40.8
144.751,21,136.0,1956.0,35.0,5.0,28.94,30.6,-2.0,16.5
145.501,21,102.0,1433.0,36.0,4.0,26.13,82.0,-2.0,41.6
146.251,21,117.0,1455.0,39.0,1.0,32.72,83.5,-2.0,42.0
147.001,22,135.0,1588.0,43.0,3.0,38.99,83.5,-2.0,14.5
147.81,22,107.0,1100.0,44.0,3.0,17.47,31.0,-2.0,23.5
148.59,22,103.0,1163.0,46.0,1.0,21.05,83.5,-2.0,14.1
149.34,22,101.0,1180.0,46.0,1.0,21.24,83.5,-2.0,14.1
150.09,22,103.0,1194.0,46.0,1.0,22.16,83.5,-2.0,14.1
150.84,22,105.0,1214.0,47.0,2.0,22.41,83.5,-2.0,14.5
151.591,22,105.0,1213.0,47.0,2.0,22.44,83.5,-2.0,14.1
152.401,22,106.0,1231.0,48.0,2.0,23.27,83.5,-2.0,14.1
153.151,22,106.0,1236.0,48.0,2.0,23.24,83.5,-2.0,14.5
153.901,22,106.0,1247.0,49.0,2.0,23.33,83.5,-2.0,14.5
154.651,23,106.0,1254.0,49.0,2.0,23.69,83.5,-2.0,14.5
155.401,23,106.0,1264.0,49.0,2.0,23.91,83.5,-2.0,14.1
156.151,23,106.0,1285.0,50.0,2.0,24.13,83.5,-2.0,14.1
156.901,23,106.0,1292.0,50.0,2.0,24.36,83.5,-2.0,14.1
157.651,23,106.0,1303.0,51.0,2.0,24.58,83.5,-2.0,14.1
158.401,23,106.0,1312.0,51.0,2.0,24.8,83.5,-2.0,14.5
159.21,23,107.0,1328.0,51.0,2.0,25.38,83.5,-2.0,14.1
159.991,23,107.0,1330.0,52.0,3.0,25.41,83.5,-2.0,14.1
160.80100000000002,23,107.0,1346.0,52.0,3.0,25.58,83.5,-2.0,14.1
161.55100000000002,23,107.0,1356.0,53.0,3.0,25.99,83.5,-2.0,14.1
162.393,23,107.0,1371.0,53.0,3.0,25.99,83.5,-2.0,14.1
163.144,23,108.0,1378.0,54.0,3.0,26.77,83.5,-2.0,14.1
164.01100000000002,24,108.0,1388.0,54.0,3.0,26.97,83.5,-2.0,14.1
164.952,24,108.0,1393.0,54.0,3.0,27.05,83.5,-2.0,14.1
165.841,24,108.0,1414.0,55.0,3.0,27.19,83.5,-2.0,14.1
166.741,24,108.0,1419.0,55.0,3.0,27.69,83.5,-2.0,14.1
167.674,24,109.0,1435.0,56.0,3.0,27.94,83.5,-2.0,14.1
168.574,24,109.0,1455.0,56.0,3.0,27.97,83.5,-2.0,14.1
169.471,24,109.0,1457.0,57.0,3.0,28.47,83.5,-2.0,14.1
170.372,24,109.0,1467.0,57.0,3.0,28.97,83.5,-2.0,14.1
171.27200000000002,24,110.0,1476.0,58.0,3.0,28.86,83.5,-2.0,14.1
172.172,24,110.0,1503.0,58.0,3.0,28.72,83.5,-2.0,14.1
173.074,24,110.0,1496.0,58.0,3.0,29.36,83.5,-2.0,14.1
173.973,24,110.0,1506.0,59.0,3.0,27.86,83.5,-2.0,14.5
174.871,25,109.0,1044.0,60.0,2.0,19.36,83.5,-2.0,14.1
175.77200000000002,25,101.0,1710.0,57.0,1.0,35.3,83.5,-2.0,14.1
176.672,25,105.0,2011.0,54.0,3.0,39.88,83.5,-2.0,14.1
177.60000000000002,25,116.0,1905.0,51.0,4.0,38.69,83.5,-2.0,14.1
178.501,25,117.0,1748.0,46.0,4.0,35.16,83.5,-2.0,14.1
179.401,25,116.0,1593.0,43.0,3.0,32.19,83.5,-2.0,14.1
180.30100000000002,25,113.0,1487.0,40.0,3.0,29.19,83.5,-2.0,18.0
181.20000000000002,25,111.0,1485.0,39.0,2.0,28.24,83.5,-2.0,32.5
182.16400000000002,25,104.0,1530.0,41.0,2.0,29.49,83.5,-2.0,34.9
183.065,25,108.0,1639.0,44.0,2.0,33.69,83.5,-2.0,35.3
183.96300000000002,25,116.0,1733.0,47.0,3.0,32.47,83.5,-2.0,17.6
184.89200000000002,25,112.0,1265.0,49.0,2.0,25.11,83.5,-2.0,30.2
185.79100000000003,25,111.0,1319.0,51.0,1.0,23.99,83.5,-2.0,14.1
186.75300000000001,25,105.0,1246.0,52.0,1.0,21.8,83.5,-2.0,14.1
187.681,25,108.0,1315.0,53.0,1.0,29.16,83.5,-2.0,14.1
188.58100000000002,25,101.0,1692.0,53.0,1.0,25.02,83.5,-2.0,14.5
189.48100000000002,25,109.0,1059.0,50.0,3.0,22.22,83.5,-2.0,14.1
190.381,25,100.0,1487.0,45.0,0.0,28.52,83.5,-2.0,14.5
191.28,25,106.0,2044.0,38.0,3.0,42.3,83.5,-2.0,14.1
192.211,26,119.0,1908.0,33.0,4.0,39.36,83.5,-2.0,14.1
193.11100000000002,26,119.0,1670.0,28.0,3.0,33.63,83.5,-2.0,14.1
194.01100000000002,26,115.0,1497.0,25.0,2.0,28.49,83.5,-2.0,27.5
194.911,26,102.0,1470.0,25.0,2.0,26.52,83.5,-2.0,31.0
195.812,26,101.0,1468.0,25.0,2.0,27.3,83.5,-2.0,31.8
196.71200000000002,26,104.0,1509.0,26.0,2.0,28.3,83.5,-2.0,31.0
197.61100000000002,26,105.0,1528.0,26.0,2.0,28.69,83.5,-2.0,28.2
198.51100000000002,26,103.0,1530.0,26.0,2.0,28.22,83.5,-2.0,36.5
199.412,26,109.0,1578.0,27.0,2.0,33.88,83.5,-2.0,46.3
200.311,26,137.0,1778.0,31.0,2.0,53.88,83.5,-2.0,36.1
201.21,26,130.0,1651.0,34.0,4.0,25.55,37.6,-2.0,47.8
202.11,26,126.0,1358.0,37.0,3.0,34.86,83.5,-2.0,60.0
203.01100000000002,26,176.0,1589.0,43.0,4.0,61.49,83.5,-2.0,58.4
203.911,26,218.0,1863.0,51.0,5.0,40.83,30.6,-2.0,14.1
204.811,26,118.0,1028.0,51.0,1.0,25.38,83.5,-2.0,35.7
205.74200000000002,26,110.0,1328.0,52.0,0.0,25.61,83.5,-2.0,29.0
206.64100000000002,26,105.0,1355.0,53.0,1.0,24.69,83.5,-2.0,28.6
207.54100000000003,26,101.0,1386.0,54.0,1.0,24.83,83.5,-2.0,14.5
208.46900000000002,26,100.0,1400.0,55.0,1.0,25.44,83.5,-2.0,14.1
209.37,27,107.0,1400.0,54.0,1.0,26.74,83.5,-2.0,14.1
210.27100000000002,27,110.0,1419.0,54.0,2.0,26.63,83.5,-2.0,29.0
211.20000000000002,27,103.0,1427.0,56.0,2.0,25.72,83.5,-2.0,14.1
212.10600000000002,27,101.0,1443.0,56.0,2.0,26.44,83.5,-2.0,14.1
212.971,27,108.0,1448.0,56.0,2.0,27.74,83.5,-2.0,14.5
213.87,27,110.0,1450.0,56.0,2.0,28.19,83.5,-2.0,14.5
214.74,27,111.0,1458.0,57.0,2.0,28.58,83.5,-2.0,14.1
215.64200000000002,27,111.0,1464.0,57.0,2.0,28.55,83.5,-2.0,14.1
216.484,27,111.0,1466.0,57.0,2.0,28.52,83.5,-2.0,14.1
217.411,27,111.0,1469.0,57.0,2.0,28.74,83.5,-2.0,14.1
218.281,27,111.0,1468.0,57.0,2.0,28.69,83.5,-2.0,14.1
219.162,28,111.0,1470.0,57.0,2.0,28.38,83.5,-2.0,14.1
219.99,28,111.0,1470.0,57.0,2.0,28.55,83.5,-2.0,14.1
220.92000000000002,28,111.0,1466.0,57.0,2.0,28.83,83.5,-2.0,14.1
221.763,28,111.0,1466.0,57.0,2.0,28.58,83.5,-2.0,14.1
222.632,28,111.0,1470.0,57.0,2.0,28.22,83.5,-2.0,14.1
223.471,28,111.0,1464.0,57.0,2.0,28.47,83.5,-2.0,14.5
224.282,28,111.0,1460.0,57.0,2.0,28.41,83.5,-2.0,14.1
225.18,28,111.0,1458.0,57.0,2.0,28.66,83.5,-2.0,14.1
226.05100000000002,28,111.0,1447.0,56.0,2.0,28.08,83.5,-2.0,14.5
226.95100000000002,28,110.0,1434.0,56.0,2.0,28.05,83.5,-2.0,14.1
227.883,28,110.0,1445.0,56.0,2.0,27.99,83.5,-2.0,14.1
228.751,28,110.0,1426.0,56.0,2.0,27.55,83.5,-2.0,14.1
229.65300000000002,28,110.0,1413.0,55.0,2.0,27.16,83.5,-2.0,14.1
230.524,28,110.0,1399.0,54.0,2.0,26.97,83.5,-2.0,14.5
231.39100000000002,29,109.0,1384.0,54.0,2.0,26.66,83.5,-2.0,14.1
232.29000000000002,29,109.0,1369.0,53.0,2.0,22.94,83.5,-2.0,14.1
233.16000000000003,29,108.0,1082.0,52.0,2.0,22.38,83.5,-2.0,14.1
234.001,29,99.0,1798.0,48.0,0.0,32.63,83.5,-2.0,14.1
234.87300000000002,29,110.0,1346.0,44.0,2.0,20.22,83.5,-2.0,14.1
235.71,29,109.0,1044.0,38.0,2.0,19.33,83.5,-2.0,14.1
236.58,29,107.0,1042.0,32.0,0.0,18.97,83.5,-2.0,14.1
237.42000000000002,29,107.0,1039.0,27.0,0.0,19.02,83.5,-2.0,14.1
238.17000000000002,29,106.0,1040.0,24.0,0.0,18.91,83.5,-2.0,16.5
239.01200000000003,29,106.0,1213.0,24.0,0.0,25.49,83.5,-2.0,26.3
239.822,29,100.0,1458.0,25.0,1.0,26.72,83.5,-2.0,36.1
240.573,29,107.0,1576.0,27.0,2.0,28.99,83.5,-2.0,14.1
241.32100000000003,29,108.0,1056.0,28.0,3.0,19.27,83.5,-2.0,14.1
242.16000000000003,29,108.0,1036.0,28.0,1.0,18.72,83.5,-2.0,14.1
242.97000000000003,29,107.0,1036.0,29.0,0.0,18.86,83.5,-2.0,14.1
243.723,29,107.0,1040.0,30.0,1.0,19.13,83.5,-2.0,14.1
244.47500000000002,29,107.0,1039.0,30.0,1.0,19.13,83.5,-2.0,14.1
245.221,29,107.0,1039.0,29.0,1.0,18.72,83.5,-2.0,14.5
245.98000000000002,29,107.0,1041.0,28.0,1.0,19.24,83.5,-2.0,14.1
246.72400000000002,29,107.0,1038.0,26.0,1.0,18.99,83.5,-2.0,14.5
247.56,29,107.0,1036.0,24.0,1.0,18.97,83.5,-2.0,14.1
248.311,29,107.0,1037.0,22.0,1.0,18.72,83.5,-2.0,14.1
249.06,30,107.0,1040.0,20.0,1.0,18.99,83.5,-2.0,14.1
249.81,30,107.0,1038.0,18.0,1.0,18.86,83.5,-2.0,14.1
250.561,30,107.0,1039.0,14.0,1.0,18.91,83.5,-2.0,14.1
251.31,30,107.0,1038.0,9.0,1.0,18.94,83.5,-2.0,14.1
252.06,30,107.0,1039.0,6.0,1.0,18.86,83.5,-2.0,14.1
252.81,30,107.0,1041.0,6.0,1.0,18.83,83.5,-2.0,14.1
253.561,30,107.0,1039.0,5.0,1.0,18.99,83.5,-2.0,14.1
254.31,30,107.0,1043.0,3.0,1.0,18.88,83.5,-2.0,14.1
255.062,30,107.0,1041.0,1.0,1.0,18.91,83.5,-2.0,14.1
255.96300000000002,30,107.0,1041.0,0.0,1.0,18.94,83.5,-2.0,14.1
256.714,30,107.0,1042.0,0.0,1.0,18.77,83.5,-2.0,14.5
257.462,30,107.0,1026.0,1.0,1.0,18.49,83.5,-2.0,14.5
258.211,30,107.0,1015.0,1.0,1.0,18.27,83.5,-2.0,14.5
258.963,30,107.0,987.0,3.0,1.0,17.99,83.5,-2.0,14.5
259.711,30,108.0,981.0,5.0,1.0,17.77,83.5,-2.0,14.9
260.521,30,108.0,1079.0,9.0,1.0,21.44,83.5,-2.0,32.5
261.3,30,110.0,1600.0,13.0,2.0,37.19,83.5,-2.0,44.3
262.082,30,145.0,2166.0,19.0,5.0,51.74,37.6,-2.0,14.1
262.862,30,101.0,1370.0,20.0,5.0,24.47,80.8,-2.0,49.4
263.61600000000004,30,123.0,1466.0,25.0,3.0,38.63,83.5,-2.0,56.9
264.363,30,183.0,1893.0,32.0,5.0,75.72,83.5,-2.0,53.3
265.11400000000003,30,205.0,2349.0,41.0,7.0,82.66,83.5,-2.0,14.1
265.86600000000004,30,106.0,1961.0,43.0,7.0,29.61,31.0,-2.0,43.5
266.615,30,110.0,1630.0,44.0,4.0,38.44,83.5,-2.0,56.9
267.45,30,175.0,1784.0,48.0,2.0,68.52,83.5,-2.0,56.1
268.2,30,208.0,2016.0,54.0,5.0,73.66,83.5,-2.0,18.0
268.95,30,124.0,1657.0,56.0,5.0,26.36,31.0,-2.0,44.3
269.7,30,112.0,1446.0,56.0,2.0,32.33,83.5,-2.0,54.5
270.45300000000003,30,153.0,1512.0,59.0,2.0,45.58,83.5,-2.0,53.7
271.199,31,198.0,1595.0,62.0,4.0,53.66,83.5,-2.0,52.5
271.951,31,194.0,1662.0,65.0,4.0,50.52,83.5,-1.0,47.1
272.7,31,166.0,1707.0,67.0,4.0,46.22,83.5,-1.0,45.9
273.48,31,160.0,1739.0,68.0,4.0,47.24,83.5,-1.0,44.3
274.32,31,153.0,1766.0,69.0,3.0,41.49,83.5,-1.0,41.2
275.25,31,125.0,1774.0,69.0,3.0,37.16,83.5,-1.0,40.8
276.149,31,123.0,1775.0,69.0,2.0,38.49,83.5,-1.0,40.4
277.08000000000004,31,126.0,1771.0,69.0,2.0,38.8,83.5,-1.0,40.4
277.98,31,127.0,1763.0,69.0,2.0,38.58,83.5,-1.0,39.6
278.88,31,126.0,1763.0,69.0,2.0,37.99,83.5,-1.0,39.2
279.781,32,123.0,1755.0,68.0,2.0,36.83,83.5,-1.0,39.2
280.68,32,123.0,1746.0,68.0,2.0,37.61,83.5,-1.0,40.0
281.581,32,127.0,1743.0,68.0,2.0,37.99,83.5,-1.0,40.8
282.512,32,129.0,1743.0,68.0,2.0,38.99,83.5,-1.0,41.6
283.411,32,135.0,1742.0,68.0,2.0,37.16,83.5,-1.0,33.3
284.31100000000004,32,113.0,1723.0,67.0,2.0,31.63,83.5,-1.0,31.8
285.23900000000003,32,104.0,1703.0,66.0,1.0,30.61,83.5,-1.0,32.2
286.139,32,104.0,1681.0,65.0,1.0,30.22,83.5,-1.0,31.8
287.04,33,104.0,1656.0,64.0,1.0,29.66,83.5,-1.0,31.4
287.97200000000004,33,104.0,1634.0,64.0,1.0,29.47,83.5,-1.0,33.7
288.87,33,106.0,1622.0,63.0,1.0,30.74,83.5,-1.0,36.1
289.77000000000004,33,115.0,1613.0,63.0,1.0,32.44,83.5,-1.0,27.5
290.701,33,111.0,1442.0,62.0,2.0,20.63,83.5,-1.0,14.1
291.6,33,111.0,1042.0,61.0,0.0,21.74,83.5,-1.0,14.1
292.529,34,101.0,1830.0,57.0,0.0,35.69,83.5,-1.0,14.1
293.42900000000003,34,110.0,1967.0,53.0,2.0,38.74,83.5,-1.0,14.1
294.39000000000004,34,121.0,1773.0,48.0,3.0,35.55,83.5,-1.0,14.1
295.291,34,121.0,1596.0,43.0,2.0,31.88,83.5,-1.0,19.6
296.189,34,117.0,1510.0,40.0,2.0,29.74,83.5,-1.0,27.8
297.129,34,109.0,1493.0,40.0,1.0,27.13,83.5,-1.0,45.1
298.02000000000004,34,118.0,1581.0,42.0,2.0,38.19,83.5,-1.0,49.0
298.95000000000005,35,165.0,1743.0,47.0,3.0,56.52,83.5,-1.0,50.6
299.88,35,189.0,1974.0,53.0,4.0,64.63,83.5,-1.0,40.8
300.78000000000003,35,136.0,2080.0,57.0,4.0,40.33,83.5,-1.0,14.1
301.682,35,122.0,2070.0,56.0,3.0,44.27,83.5,-1.0,14.1
302.61100000000005,35,129.0,1958.0,53.0,3.0,40.83,83.5,-1.0,14.1
303.509,35,126.0,1758.0,47.0,2.0,36.24,83.5,-1.0,14.1
304.409,35,122.0,1588.0,42.0,2.0,31.63,83.5,-1.0,14.1
305.309,35,118.0,1459.0,39.0,1.0,28.11,83.5,-1.0,14.1
306.209,36,114.0,1380.0,37.0,0.0,26.36,83.5,-1.0,14.1
307.10900000000004,36,112.0,1350.0,36.0,0.0,25.47,83.5,-1.0,24.3
308.01,36,110.0,1338.0,36.0,0.0,24.05,83.5,-1.0,32.9
308.91,36,103.0,1386.0,37.0,0.0,26.27,83.5,-1.0,40.4
309.84000000000003,36,121.0,1458.0,39.0,1.0,33.86,83.5,-1.0,57.6
310.77000000000004,36,168.0,1649.0,44.0,3.0,60.86,83.5,-1.0,63.1
311.671,36,215.0,1959.0,52.0,4.0,74.05,83.5,-1.0,61.6
312.57,36,213.0,2259.0,61.0,4.0,82.47,83.5,-1.0,54.5
313.47200000000004,37,195.0,2389.0,66.0,4.0,36.72,31.0,-1.0,39.6
314.37100000000004,37,111.0,1705.0,66.0,2.0,41.38,83.5,-1.0,61.2
315.271,37,203.0,1800.0,70.0,1.0,66.77,83.5,-1.0,60.8
316.16900000000004,36,218.0,1938.0,75.0,3.0,71.11,83.5,-1.0,60.8
317.07,36,217.0,2069.0,80.0,3.0,77.72,83.5,-1.0,60.8
317.971,36,215.0,2193.0,86.0,3.0,81.58,83.5,-1.0,32.9
318.87,36,147.0,1829.0,87.0,3.0,31.44,83.5,-1.0,48.6
319.77000000000004,36,139.0,1761.0,87.0,0.0,58.49,83.5,-1.0,56.1
320.67,36,206.0,1750.0,89.0,2.0,31.74,31.0,-1.0,33.3
321.57,36,109.0,1489.0,88.0,-1.0,27.99,83.5,-1.0,38.4
322.47,37,113.0,1464.0,87.0,-1.0,27.72,83.5,-1.0,38.8
323.372,37,114.0,1450.0,86.0,-1.0,28.16,83.5,-1.0,44.3
324.27000000000004,37,126.0,1445.0,85.0,0.0,33.83,83.5,-1.0,44.7
325.199,37,150.0,1445.0,85.0,1.0,38.33,83.5,-1.0,47.5
326.10200000000003,37,171.0,1457.0,86.0,1.0,42.22,83.5,-1.0,52.5
327.00100000000003,37,189.0,1473.0,88.0,2.0,44.88,83.5,-1.0,52.5
327.90000000000003,37,186.0,1503.0,89.0,3.0,44.16,83.5,-1.0,52.2
328.8,37,186.0,1531.0,90.0,3.0,45.61,83.5,-1.0,61.2
329.70000000000005,37,210.0,1562.0,93.0,2.0,53.36,83.5,-1.0,60.8
330.59900000000005,38,210.0,1605.0,95.0,3.0,53.88,83.5,-1.0,60.0
331.5,38,213.0,1654.0,98.0,2.0,55.27,83.5,-1.0,53.3
332.43,38,196.0,1684.0,100.0,2.0,45.86,83.5,-1.0,46.3
333.33000000000004,38,156.0,1696.0,101.0,2.0,42.77,83.5,-1.0,45.1
334.22900000000004,38,153.0,1709.0,101.0,2.0,41.74,83.5,-1.0,44.3
335.13,38,146.0,1718.0,101.0,2.0,40.66,83.5,-1.0,49.4
336.03000000000003,39,165.0,1732.0,102.0,2.0,57.02,83.5,-1.0,14.5
336.93,39,129.0,1720.0,102.0,2.0,29.52,31.0,-1.0,14.5
337.89000000000004,39,119.0,1675.0,99.0,0.0,33.36,83.5,-1.0,14.5
338.79,39,124.0,1631.0,96.0,0.0,32.72,83.5,-1.0,14.1
339.69100000000003,39,122.0,1594.0,94.0,0.0,31.83,83.5,-1.0,23.1
340.531,40,123.0,1589.0,93.0,0.0,28.97,83.5,-1.0,32.2
341.40000000000003,40,106.0,1561.0,92.0,0.0,28.08,83.5,-1.0,36.1
342.24,40,109.0,1558.0,92.0,0.0,29.16,83.5,-1.0,40.8
342.992,40,121.0,1557.0,92.0,0.0,33.13,83.5,-1.0,38.8
343.83000000000004,40,128.0,1554.0,92.0,1.0,31.38,83.5,-1.0,38.8
344.642,40,120.0,1553.0,92.0,1.0,30.52,83.5,-1.0,31.0
345.391,40,111.0,1543.0,91.0,1.0,27.99,83.5,-1.0,29.8
346.141,41,105.0,1538.0,91.0,0.0,26.63,83.5,-1.0,35.7
346.95000000000005,41,105.0,1531.0,90.0,0.0,28.58,83.5,-1.0,41.2
347.85,41,123.0,1531.0,90.0,1.0,34.02,83.5,-1.0,43.1
348.75,41,139.0,1538.0,91.0,1.0,36.3,83.5,-1.0,43.9
349.62100000000004,41,148.0,1548.0,91.0,2.0,39.3,83.5,-1.0,46.3
350.49,41,169.0,1558.0,92.0,2.0,39.36,83.5,-1.0,38.8
351.33000000000004,41,133.0,1549.0,92.0,2.0,28.86,83.5,-1.0,14.1
352.22900000000004,42,111.0,1284.0,91.0,1.0,17.97,83.5,-1.0,14.1
353.1,42,109.0,1567.0,89.0,0.0,30.74,83.5,-1.0,14.1
353.969,42,109.0,1058.0,87.0,0.0,18.08,83.5,-1.0,14.1
354.84000000000003,42,105.0,1532.0,86.0,0.0,30.63,83.5,-1.0,14.1
355.68,42,115.0,2137.0,83.0,0.0,43.19,83.5,-1.0,14.1
356.52000000000004,42,129.0,2081.0,81.0,3.0,39.94,83.5,-1.0,14.1
357.358,42,125.0,1115.0,77.0,3.0,24.19,83.5,-1.0,14.1
358.16900000000004,42,103.0,1945.0,71.0,0.0,37.77,83.5,-1.0,14.1
358.981,42,120.0,2427.0,65.0,1.0,50.97,83.5,-1.0,14.1
359.759,42,135.0,2230.0,60.0,4.0,48.24,83.5,-1.0,14.1
360.481,42,133.0,2081.0,56.0,3.0,44.19,83.5,-1.0,14.1
361.23,42,129.0,1967.0,53.0,3.0,40.58,83.5,-1.0,14.1
362.07000000000005,43,126.0,1905.0,51.0,2.0,38.74,83.5,-1.0,14.1
362.882,43,123.0,1825.0,49.0,2.0,36.77,83.5,-1.0,14.1
363.72200000000004,43,122.0,1767.0,47.0,1.0,35.16,83.5,-1.0,14.1
364.46900000000005,43,121.0,1720.0,46.0,1.0,34.33,83.5,-1.0,30.2
365.21900000000005,43,113.0,1724.0,46.0,1.0,31.13,83.5,-1.0,30.6
365.96900000000005,43,106.0,1751.0,47.0,1.0,31.19,83.5,-1.0,30.6
366.721,43,105.0,1773.0,48.0,1.0,31.61,83.5,-1.0,30.6
367.46900000000005,43,105.0,1795.0,48.0,1.0,31.94,83.5,-1.0,30.6
368.22,43,106.0,1817.0,49.0,1.0,32.91,83.5,-1.0,33.7
368.96900000000005,43,109.0,1842.0,49.0,1.0,36.91,83.5,-1.0,30.6
369.78200000000004,43,115.0,1852.0,50.0,1.0,34.3,83.5,-1.0,29.4
370.531,43,106.0,1866.0,50.0,1.0,33.27,83.5,-1.0,27.5
371.28000000000003,43,104.0,1880.0,51.0,1.0,33.08,83.5,-1.0,24.7
372.03000000000003,43,103.0,1887.0,51.0,1.0,32.66,83.5,-1.0,14.1
372.869,43,111.0,1844.0,50.0,1.0,35.58,83.5,-1.0,14.1
373.62100000000004,43,120.0,1780.0,48.0,2.0,35.55,83.5,-1.0,14.5
374.369,43,121.0,1686.0,45.0,1.0,33.49,83.5,-1.0,14.1
375.12,43,120.0,1583.0,42.0,1.0,30.63,83.5,-1.0,14.1
375.87,43,117.0,1503.0,40.0,1.0,28.86,83.5,-1.0,29.4
376.622,43,111.0,1467.0,39.0,1.0,26.27,83.5,-1.0,31.4
377.459,43,105.0,1455.0,39.0,0.0,25.8,83.5,-1.0,37.6
378.209,43,109.0,1499.0,40.0,0.0,30.86,83.5,-1.0,56.5
378.959,43,144.0,1610.0,43.0,1.0,46.88,83.5,-1.0,60.4
379.709,43,215.0,1830.0,49.0,3.0,69.63,83.5,-1.0,62.0
380.459,43,228.0,2081.0,56.0,4.0,80.97,83.5,-1.0,61.6
381.209,43,223.0,2338.0,63.0,4.0,90.55,83.5,-1.0,58.4
382.079,43,217.0,2555.0,69.0,4.0,85.72,83.5,-1.0,14.1
383.009,43,102.0,1867.0,70.0,2.0,36.36,80.0,-1.0,54.5
383.91,43,165.0,1854.0,72.0,0.0,64.3,83.5,-1.0,52.9
384.81,44,205.0,1934.0,76.0,2.0,62.55,83.5,-1.0,49.0
385.709,44,190.0,2013.0,79.0,2.0,62.77,83.5,-1.0,48.6
386.60900000000004,44,190.0,2065.0,81.0,2.0,52.11,83.5,-1.0,42.0
387.50800000000004,44,136.0,2085.0,81.0,2.0,45.77,83.5,-1.0,42.0
388.40900000000005,44,134.0,2090.0,82.0,1.0,47.77,83.5,-1.0,42.7
389.309,44,144.0,2093.0,82.0,2.0,50.88,83.5,-1.0,43.1
390.23900000000003,44,149.0,2091.0,82.0,2.0,51.63,83.5,-1.0,42.7
391.139,45,148.0,2085.0,81.0,2.0,50.74,83.5,-1.0,43.1
392.069,45,145.0,2069.0,81.0,2.0,51.44,83.5,-1.0,49.0
392.999,45,192.0,2082.0,81.0,2.0,51.02,83.5,-1.0,53.7
393.92900000000003,45,212.0,2139.0,83.0,2.0,74.99,83.5,-1.0,53.7
394.829,45,207.0,2205.0,86.0,3.0,72.94,83.5,-1.0,14.5
395.72900000000004,45,138.0,1513.0,85.0,1.0,32.66,83.5,-1.0,65.9
396.629,45,163.0,1742.0,86.0,-2.0,61.86,83.5,-1.0,65.5
397.529,46,226.0,1807.0,90.0,2.0,66.69,83.5,-1.0,65.5
398.42900000000003,46,226.0,1888.0,94.0,2.0,69.66,83.5,-1.0,27.1
399.329,46,148.0,1514.0,95.0,2.0,23.44,31.0,-1.0,47.1
400.22900000000004,46,117.0,1609.0,95.0,-1.0,38.27,83.5,-1.0,49.8
401.129,46,174.0,1635.0,97.0,-1.0,24.69,37.6,-1.0,14.5
402.02900000000005,46,109.0,1635.0,96.0,-1.0,24.97,79.6,-1.0,14.1
402.959,47,113.0,1633.0,97.0,-2.0,20.66,83.5,-1.0,14.1
403.889,47,121.0,1637.0,97.0,-2.0,17.74,83.5,-1.0,14.1
404.78900000000004,47,111.0,1634.0,97.0,-3.0,17.44,83.5,-1.0,14.5
405.689,47,108.0,1634.0,96.0,-2.0,17.22,83.5,-1.0,14.1
406.589,47,110.0,1628.0,96.0,-2.0,17.91,83.5,-1.0,14.1
407.519,47,113.0,1630.0,97.0,-2.0,18.05,83.5,-1.0,14.5
408.41900000000004,48,114.0,1619.0,96.0,-1.0,17.99,83.5,-1.0,14.1
409.319,48,117.0,1622.0,96.0,-1.0,19.33,83.5,-1.0,14.1
410.21900000000005,48,124.0,1615.0,95.0,-1.0,20.16,83.5,-1.0,14.1
411.119,48,127.0,1610.0,95.0,0.0,21.24,83.5,-1.0,14.1
412.019,48,130.0,1613.0,95.0,0.0,21.02,83.5,-1.0,14.1
412.949,48,114.0,1588.0,94.0,-1.0,17.08,83.5,-1.0,14.1
413.84900000000005,48,117.0,1541.0,91.0,-1.0,16.08,83.5,-1.0,14.1
414.74800000000005,49,117.0,1445.0,86.0,-1.0,15.27,83.5,-1.0,14.1
415.68,49,115.0,1362.0,80.0,-1.0,13.88,83.5,-1.0,14.1
416.579,49,113.0,1275.0,75.0,-1.0,13.02,83.5,-1.0,14.1
417.50800000000004,49,111.0,1076.0,71.0,-1.0,10.86,83.5,-1.0,14.1
418.40900000000005,49,107.0,1396.0,69.0,-2.0,14.77,83.5,-1.0,14.5
419.309,49,106.0,1363.0,67.0,0.0,17.08,83.5,-1.0,14.1
420.209,49,113.0,1354.0,67.0,0.0,16.22,83.5,-1.0,14.1
421.11,49,118.0,1326.0,66.0,0.0,13.94,83.5,-1.0,14.1
422.01000000000005,49,110.0,1304.0,64.0,0.0,13.22,83.5,-1.0,14.1
422.91,50,111.0,1265.0,63.0,0.0,12.83,83.5,-1.0,14.1
423.809,50,110.0,1229.0,61.0,0.0,12.11,83.5,-1.0,14.1
424.71000000000004,50,108.0,1203.0,59.0,-1.0,12.88,83.5,-1.0,14.1
425.60900000000004,50,105.0,1195.0,59.0,0.0,12.88,83.5,-1.0,14.1
426.54,50,106.0,1187.0,59.0,0.0,13.05,83.5,-1.0,14.1
427.44000000000005,50,107.0,1189.0,58.0,0.0,12.63,83.5,-1.0,14.5
428.34000000000003,50,107.0,1183.0,58.0,0.0,12.83,83.5,-1.0,14.1
429.24,50,108.0,1180.0,58.0,0.0,12.8,83.5,-1.0,14.1
430.15000000000003,50,108.0,1177.0,58.0,0.0,12.86,83.5,-1.0,14.1
431.04200000000003,50,108.0,1181.0,58.0,0.0,12.38,83.5,-1.0,14.1
431.94100000000003,50,108.0,1175.0,58.0,0.0,12.27,83.5,-1.0,14.1
432.841,50,108.0,1176.0,58.0,0.0,12.3,83.5,-1.0,14.5
433.77000000000004,50,108.0,1444.0,57.0,0.0,16.49,83.5,-1.0,14.1
434.701,50,110.0,1449.0,56.0,0.0,15.38,83.5,-1.0,14.1
435.60200000000003,51,112.0,1449.0,56.0,1.0,15.58,83.5,-1.0,14.1
436.5,51,113.0,1444.0,56.0,1.0,15.72,83.5,-1.0,14.1
437.40000000000003,51,115.0,1456.0,56.0,1.0,15.52,83.5,-1.0,14.1
438.30100000000004,51,114.0,1461.0,57.0,1.0,14.36,83.5,-1.0,14.1
439.201,51,106.0,1453.0,57.0,1.0,13.52,83.5,-1.0,14.1
440.1,51,102.0,1443.0,56.0,0.0,13.02,83.5,-1.0,14.1
441.0,51,100.0,1421.0,55.0,0.0,13.02,83.5,-1.0,14.1
441.90000000000003,51,100.0,1403.0,54.0,0.0,12.58,83.5,-1.0,14.1
442.831,51,99.0,1383.0,54.0,0.0,12.38,83.5,-1.0,14.1
443.73,51,101.0,1375.0,53.0,0.0,13.24,83.5,-1.0,14.1
444.63100000000003,51,104.0,1373.0,53.0,0.0,13.88,83.5,-1.0,14.1
445.531,51,111.0,1380.0,53.0,1.0,14.02,83.5,-1.0,14.1
446.43100000000004,51,114.0,1378.0,54.0,1.0,14.02,83.5,-1.0,14.1
447.36100000000005,51,111.0,1379.0,54.0,1.0,13.61,83.5,-1.0,14.1
448.261,52,109.0,1374.0,53.0,1.0,13.27,83.5,-1.0,14.1
449.161,52,107.0,1364.0,53.0,0.0,12.58,83.5,-1.0,14.1
450.091,52,105.0,1354.0,53.0,0.0,12.55,83.5,-1.0,14.1
450.99100000000004,52,105.0,1351.0,53.0,0.0,12.97,83.5,-1.0,14.1
451.891,52,106.0,1349.0,53.0,1.0,13.3,83.5,-1.0,14.1
452.82000000000005,52,108.0,1352.0,53.0,1.0,13.44,83.5,-1.0,14.5
453.66,52,112.0,1361.0,53.0,1.0,13.99,83.5,-1.0,14.1
454.502,52,114.0,1368.0,53.0,1.0,13.8,83.5,-1.0,14.1
455.40000000000003,52,113.0,1374.0,54.0,1.0,13.44,83.5,-1.0,14.1
456.24100000000004,52,109.0,1370.0,53.0,1.0,13.02,83.5,-1.0,14.1
457.081,52,107.0,1371.0,53.0,1.0,12.52,83.5,-1.0,14.1
457.951,52,104.0,1363.0,53.0,1.0,12.08,83.5,-1.0,14.1
458.761,52,103.0,1350.0,53.0,0.0,12.33,83.5,-1.0,14.5
459.60100000000006,52,102.0,1341.0,52.0,0.0,12.16,83.5,-1.0,14.5
460.50100000000003,53,102.0,1338.0,52.0,0.0,12.11,83.5,-1.0,14.1
461.34000000000003,53,103.0,1332.0,52.0,0.0,12.24,83.5,-1.0,14.1
462.18,53,105.0,1319.0,51.0,0.0,12.11,83.5,-1.0,14.1
462.99100000000004,53,107.0,1323.0,51.0,0.0,12.83,83.5,-1.0,14.1
463.74100000000004,53,110.0,1326.0,52.0,1.0,13.13,83.5,-1.0,14.1
464.492,53,112.0,1339.0,52.0,1.0,13.91,83.5,-1.0,14.1
465.30100000000004,53,115.0,1344.0,52.0,1.0,14.99,83.5,-1.0,14.5
466.05400000000003,53,119.0,1353.0,53.0,2.0,15.44,83.5,-1.0,14.1
466.80100000000004,53,117.0,1360.0,53.0,1.0,15.13,83.5,-1.0,14.1
467.64000000000004,53,114.0,1364.0,53.0,1.0,14.77,83.5,-1.0,14.1
468.48100000000005,53,113.0,1379.0,54.0,1.0,16.05,83.5,-1.0,14.5
469.321,53,119.0,1384.0,54.0,1.0,16.13,83.5,-1.0,14.5
470.161,53,121.0,1395.0,54.0,1.0,16.58,83.5,-1.0,14.5
471.00000000000006,53,120.0,1404.0,54.0,2.0,16.16,83.5,-1.0,14.1
471.84200000000004,54,120.0,1408.0,55.0,1.0,16.72,83.5,-1.0,14.1
472.74100000000004,54,121.0,1411.0,55.0,2.0,17.05,83.5,-1.0,14.1
473.581,54,124.0,1417.0,55.0,2.0,17.72,83.5,-1.0,14.1
474.331,54,127.0,1418.0,55.0,2.0,18.38,83.5,-1.0,14.1
475.14300000000003,54,128.0,1421.0,55.0,2.0,19.16,83.5,-1.0,14.1
475.98,54,129.0,1425.0,55.0,2.0,19.16,83.5,-1.0,14.1
476.795,54,130.0,1430.0,56.0,2.0,19.72,83.5,-1.0,14.1
477.57000000000005,54,129.0,1435.0,56.0,2.0,17.05,83.5,-1.0,14.1
478.38100000000003,54,122.0,1434.0,56.0,1.0,17.05,83.5,-1.0,14.1
479.132,54,119.0,1432.0,56.0,1.0,16.99,83.5,-1.0,14.1
479.88100000000003,54,121.0,1436.0,56.0,1.0,19.77,83.5,-1.0,14.1
480.78000000000003,54,130.0,1440.0,56.0,2.0,19.52,83.5,-1.0,14.1
481.531,54,130.0,1444.0,56.0,2.0,19.33,83.5,-1.0,14.1
482.34200000000004,54,127.0,1455.0,57.0,2.0,18.83,83.5,-1.0,14.1
483.093,55,126.0,1464.0,57.0,1.0,18.24,83.5,-1.0,14.5
483.84200000000004,55,125.0,1470.0,57.0,1.0,17.88,83.5,-1.0,14.1
484.65000000000003,55,124.0,1475.0,58.0,1.0,17.44,83.5,-1.0,14.1
485.49100000000004,55,120.0,1487.0,58.0,1.0,16.94,83.5,-1.0,14.1
486.24100000000004,55,117.0,1491.0,58.0,1.0,16.27,83.5,-1.0,14.1
486.992,55,116.0,1491.0,58.0,1.0,16.13,83.5,-1.0,14.1
487.742,55,115.0,1494.0,58.0,1.0,16.02,83.5,-1.0,14.1
488.494,55,114.0,1493.0,58.0,1.0,15.88,83.5,-1.0,14.1
489.24100000000004,55,114.0,1495.0,58.0,1.0,16.19,83.5,-1.0,14.1
489.99300000000005,55,114.0,1491.0,58.0,1.0,15.72,83.5,-1.0,14.1
490.742,55,113.0,1493.0,58.0,1.0,15.72,83.5,-1.0,14.5
491.492,55,113.0,1499.0,58.0,1.0,15.55,83.5,-1.0,14.1
492.3,56,113.0,1495.0,58.0,1.0,15.52,83.5,-1.0,14.1
493.08000000000004,56,113.0,1493.0,58.0,1.0,15.44,83.5,-1.0,14.1
493.83000000000004,56,112.0,1488.0,58.0,1.0,15.41,83.5,-1.0,14.1
494.58000000000004,56,112.0,1487.0,58.0,1.0,15.41,83.5,-1.0,14.5
495.33000000000004,56,113.0,1484.0,58.0,1.0,15.33,83.5,-1.0,14.1
496.08000000000004,56,113.0,1479.0,57.0,1.0,15.52,83.5,-1.0,14.1
496.83000000000004,56,114.0,1478.0,57.0,1.0,15.58,83.5,-1.0,14.1
497.581,56,114.0,1475.0,57.0,1.0,15.41,83.5,-1.0,14.1
498.331,56,115.0,1470.0,57.0,1.0,15.77,83.5,-1.0,14.1
499.08200000000005,56,115.0,1469.0,57.0,1.0,15.8,83.5,-1.0,14.1
499.83200000000005,56,116.0,1473.0,57.0,1.0,15.77,83.5,-1.0,14.1
500.58200000000005,57,116.0,1470.0,57.0,1.0,15.72,83.5,-1.0,14.1
501.33200000000005,57,116.0,1470.0,57.0,1.0,15.77,83.5,-1.0,14.1
502.08200000000005,57,116.0,1472.0,57.0,1.0,15.8,83.5,-1.0,14.1
502.92,57,116.0,1470.0,57.0,1.0,15.74,83.5,-1.0,14.1
503.67,57,116.0,1471.0,57.0,1.0,15.83,83.5,-1.0,14.1
504.42,57,116.0,1471.0,57.0,1.0,15.97,83.5,0.0,14.1
505.17,57,117.0,1471.0,57.0,1.0,16.11,83.5,0.0,14.1
505.92,57,117.0,1470.0,57.0,1.0,16.02,83.5,0.0,14.1
506.67100000000005,57,117.0,1473.0,57.0,1.0,15.94,83.5,0.0,14.1
507.42,57,116.0,1471.0,57.0,1.0,16.02,83.5,0.0,14.1
508.17,57,117.0,1470.0,57.0,1.0,15.8,83.5,0.0,14.1
509.071,57,117.0,1470.0,57.0,1.0,16.02,83.5,0.0,14.1
509.971,57,117.0,1475.0,57.0,1.0,16.02,83.5,0.0,14.5
510.87,58,116.0,1477.0,57.0,1.0,16.02,83.5,0.0,14.1
511.8,58,116.0,1474.0,57.0,1.0,15.77,83.5,0.0,14.1
512.76,58,116.0,1477.0,57.0,1.0,15.99,83.5,0.0,14.1
513.6600000000001,58,116.0,1479.0,58.0,1.0,15.8,83.5,0.0,14.1
514.562,58,116.0,1479.0,57.0,1.0,15.88,83.5,0.0,14.1
515.461,58,115.0,1478.0,57.0,1.0,15.83,83.5,0.0,14.1
516.361,58,115.0,1480.0,58.0,1.0,15.77,83.5,0.0,14.1
517.2900000000001,58,115.0,1477.0,58.0,1.0,15.61,83.5,0.0,14.1
518.1890000000001,58,115.0,1477.0,57.0,1.0,15.38,83.5,0.0,14.5
519.09,58,115.0,1467.0,57.0,1.0,15.99,83.5,0.0,14.1
519.99,58,116.0,1476.0,57.0,1.0,15.69,83.5,0.0,14.1
520.922,58,116.0,1475.0,57.0,1.0,15.3,83.5,0.0,14.1
521.821,59,116.0,1476.0,57.0,1.0,15.69,83.5,0.0,14.5
522.751,59,115.0,1486.0,58.0,1.0,15.61,83.5,0.0,14.1
523.65,59,115.0,1485.0,58.0,1.0,15.61,83.5,0.0,14.1
524.5500000000001,59,114.0,1483.0,58.0,1.0,15.24,83.5,0.0,14.1
525.48,59,113.0,1483.0,58.0,1.0,15.24,83.5,0.0,14.1
526.38,59,113.0,1481.0,58.0,1.0,15.3,83.5,0.0,14.1
527.3100000000001,59,113.0,1485.0,58.0,1.0,15.41,83.5,0.0,14.1
528.21,59,113.0,1480.0,58.0,1.0,15.16,83.5,0.0,14.1
529.11,59,113.0,1484.0,58.0,1.0,15.05,83.5,0.0,14.1
530.0400000000001,59,113.0,1479.0,58.0,1.0,15.11,83.5,0.0,14.1
530.94,59,113.0,1481.0,58.0,1.0,15.36,83.5,0.0,14.1
531.84,59,113.0,1480.0,58.0,1.0,15.22,83.5,0.0,14.1
532.8000000000001,59,113.0,1481.0,58.0,1.0,15.16,83.5,0.0,14.1
533.73,59,113.0,1479.0,57.0,1.0,15.16,83.5,0.0,14.1
534.63,59,113.0,1479.0,58.0,1.0,15.11,83.5,0.0,14.1
535.5300000000001,59,113.0,1483.0,58.0,1.0,15.13,83.5,0.0,14.5
536.4300000000001,59,112.0,1480.0,58.0,1.0,15.02,83.5,0.0,14.1
537.389,59,112.0,1482.0,58.0,1.0,15.08,83.5,0.0,14.1
538.291,59,112.0,1480.0,58.0,1.0,14.88,83.5,0.0,14.5
539.19,59,112.0,1481.0,57.0,1.0,14.94,83.5,0.0,14.5
540.09,59,112.0,1478.0,58.0,1.0,15.05,83.5,0.0,14.1
540.99,59,112.0,1476.0,58.0,1.0,14.86,83.5,0.0,14.1
541.89,59,112.0,1477.0,57.0,1.0,15.08,83.5,0.0,14.5
542.7900000000001,59,112.0,1474.0,57.0,1.0,15.16,83.5,0.0,14.1
543.69,59,113.0,1477.0,57.0,1.0,15.08,83.5,0.0,14.1
544.59,59,113.0,1474.0,57.0,1.0,14.77,83.5,0.0,14.1
545.52,59,113.0,1477.0,58.0,1.0,15.13,83.5,0.0,14.5
546.4200000000001,59,113.0,1476.0,57.0,1.0,15.16,83.5,0.0,14.1
547.32,59,113.0,1482.0,58.0,1.0,13.55,83.5,0.0,14.1
548.22,59,110.0,1457.0,57.0,1.0,14.08,83.5,0.0,14.1
549.12,59,113.0,1427.0,55.0,1.0,14.41,83.5,0.0,14.5
550.0500000000001,59,113.0,1391.0,54.0,1.0,13.72,83.5,0.0,14.1
550.951,59,112.0,1354.0,53.0,1.0,13.3,83.5,0.0,14.5
551.88,59,111.0,1324.0,51.0,1.0,12.8,83.5,0.0,14.1
552.7800000000001,59,110.0,1293.0,50.0,1.0,12.47,83.5,0.0,14.1
553.6800000000001,59,110.0,1281.0,50.0,1.0,10.66,83.5,0.0,14.1
554.58,59,102.0,1266.0,49.0,-1.0,9.97,83.5,0.0,14.1
555.48,59,101.0,1264.0,49.0,-1.0,9.77,83.5,0.0,14.1
556.38,58,100.0,1259.0,49.0,-1.0,9.63,83.5,0.0,14.1
557.2800000000001,58,100.0,1254.0,49.0,-1.0,9.52,83.5,0.0,14.1
558.1800000000001,58,100.0,1253.0,48.0,-1.0,9.27,83.5,0.0,14.1
559.111,58,100.0,1242.0,49.0,-1.0,9.61,83.5,0.0,14.1
560.009,58,100.0,1238.0,48.0,0.0,9.49,83.5,0.0,14.1
560.9100000000001,58,100.0,1233.0,48.0,0.0,9.52,83.5,0.0,14.5
561.8100000000001,58,100.0,1230.0,48.0,0.0,9.47,83.5,0.0,14.1
562.6790000000001,58,101.0,1217.0,47.0,0.0,9.77,83.5,0.0,14.1
563.5790000000001,58,101.0,1217.0,47.0,0.0,9.83,83.5,0.0,14.1
564.4490000000001,58,102.0,1215.0,47.0,0.0,9.86,83.5,0.0,14.1
565.349,58,103.0,1215.0,47.0,0.0,10.08,83.5,0.0,14.1
566.25,58,103.0,1212.0,47.0,0.0,9.77,83.5,0.0,14.1
567.119,58,103.0,1209.0,47.0,0.0,10.02,83.5,0.0,14.1
568.0500000000001,58,103.0,1215.0,47.0,0.0,9.88,83.5,0.0,14.5
568.98,58,103.0,1217.0,47.0,0.0,10.02,83.5,0.0,14.1
569.88,58,103.0,1214.0,47.0,0.0,9.91,83.5,0.0,14.1
570.72,58,103.0,1213.0,47.0,0.0,9.94,83.5,0.0,14.1
571.6500000000001,58,103.0,1213.0,47.0,0.0,9.97,83.5,0.0,14.1
572.5500000000001,58,104.0,1215.0,47.0,0.0,10.16,83.5,0.0,14.1
573.361,58,103.0,1198.0,46.0,1.0,10.77,83.5,0.0,14.1
574.23,58,105.0,1163.0,45.0,1.0,10.52,83.5,0.0,14.1
575.07,58,107.0,1029.0,43.0,0.0,10.08,83.5,0.0,14.1
575.9100000000001,58,107.0,1037.0,40.0,0.0,9.94,83.5,0.0,14.1
576.75,58,107.0,1124.0,38.0,1.0,11.16,83.5,0.0,19.2
577.6500000000001,58,108.0,1359.0,36.0,3.0,12.8,83.5,0.0,23.1
578.462,58,111.0,1359.0,35.0,2.0,12.47,83.5,0.0,14.1
579.239,58,104.0,1329.0,35.0,2.0,11.52,83.5,0.0,14.1
580.0490000000001,58,103.0,1294.0,35.0,2.0,11.05,83.5,0.0,14.1
580.861,58,107.0,1020.0,33.0,0.0,10.27,83.5,0.0,14.1
581.611,58,107.0,1031.0,31.0,0.0,9.58,83.5,0.0,14.5
582.45,58,107.0,1033.0,28.0,0.0,9.72,83.5,0.0,14.1
583.1990000000001,58,108.0,1035.0,28.0,0.0,9.69,83.5,0.0,14.1
583.95,58,108.0,1038.0,28.0,0.0,9.74,83.5,0.0,14.1
584.7620000000001,58,108.0,1037.0,27.0,0.0,9.99,83.5,0.0,14.1
585.6,58,108.0,1038.0,27.0,0.0,9.69,83.5,0.0,14.1
586.35,58,108.0,1039.0,27.0,0.0,9.97,83.5,0.0,14.5
587.099,58,108.0,1040.0,27.0,0.0,10.13,83.5,0.0,14.1
587.9110000000001,58,108.0,1040.0,26.0,0.0,9.83,83.5,0.0,14.1
588.72,58,108.0,1041.0,25.0,0.0,9.77,83.5,0.0,14.5
589.5310000000001,58,108.0,1040.0,24.0,0.0,9.72,83.5,0.0,14.1
590.37,58,108.0,1040.0,21.0,0.0,9.74,83.5,0.0,14.1
591.24,58,108.0,1029.0,18.0,0.0,9.74,83.5,0.0,14.1
592.08,58,108.0,1038.0,14.0,0.0,9.99,83.5,0.0,14.1
592.951,58,108.0,1039.0,9.0,1.0,9.72,83.5,0.0,14.5
593.789,58,108.0,1038.0,4.0,0.0,9.91,83.5,0.0,14.1
594.539,58,108.0,1037.0,1.0,0.0,9.72,83.5,0.0,14.1
595.35,58,108.0,1039.0,0.0,0.0,9.8,83.5,0.0,14.1
596.101,58,108.0,1040.0,0.0,0.0,9.86,83.5,0.0,14.1
596.94,58,108.0,1041.0,0.0,0.0,9.83,83.5,0.0,14.1
597.75,58,108.0,1042.0,0.0,0.0,9.86,83.5,0.0,14.1
598.5020000000001,58,108.0,1042.0,0.0,0.0,9.83,83.5,0.0,14.1
599.25,58,108.0,1040.0,0.0,0.0,9.8,83.5,0.0,14.5
600.004,58,108.0,1041.0,0.0,1.0,9.8,83.5,0.0,14.1
600.7510000000001,58,108.0,1038.0,0.0,1.0,9.91,83.5,0.0,14.1
601.5020000000001,58,108.0,1040.0,0.0,1.0,9.86,83.5,0.0,14.1
602.25,58,108.0,1040.0,0.0,1.0,9.86,83.5,0.0,14.1
603.003,58,108.0,1040.0,0.0,1.0,9.97,83.5,0.0,14.1
603.7520000000001,58,108.0,1038.0,0.0,1.0,9.88,83.5,0.0,14.1
604.5020000000001,58,108.0,1038.0,0.0,1.0,9.91,83.5,0.0,14.1
605.25,58,108.0,1039.0,0.0,1.0,9.77,83.5,0.0,14.1
606.0020000000001,58,108.0,1040.0,0.0,1.0,9.8,83.5,0.0,14.1
606.7510000000001,58,108.0,1039.0,0.0,1.0,9.88,83.5,0.0,14.5
607.5020000000001,58,108.0,1041.0,0.0,1.0,9.83,83.5,0.0,14.1
608.339,58,108.0,1043.0,0.0,1.0,9.63,83.5,0.0,14.5
609.09,58,108.0,1041.0,0.0,1.0,9.94,83.5,0.0,14.1
609.839,58,108.0,1041.0,0.0,1.0,9.63,83.5,0.0,14.1
610.589,58,108.0,1039.0,0.0,1.0,9.83,83.5,0.0,14.1
611.339,58,108.0,1040.0,0.0,1.0,9.91,83.5,0.0,14.1
612.09,58,108.0,1041.0,0.0,1.0,9.83,83.5,0.0,14.1
612.9010000000001,58,108.0,1037.0,0.0,1.0,9.69,83.5,0.0,14.5
613.6510000000001,58,108.0,1039.0,0.0,1.0,9.61,83.5,0.0,14.1
614.4010000000001,58,108.0,1039.0,0.0,1.0,9.88,83.5,0.0,14.1
615.1500000000001,58,108.0,1038.0,0.0,1.0,9.86,83.5,0.0,14.5
615.9010000000001,58,108.0,1038.0,0.0,1.0,9.8,83.5,0.0,14.5
616.6500000000001,58,108.0,1039.0,0.0,1.0,9.91,83.5,0.0,14.1
617.402,58,108.0,1038.0,0.0,1.0,9.86,83.5,0.0,14.1
618.1500000000001,58,108.0,1039.0,0.0,1.0,9.88,83.5,0.0,14.1
618.9010000000001,58,108.0,1039.0,0.0,1.0,9.66,83.5,0.0,14.1
619.6800000000001,58,108.0,1039.0,0.0,1.0,9.72,83.5,0.0,14.1
620.46,58,108.0,1039.0,0.0,1.0,9.69,83.5,0.0,14.1
621.24,58,108.0,1040.0,0.0,1.0,9.63,83.5,0.0,14.1
621.991,58,108.0,1040.0,0.0,1.0,9.72,83.5,0.0,14.5
622.83,58,108.0,1041.0,0.0,1.0,9.8,83.5,0.0,14.1
623.73,58,108.0,1038.0,0.0,1.0,9.74,83.5,0.0,14.1
624.629,58,108.0,1038.0,0.0,1.0,9.77,83.5,0.0,14.1
625.5300000000001,58,108.0,1039.0,0.0,1.0,9.83,83.5,0.0,14.1
626.4290000000001,58,108.0,1039.0,0.0,1.0,9.74,83.5,0.0,14.5
627.359,58,108.0,1039.0,0.0,1.0,9.72,83.5,0.0,14.1
628.26,58,108.0,1040.0,0.0,1.0,9.69,83.5,0.0,14.1
629.159,58,108.0,1041.0,0.0,1.0,9.86,83.5,0.0,14.1
630.0590000000001,58,108.0,1041.0,0.0,2.0,9.69,83.5,0.0,14.1
630.96,58,108.0,1038.0,0.0,1.0,9.83,83.5,0.0,14.1
631.89,58,108.0,1039.0,0.0,2.0,9.8,83.5,0.0,14.1
632.85,58,108.0,1038.0,0.0,2.0,9.8,83.5,0.0,14.1
633.779,58,108.0,1039.0,0.0,1.0,9.69,83.5,0.0,14.1
634.6790000000001,58,108.0,1041.0,0.0,2.0,9.58,83.5,0.0,14.1
635.61,58,108.0,1040.0,0.0,2.0,9.74,83.5,0.0,14.1
636.509,58,108.0,1039.0,0.0,2.0,9.63,83.5,0.0,14.1
637.469,58,108.0,1040.0,0.0,2.0,9.91,83.5,0.0,14.1
638.369,58,108.0,1038.0,0.0,2.0,9.74,83.5,0.0,14.1
639.269,58,108.0,1037.0,0.0,2.0,9.77,83.5,0.0,14.1
640.1700000000001,58,108.0,1040.0,0.0,2.0,9.72,83.5,0.0,14.1
641.099,58,108.0,1042.0,0.0,2.0,10.02,83.5,0.0,14.1
641.999,58,108.0,1042.0,0.0,2.0,9.69,83.5,0.0,14.1
642.96,58,108.0,1040.0,0.0,2.0,9.91,83.5,0.0,14.1
643.859,58,108.0,1038.0,0.0,2.0,9.61,83.5,0.0,14.1
644.759,58,108.0,1038.0,0.0,2.0,9.63,83.5,0.0,14.1
645.659,58,108.0,1040.0,0.0,2.0,9.72,83.5,0.0,14.1
646.5600000000001,58,108.0,1041.0,0.0,2.0,9.97,83.5,0.0,14.1
647.49,58,108.0,1045.0,0.0,2.0,9.8,83.5,0.0,22.4
648.389,58,111.0,1116.0,3.0,3.0,16.11,83.5,0.0,23.5
649.289,58,117.0,1178.0,11.0,5.0,23.38,83.5,0.0,38.4
650.1890000000001,58,137.0,1944.0,17.0,7.0,28.58,83.5,0.0,14.1
651.089,58,102.0,1579.0,19.0,8.0,23.47,37.6,0.0,43.5
651.99,58,115.0,1332.0,23.0,7.0,23.27,83.5,0.0,44.3
652.9190000000001,58,142.0,1610.0,28.0,7.0,30.33,83.5,0.0,44.3
653.8190000000001,58,160.0,1874.0,32.0,7.0,32.16,83.5,0.0,18.4
654.779,58,122.0,1517.0,33.0,8.0,9.22,83.5,0.0,36.1
655.7090000000001,58,117.0,1304.0,35.0,3.0,17.83,83.5,0.0,37.6
656.64,58,127.0,1408.0,38.0,5.0,22.74,83.5,0.0,42.4
657.571,58,141.0,1507.0,40.0,6.0,29.19,83.5,0.0,47.1
658.471,58,170.0,1646.0,44.0,7.0,37.41,83.5,0.0,45.9
659.369,58,166.0,1681.0,47.0,8.0,26.22,31.0,0.0,35.3
660.269,58,112.0,1234.0,48.0,6.0,24.11,83.5,0.0,44.7
661.1690000000001,58,134.0,1297.0,50.0,5.0,21.3,83.5,0.0,39.2
662.0690000000001,58,137.0,1334.0,52.0,5.0,17.94,83.5,0.0,36.9
662.999,58,126.0,1365.0,53.0,4.0,17.11,83.5,0.0,36.5
663.899,58,121.0,1386.0,54.0,3.0,16.13,83.5,0.0,32.9
664.798,58,118.0,1401.0,55.0,3.0,14.49,83.5,0.0,14.1
665.6990000000001,58,108.0,1396.0,54.0,3.0,11.86,83.5,0.0,14.1
666.599,58,107.0,1392.0,54.0,3.0,14.36,83.5,0.0,14.1
667.499,58,115.0,1401.0,54.0,3.0,15.27,83.5,0.0,14.1
668.399,58,119.0,1410.0,54.0,3.0,15.8,83.5,0.0,14.1
669.269,58,119.0,1412.0,55.0,3.0,15.61,83.5,0.0,14.1
670.1690000000001,58,118.0,1421.0,55.0,3.0,15.86,83.5,0.0,14.1
671.0690000000001,59,118.0,1430.0,56.0,3.0,15.83,83.5,0.0,14.1
671.9390000000001,59,117.0,1438.0,56.0,3.0,15.69,83.5,0.0,14.1
672.839,59,117.0,1451.0,56.0,3.0,15.69,83.5,0.0,14.5
673.7090000000001,59,116.0,1460.0,57.0,3.0,15.63,83.5,0.0,14.1
674.61,59,115.0,1466.0,57.0,3.0,15.47,83.5,0.0,14.1
675.4490000000001,59,115.0,1472.0,57.0,3.0,15.16,83.5,0.0,14.1
676.379,59,114.0,1479.0,58.0,3.0,15.16,83.5,0.0,14.1
677.2180000000001,59,114.0,1486.0,58.0,3.0,15.27,83.5,0.0,14.1
678.12,59,113.0,1484.0,58.0,3.0,14.94,83.5,0.0,14.1
678.9290000000001,59,112.0,1485.0,58.0,3.0,14.77,83.5,0.0,14.1
679.826,59,112.0,1492.0,58.0,3.0,13.41,83.5,0.0,14.1
680.729,59,111.0,1491.0,58.0,3.0,13.44,83.5,0.0,14.1
681.6,59,111.0,1491.0,58.0,3.0,12.94,83.5,0.0,14.1
682.5,59,110.0,1491.0,58.0,3.0,13.44,83.5,0.0,14.1
683.37,59,110.0,1489.0,58.0,3.0,13.13,83.5,0.0,14.1
684.2990000000001,59,110.0,1488.0,58.0,3.0,13.08,83.5,0.0,14.1
685.1980000000001,60,110.0,1489.0,58.0,3.0,13.27,83.5,0.0,14.1
686.13,60,109.0,1491.0,58.0,3.0,13.22,83.5,0.0,14.1
687.029,60,109.0,1491.0,58.0,3.0,13.3,83.5,0.0,14.1
687.96,60,109.0,1487.0,58.0,3.0,13.05,83.5,0.0,14.1
688.83,60,108.0,1491.0,58.0,3.0,13.08,83.5,0.0,14.1
689.73,60,107.0,1486.0,58.0,3.0,12.83,83.5,0.0,14.1
690.659,60,107.0,1481.0,58.0,3.0,13.16,83.5,0.0,14.5
691.499,60,108.0,1466.0,57.0,3.0,12.99,83.5,0.0,14.1
692.4290000000001,60,111.0,1473.0,57.0,3.0,13.24,83.5,0.0,14.1
693.269,60,115.0,1465.0,57.0,3.0,13.44,83.5,0.0,14.5
694.168,60,115.0,1462.0,57.0,3.0,13.47,83.5,0.0,14.1
695.009,60,114.0,1459.0,57.0,3.0,13.49,83.5,0.0,14.1
695.849,60,114.0,1461.0,56.0,3.0,13.41,83.5,0.0,14.1
696.659,60,115.0,1458.0,57.0,3.0,13.36,83.5,0.0,14.1
697.529,60,115.0,1455.0,57.0,3.0,13.8,83.5,0.0,14.1
698.339,60,116.0,1459.0,57.0,3.0,13.8,83.5,0.0,14.1
699.12,60,116.0,1464.0,57.0,3.0,13.8,83.5,0.0,14.1
699.87,60,116.0,1465.0,57.0,3.0,13.8,83.5,0.0,14.1
700.62,60,115.0,1473.0,57.0,3.0,13.83,83.5,0.0,14.1
701.3760000000001,60,115.0,1480.0,57.0,3.0,13.52,83.5,0.0,14.1
702.1210000000001,60,114.0,1480.0,58.0,3.0,13.58,83.5,0.0,14.1
702.9580000000001,60,113.0,1483.0,58.0,3.0,13.3,83.5,0.0,14.1
703.7090000000001,60,113.0,1484.0,58.0,3.0,13.22,83.5,0.0,14.5
704.46,60,112.0,1481.0,58.0,3.0,13.24,83.5,0.0,14.5
705.2080000000001,61,111.0,1483.0,58.0,3.0,13.11,83.5,0.0,14.1
705.9590000000001,61,111.0,1484.0,58.0,3.0,13.02,83.5,0.0,14.1
706.7700000000001,61,111.0,1486.0,58.0,3.0,13.24,83.5,0.0,14.1
707.609,61,111.0,1484.0,58.0,3.0,13.19,83.5,0.0,14.1
708.359,61,110.0,1485.0,58.0,3.0,12.91,83.5,0.0,14.1
709.109,61,109.0,1461.0,57.0,3.0,13.55,83.5,0.0,14.1
709.86,61,112.0,1428.0,56.0,3.0,13.86,83.5,0.0,14.1
710.6990000000001,61,113.0,1388.0,54.0,3.0,13.49,83.5,0.0,14.1
711.509,61,112.0,1345.0,52.0,3.0,12.97,83.5,0.0,14.5
712.349,61,111.0,1042.0,49.0,3.0,9.99,83.5,0.0,14.5
713.249,61,109.0,1045.0,43.0,1.0,9.49,83.5,0.0,14.1
714.0010000000001,61,108.0,1046.0,36.0,1.0,9.66,83.5,0.0,14.1
714.748,61,108.0,1039.0,30.0,1.0,9.66,83.5,0.0,14.1
715.499,61,108.0,1039.0,23.0,1.0,9.77,83.5,0.0,14.1
716.3090000000001,61,108.0,1037.0,17.0,1.0,9.63,83.5,0.0,14.1
717.148,61,108.0,1037.0,9.0,1.0,9.74,83.5,0.0,14.1
717.961,61,108.0,1037.0,3.0,1.0,9.61,83.5,0.0,14.1
718.712,61,108.0,1037.0,0.0,1.0,9.58,83.5,0.0,14.1
719.46,61,108.0,1040.0,0.0,2.0,9.61,83.5,0.0,14.1
720.214,61,108.0,1041.0,0.0,2.0,9.88,83.5,0.0,14.1
720.96,61,108.0,1040.0,0.0,2.0,9.8,83.5,0.0,14.1
721.712,61,108.0,1040.0,0.0,2.0,9.72,83.5,0.0,14.1
722.5500000000001,61,108.0,1039.0,0.0,2.0,9.63,83.5,0.0,14.5
723.2990000000001,61,108.0,1038.0,0.0,2.0,9.88,83.5,0.0,14.1
724.0500000000001,61,108.0,1038.0,0.0,2.0,9.69,83.5,0.0,14.1
724.7990000000001,61,108.0,1039.0,0.0,2.0,9.58,83.5,0.0,14.1
725.5500000000001,61,108.0,1038.0,0.0,2.0,9.8,83.5,0.0,14.1
726.2990000000001,61,108.0,1039.0,0.0,2.0,9.63,83.5,0.0,14.1
727.0500000000001,61,108.0,1041.0,0.0,2.0,9.61,83.5,0.0,14.1
727.861,61,108.0,1041.0,0.0,2.0,9.41,83.5,0.0,14.1
728.611,61,108.0,1040.0,0.0,2.0,9.66,83.5,0.0,14.1
729.36,61,108.0,1041.0,0.0,2.0,9.52,83.5,0.0,14.1
730.11,61,108.0,1040.0,0.0,2.0,9.72,83.5,0.0,14.1
730.86,61,108.0,1040.0,0.0,2.0,9.72,83.5,0.0,14.1
731.61,61,108.0,1042.0,0.0,2.0,9.72,83.5,0.0,14.1
732.36,61,108.0,1039.0,0.0,2.0,9.66,83.5,0.0,14.5
733.111,61,108.0,1041.0,0.0,2.0,9.66,83.5,0.0,14.1
733.86,61,108.0,1039.0,0.0,2.0,9.61,83.5,0.0,14.1
734.61,61,108.0,1039.0,0.0,2.0,9.63,83.5,0.0,14.1
735.359,61,108.0,1038.0,0.0,2.0,9.61,83.5,0.0,14.5
736.11,61,108.0,1037.0,0.0,2.0,9.61,83.5,0.0,14.1
736.86,61,108.0,1038.0,0.0,2.0,9.58,83.5,0.0,14.1
737.729,61,108.0,1037.0,0.0,2.0,9.58,83.5,0.0,14.1
738.629,61,108.0,1039.0,0.0,2.0,9.72,83.5,0.0,14.1
739.529,61,108.0,1039.0,0.0,3.0,9.49,83.5,0.0,14.1
740.4590000000001,61,108.0,1039.0,0.0,2.0,9.55,83.5,0.0,14.1
741.359,61,108.0,1039.0,0.0,2.0,9.63,83.5,0.0,14.1
742.258,61,108.0,1043.0,0.0,2.0,9.69,83.5,0.0,22.4
743.159,61,112.0,1109.0,5.0,5.0,16.49,83.5,0.0,22.7
744.0590000000001,61,117.0,1393.0,12.0,6.0,27.36,83.5,0.0,36.1
744.9590000000001,61,135.0,1914.0,17.0,8.0,21.86,83.5,0.0,14.5
745.859,61,120.0,1215.0,17.0,7.0,8.3,83.5,0.0,34.1
746.788,61,117.0,1151.0,20.0,3.0,17.3,83.5,0.0,41.2
747.6890000000001,61,124.0,1361.0,23.0,5.0,25.63,83.5,0.0,47.8
748.589,61,155.0,1680.0,29.0,7.0,45.41,83.5,0.0,49.0
749.5490000000001,61,197.0,2063.0,36.0,9.0,27.58,43.1,0.0,14.5
750.4490000000001,61,103.0,1522.0,36.0,9.0,21.61,80.8,0.0,62.7
751.379,61,130.0,1470.0,40.0,7.0,37.88,83.5,0.0,64.7
752.278,61,203.0,1722.0,46.0,9.0,65.97,83.5,0.0,60.0
753.2080000000001,61,227.0,1934.0,54.0,10.0,36.63,31.0,0.0,14.1
754.11,61,123.0,1402.0,53.0,6.0,11.74,83.5,0.0,14.1
755.008,61,115.0,1309.0,51.0,2.0,12.49,83.5,0.0,27.5
755.908,61,108.0,1292.0,50.0,1.0,12.16,83.5,0.0,36.5
756.8090000000001,62,114.0,1302.0,51.0,2.0,16.88,83.5,0.0,38.8
757.7370000000001,62,125.0,1329.0,52.0,4.0,21.3,83.5,0.0,59.6
758.638,62,148.0,1393.0,54.0,5.0,36.88,83.5,0.0,43.1
759.538,62,150.0,1460.0,57.0,7.0,27.05,31.0,0.0,28.2
760.4380000000001,62,116.0,1417.0,57.0,6.0,12.8,83.5,0.0,14.1
761.3380000000001,62,113.0,1424.0,55.0,3.0,13.83,83.5,0.0,14.1
762.268,62,114.0,1393.0,54.0,3.0,13.72,83.5,0.0,14.1
763.1980000000001,62,114.0,1301.0,50.0,3.0,10.86,83.5,0.0,14.1
764.1,62,112.0,1136.0,45.0,1.0,11.86,83.5,0.0,14.1
764.998,62,104.0,1490.0,40.0,3.0,12.08,83.5,0.0,14.1
765.898,62,109.0,1034.0,35.0,1.0,10.44,83.5,0.0,14.1
766.8000000000001,62,108.0,1210.0,30.0,2.0,12.44,83.5,0.0,14.1
767.6990000000001,62,110.0,1336.0,23.0,3.0,11.24,83.5,0.0,14.1
768.628,62,110.0,998.0,17.0,3.0,9.88,83.5,0.0,14.1
769.528,62,108.0,1025.0,10.0,1.0,9.38,83.5,0.0,14.1
770.428,62,108.0,1033.0,4.0,1.0,9.47,83.5,0.0,14.1
771.3280000000001,62,108.0,1042.0,0.0,1.0,9.8,83.5,0.0,14.1
772.2280000000001,63,108.0,1040.0,0.0,1.0,9.74,83.5,0.0,14.5
773.128,63,108.0,1041.0,0.0,2.0,9.77,83.5,0.0,14.1
774.029,63,108.0,1041.0,0.0,2.0,9.69,83.5,0.0,14.1
774.928,63,108.0,1038.0,0.0,2.0,9.74,83.5,0.0,14.1
775.8280000000001,63,108.0,1040.0,0.0,2.0,9.27,83.5,0.0,14.1
776.759,63,108.0,1040.0,0.0,2.0,9.83,83.5,0.0,14.1
777.6880000000001,63,108.0,1040.0,0.0,3.0,9.58,83.5,0.0,14.1
778.5880000000001,63,108.0,1038.0,0.0,2.0,9.66,83.5,0.0,14.1
779.488,63,108.0,1041.0,0.0,2.0,9.61,83.5,0.0,14.1
780.388,63,108.0,1040.0,0.0,2.0,9.58,83.5,0.0,14.1
781.288,63,108.0,1039.0,0.0,3.0,9.55,83.5,0.0,14.1
782.1880000000001,63,108.0,1039.0,0.0,3.0,9.61,83.5,0.0,14.1
783.091,63,108.0,1040.0,0.0,3.0,9.74,83.5,0.0,14.5
783.988,63,108.0,1039.0,0.0,3.0,9.66,83.5,0.0,14.1
784.918,63,108.0,1039.0,0.0,3.0,9.61,83.5,0.0,14.5
785.7900000000001,63,108.0,1040.0,0.0,3.0,9.63,83.5,0.0,14.1
786.6880000000001,63,108.0,1039.0,0.0,3.0,9.47,83.5,0.0,14.1
787.5880000000001,63,108.0,1039.0,0.0,3.0,9.63,83.5,0.0,14.1
788.4590000000001,63,108.0,1039.0,0.0,3.0,9.63,83.5,0.0,14.1
789.3580000000001,63,108.0,1038.0,0.0,3.0,9.44,83.5,0.0,14.1
790.258,63,108.0,1041.0,0.0,3.0,9.38,83.5,0.0,14.1
791.128,63,108.0,1038.0,0.0,3.0,9.61,83.5,0.0,14.1
792.028,63,108.0,1040.0,0.0,3.0,9.66,83.5,0.0,14.1
792.898,63,108.0,1040.0,0.0,3.0,9.47,83.5,0.0,14.1
793.798,63,108.0,1040.0,0.0,3.0,9.61,83.5,0.0,14.5
794.638,63,108.0,1041.0,0.0,3.0,9.58,83.5,0.0,14.1
795.4780000000001,63,108.0,1040.0,0.0,3.0,9.8,83.5,0.0,14.1
796.3180000000001,63,108.0,1039.0,0.0,3.0,9.58,83.5,0.0,14.1
797.1890000000001,63,108.0,1039.0,0.0,3.0,9.49,83.5,0.0,14.5
798.028,63,108.0,1040.0,0.0,3.0,9.61,83.5,0.0,14.1
798.898,63,108.0,1040.0,0.0,3.0,9.63,83.5,0.0,14.5
799.738,63,108.0,1039.0,0.0,3.0,9.61,83.5,0.0,14.1
800.4910000000001,63,108.0,1040.0,0.0,3.0,9.49,83.5,0.0,14.1
801.3570000000001,63,108.0,1038.0,0.0,3.0,9.52,83.5,0.0,14.1
802.258,63,108.0,1041.0,0.0,3.0,9.58,83.5,0.0,14.1
803.1310000000001,63,108.0,1039.0,0.0,3.0,9.27,83.5,0.0,14.1
804.029,63,108.0,1043.0,0.0,3.0,9.66,83.5,0.0,14.1
804.9300000000001,63,108.0,1042.0,0.0,4.0,9.47,83.5,0.0,14.1
805.768,63,108.0,1040.0,0.0,4.0,14.11,83.5,0.0,24.7
806.609,63,113.0,1184.0,3.0,4.0,16.22,83.5,0.0,24.7
807.538,64,120.0,1231.0,11.0,7.0,23.66,83.5,0.0,43.1
808.4100000000001,64,148.0,2059.0,18.0,8.0,42.22,83.5,0.0,39.6
809.278,64,143.0,2441.0,23.0,10.0,30.55,83.5,0.0,35.7
810.118,64,125.0,1431.0,24.0,11.0,25.86,83.5,0.0,46.3
810.9580000000001,64,153.0,1691.0,29.0,8.0,33.58,83.5,0.0,41.6
811.798,64,150.0,1921.0,33.0,9.0,23.47,83.5,0.0,31.4
812.6690000000001,64,118.0,1951.0,33.0,9.0,19.66,83.5,0.0,27.8
813.508,64,112.0,1939.0,33.0,6.0,18.44,83.5,0.0,28.2
814.378,64,112.0,1917.0,33.0,6.0,17.99,83.5,0.0,30.6
815.219,64,117.0,1898.0,33.0,6.0,20.72,83.5,0.0,33.3
815.9680000000001,64,128.0,1912.0,33.0,6.0,21.13,83.5,0.0,36.5
816.779,64,129.0,1961.0,34.0,6.0,23.88,83.5,0.0,37.6
817.618,64,135.0,2032.0,35.0,7.0,25.47,83.5,0.0,32.5
818.368,64,127.0,2057.0,35.0,7.0,21.33,83.5,0.0,27.5
819.178,64,114.0,2023.0,35.0,7.0,17.58,83.5,0.0,25.1
819.9290000000001,64,110.0,1990.0,34.0,6.0,17.8,83.5,0.0,29.0
820.681,64,113.0,1972.0,34.0,5.0,19.08,83.5,0.0,34.9
821.4300000000001,64,127.0,1995.0,34.0,6.0,22.99,83.5,0.0,40.4
822.1800000000001,64,139.0,2071.0,36.0,6.0,35.36,83.5,0.0,45.5
823.018,64,181.0,2284.0,39.0,8.0,58.72,83.5,0.0,49.8
823.768,64,207.0,2587.0,45.0,10.0,84.05,83.5,0.0,36.9
824.518,64,150.0,2594.0,48.0,10.0,36.49,31.0,0.0,37.3
825.267,64,97.0,1831.0,49.0,7.0,37.88,83.5,0.0,57.3
826.018,64,178.0,1969.0,53.0,7.0,70.58,83.5,0.0,14.1
826.768,64,128.0,1648.0,54.0,8.0,26.97,31.0,0.0,31.0
827.5780000000001,64,116.0,1390.0,54.0,7.0,11.58,83.5,0.0,30.6
828.3290000000001,65,112.0,1396.0,54.0,2.0,12.77,83.5,0.0,29.4
829.138,65,112.0,1391.0,54.0,1.0,11.66,83.5,0.0,27.5
829.918,65,112.0,1386.0,54.0,2.0,11.13,83.5,0.0,26.3
830.668,65,108.0,1384.0,54.0,2.0,11.16,83.5,0.0,25.5
831.4780000000001,65,106.0,1374.0,54.0,2.0,11.13,83.5,0.0,21.2
832.2570000000001,65,105.0,1361.0,53.0,2.0,12.19,83.5,0.0,23.1
833.008,65,109.0,1336.0,52.0,2.0,11.41,83.5,0.0,21.6
833.8480000000001,65,107.0,1305.0,51.0,2.0,11.63,83.5,0.0,14.1
834.57,65,110.0,1280.0,50.0,3.0,11.63,83.5,0.0,14.1
835.3180000000001,65,110.0,1242.0,48.0,3.0,11.49,83.5,0.0,14.1
836.07,65,110.0,1204.0,47.0,3.0,10.99,83.5,0.0,14.1
836.908,65,109.0,1190.0,46.0,3.0,10.88,83.5,0.0,14.1
837.719,65,109.0,1133.0,44.0,3.0,10.33,83.5,0.0,14.1
838.47,65,108.0,1050.0,41.0,3.0,9.27,83.5,0.0,14.1
839.2220000000001,65,108.0,997.0,37.0,2.0,9.33,83.5,0.0,14.1
839.9680000000001,65,107.0,1026.0,31.0,1.0,9.72,83.5,0.0,14.1
840.719,65,108.0,1031.0,26.0,2.0,9.24,83.5,0.0,14.1
841.469,65,108.0,1034.0,19.0,2.0,9.74,83.5,0.0,14.1
842.2180000000001,66,108.0,1037.0,12.0,2.0,9.36,83.5,0.0,14.1
843.0580000000001,66,108.0,1037.0,5.0,2.0,9.69,83.5,0.0,14.1
843.8080000000001,66,108.0,1038.0,0.0,3.0,9.74,83.5,0.0,14.1
844.5580000000001,66,108.0,1038.0,0.0,3.0,9.77,83.5,0.0,14.1
845.3080000000001,66,108.0,1040.0,0.0,3.0,9.83,83.5,0.0,14.1
846.0590000000001,66,108.0,1042.0,0.0,3.0,9.49,83.5,0.0,14.1
846.8100000000001,66,108.0,1042.0,0.0,3.0,9.77,83.5,0.0,14.1
847.62,66,108.0,1039.0,0.0,3.0,9.66,83.5,0.0,14.1
848.369,66,108.0,1041.0,0.0,3.0,9.44,83.5,0.0,14.5
849.1210000000001,66,108.0,1038.0,0.0,3.0,9.41,83.5,0.0,14.1
849.868,66,108.0,1039.0,0.0,3.0,9.58,83.5,0.0,14.1
850.6220000000001,66,108.0,1040.0,0.0,3.0,9.58,83.5,0.0,14.5
851.368,66,108.0,1041.0,0.0,3.0,9.69,83.5,0.0,14.1
852.12,66,108.0,1040.0,0.0,3.0,9.47,83.5,0.0,14.1
852.9580000000001,66,108.0,1039.0,0.0,3.0,9.74,83.5,0.0,14.1
853.8580000000001,66,108.0,1039.0,0.0,3.0,9.58,83.5,0.0,14.1
854.7600000000001,66,108.0,1039.0,0.0,3.0,9.69,83.5,0.0,14.1
855.658,66,108.0,1040.0,0.0,3.0,9.52,83.5,0.0,14.1
856.5590000000001,66,108.0,1040.0,0.0,3.0,9.49,83.5,0.0,14.1
857.5780000000001,66,108.0,1040.0,0.0,3.0,9.8,83.5,0.0,14.1
858.4780000000001,66,108.0,1041.0,0.0,3.0,9.72,83.5,0.0,14.1
859.378,66,108.0,1040.0,0.0,3.0,9.58,83.5,0.0,14.5
860.277,66,108.0,1042.0,0.0,3.0,9.66,83.5,0.0,24.7
861.177,66,111.0,1236.0,1.0,3.0,16.91,83.5,0.0,24.7
862.1080000000001,66,120.0,1175.0,10.0,7.0,28.27,83.5,0.0,43.1
863.038,66,144.0,2061.0,18.0,8.0,32.77,52.9,0.0,14.1
863.9380000000001,66,102.0,1632.0,20.0,9.0,25.05,80.8,0.0,56.5
864.839,66,133.0,1539.0,27.0,9.0,42.74,83.5,0.0,58.8
865.9780000000001,66,222.0,2271.0,39.0,12.0,86.36,83.5,0.0,51.8
866.878,66,209.0,2735.0,48.0,12.0,48.72,31.0,0.0,22.7
867.8080000000001,66,91.0,1915.0,48.0,10.0,35.77,83.1,0.0,55.7
868.738,66,188.0,1993.0,53.0,8.0,77.24,83.5,0.0,14.1
869.668,66,119.0,1791.0,56.0,10.0,25.47,31.0,0.0,14.1
870.5680000000001,66,110.0,1418.0,55.0,7.0,12.22,83.5,0.0,14.1
871.4680000000001,67,113.0,1382.0,54.0,3.0,13.16,83.5,0.0,14.1
872.398,67,110.0,1369.0,53.0,2.0,12.08,83.5,0.0,14.1
873.3280000000001,67,107.0,1370.0,53.0,3.0,11.63,83.5,0.0,14.1
874.2280000000001,67,109.0,1370.0,53.0,3.0,11.83,83.5,0.0,14.1
875.128,67,110.0,1369.0,53.0,3.0,11.88,83.5,0.0,14.1
876.0580000000001,67,111.0,1371.0,53.0,3.0,12.02,83.5,0.0,14.1
876.9580000000001,67,113.0,1367.0,53.0,4.0,12.02,83.5,0.0,14.1
877.888,67,114.0,1367.0,53.0,4.0,11.97,83.5,0.0,14.5
878.788,67,114.0,1369.0,53.0,4.0,12.13,83.5,0.0,14.1
879.6880000000001,67,114.0,1374.0,53.0,4.0,12.05,83.5,0.0,14.1
880.5880000000001,67,114.0,1373.0,53.0,4.0,12.33,83.5,0.0,14.1
881.488,67,115.0,1377.0,54.0,4.0,12.13,83.5,0.0,14.1
882.4480000000001,67,115.0,1377.0,53.0,4.0,12.3,83.5,0.0,14.1
883.378,67,115.0,1383.0,54.0,4.0,12.36,83.5,0.0,14.1
884.278,67,115.0,1379.0,54.0,4.0,12.02,83.5,0.0,14.1
885.1790000000001,67,115.0,1385.0,54.0,4.0,12.27,83.5,0.0,14.1
886.0780000000001,67,111.0,1337.0,52.0,4.0,11.88,83.5,0.0,14.1
886.9780000000001,68,112.0,1251.0,48.0,4.0,11.36,83.5,0.0,14.1
887.9390000000001,68,111.0,1203.0,47.0,4.0,10.86,83.5,0.0,14.1
888.8380000000001,68,109.0,1159.0,45.0,4.0,10.63,83.5,0.0,14.1
889.738,68,108.0,1114.0,43.0,4.0,10.24,83.5,0.0,14.1
890.638,68,107.0,1073.0,41.0,4.0,9.58,83.5,0.0,14.1
891.538,68,107.0,1003.0,36.0,3.0,9.36,83.5,0.0,14.1
892.4380000000001,68,107.0,1027.0,31.0,2.0,9.33,83.5,0.0,14.1
893.3380000000001,68,108.0,1036.0,25.0,2.0,9.44,83.5,0.0,14.1
894.238,68,108.0,1038.0,18.0,3.0,9.58,83.5,0.0,14.1
895.138,68,108.0,1038.0,13.0,3.0,9.58,83.5,0.0,14.1
896.038,68,108.0,1037.0,11.0,3.0,9.61,83.5,0.0,14.1
896.9390000000001,68,108.0,1039.0,9.0,3.0,9.44,83.5,0.0,14.1
897.899,68,108.0,1039.0,8.0,3.0,9.55,83.5,0.0,14.1
898.798,68,108.0,1041.0,7.0,3.0,9.52,83.5,0.0,14.1
899.6990000000001,68,108.0,1040.0,7.0,3.0,9.61,83.5,0.0,14.1
900.628,68,108.0,1041.0,6.0,4.0,9.47,83.5,0.0,14.1
901.5290000000001,68,108.0,1042.0,6.0,4.0,9.55,83.5,0.0,14.1
902.4290000000001,68,108.0,1040.0,6.0,4.0,9.49,83.5,0.0,14.1
903.3580000000001,68,108.0,1039.0,5.0,4.0,9.55,83.5,0.0,14.1
904.259,68,108.0,1039.0,4.0,4.0,9.66,83.5,0.0,14.1
905.1590000000001,68,108.0,1040.0,4.0,4.0,9.52,83.5,0.0,14.1
906.0880000000001,68,108.0,1038.0,3.0,4.0,9.55,83.5,0.0,14.1
906.989,68,108.0,1040.0,3.0,4.0,9.52,83.5,0.0,14.1
907.9190000000001,68,108.0,1040.0,3.0,4.0,9.58,83.5,0.0,14.1
908.7890000000001,68,108.0,1043.0,2.0,4.0,9.58,83.5,0.0,15.3
909.6590000000001,68,108.0,986.0,3.0,4.0,9.47,83.5,0.0,14.1
910.498,68,109.0,1004.0,5.0,4.0,7.91,83.5,0.0,14.1
911.4290000000001,68,108.0,1132.0,6.0,2.0,9.61,83.5,0.0,14.1
912.3000000000001,68,104.0,1058.0,6.0,4.0,9.05,83.5,0.0,14.1
913.1700000000001,68,106.0,1050.0,6.0,4.0,9.47,83.5,0.0,14.1
913.95,68,107.0,1046.0,5.0,4.0,9.63,83.5,0.0,14.1
914.8480000000001,68,108.0,1042.0,5.0,4.0,9.58,83.5,0.0,14.1
915.6890000000001,68,108.0,1041.0,5.0,4.0,9.3,83.5,0.0,14.1
916.4390000000001,68,108.0,1040.0,3.0,4.0,9.58,83.5,0.0,14.1
917.339,68,108.0,1040.0,1.0,4.0,9.38,83.5,0.0,14.1
918.238,68,108.0,1040.0,0.0,4.0,9.55,83.5,0.0,14.1
919.051,68,108.0,1040.0,0.0,4.0,9.63,83.5,0.0,14.1
919.859,68,108.0,1038.0,0.0,4.0,9.36,83.5,0.0,14.1
920.639,68,108.0,1040.0,0.0,4.0,9.49,83.5,0.0,14.1
921.389,68,108.0,1039.0,0.0,4.0,9.47,83.5,0.0,14.1
922.1980000000001,68,108.0,1040.0,0.0,4.0,9.44,83.5,0.0,14.1
923.099,68,108.0,1040.0,0.0,4.0,9.44,83.5,0.0,14.1
923.969,68,108.0,1039.0,0.0,4.0,9.47,83.5,0.0,14.1
924.869,68,108.0,1040.0,0.0,4.0,9.49,83.5,0.0,14.1
925.7090000000001,68,108.0,1038.0,0.0,4.0,9.49,83.5,0.0,14.1
926.5790000000001,68,108.0,1041.0,0.0,4.0,9.52,83.5,0.0,14.1
927.388,68,108.0,1039.0,0.0,4.0,9.49,83.5,0.0,14.1
928.2280000000001,68,108.0,1040.0,0.0,4.0,9.52,83.5,0.0,14.1
929.138,68,108.0,1039.0,0.0,5.0,9.61,83.5,0.0,14.1
929.97,68,108.0,1040.0,0.0,5.0,9.44,83.5,0.0,14.1
930.719,69,108.0,1040.0,0.0,5.0,9.38,83.5,0.0,14.5
931.6490000000001,69,108.0,1040.0,0.0,5.0,9.63,83.5,0.0,14.1
932.548,69,108.0,1040.0,0.0,5.0,9.61,83.5,0.0,14.1
933.389,69,108.0,1039.0,0.0,5.0,9.49,83.5,0.0,14.1
934.229,69,108.0,1041.0,0.0,5.0,9.47,83.5,0.0,14.1
934.979,69,108.0,1040.0,0.0,5.0,9.72,83.5,0.0,14.1
935.7890000000001,69,108.0,1039.0,0.0,5.0,9.44,83.5,0.0,14.1
936.5400000000001,69,108.0,1039.0,0.0,5.0,9.58,83.5,0.0,14.1
937.2900000000001,69,108.0,1040.0,0.0,5.0,9.55,83.5,0.0,14.1
938.129,69,108.0,1039.0,0.0,5.0,9.41,83.5,0.0,14.1
938.879,69,108.0,1044.0,0.0,5.0,9.61,83.5,0.0,14.1
939.6890000000001,69,108.0,1041.0,0.0,5.0,9.41,83.5,0.0,14.1
940.44,69,108.0,1040.0,0.0,5.0,9.58,83.5,0.0,14.1
941.19,69,108.0,1040.0,0.0,5.0,9.66,83.5,0.0,14.1
941.941,69,108.0,1040.0,0.0,5.0,9.61,83.5,0.0,14.1
942.6890000000001,69,108.0,1040.0,0.0,5.0,9.55,83.5,0.0,14.1
943.4390000000001,69,108.0,1039.0,0.0,5.0,9.52,83.5,0.0,14.1
944.1890000000001,69,108.0,1039.0,0.0,5.0,9.61,83.5,0.0,14.1
944.94,69,108.0,1041.0,0.0,5.0,9.44,83.5,0.0,14.1
945.7790000000001,69,108.0,1040.0,0.0,5.0,9.44,83.5,0.0,14.1
946.589,69,108.0,1039.0,0.0,5.0,9.63,83.5,0.0,14.1
947.339,69,108.0,1040.0,0.0,5.0,9.36,83.5,0.0,14.1
948.1790000000001,69,108.0,1040.0,0.0,5.0,9.3,83.5,0.0,14.9
948.9280000000001,69,108.0,1003.0,0.0,5.0,8.88,83.5,0.0,16.1
949.6780000000001,69,108.0,959.0,1.0,5.0,10.24,83.5,0.0,16.9
950.4290000000001,69,109.0,978.0,5.0,6.0,10.86,83.5,0.0,17.6
951.1780000000001,69,111.0,1154.0,10.0,6.0,13.69,83.5,0.0,32.9
952.08,69,119.0,1579.0,14.0,7.0,24.05,83.5,0.0,21.2
952.9190000000001,69,120.0,1560.0,16.0,10.0,11.55,83.5,0.0,14.1
953.73,69,112.0,947.0,16.0,6.0,11.11,83.5,0.0,16.9
954.48,69,112.0,1049.0,18.0,6.0,9.02,83.5,0.0,14.1
955.229,69,111.0,1098.0,19.0,6.0,9.38,83.5,0.0,14.1
955.98,69,105.0,1098.0,19.0,4.0,9.49,83.5,0.0,14.1
956.73,69,104.0,1078.0,18.0,6.0,8.88,83.5,0.0,14.1
957.538,69,106.0,1051.0,18.0,5.0,9.41,83.5,0.0,14.1
958.3190000000001,69,107.0,1034.0,17.0,5.0,9.52,83.5,0.0,14.1
959.0690000000001,69,107.0,1037.0,16.0,5.0,9.24,83.5,0.0,14.1
959.8810000000001,69,108.0,1039.0,16.0,5.0,9.41,83.5,0.0,14.5
960.629,69,108.0,1039.0,15.0,5.0,9.55,83.5,0.0,14.5
961.4390000000001,69,108.0,1040.0,15.0,6.0,9.52,83.5,0.0,14.1
962.2180000000001,69,108.0,1040.0,14.0,5.0,9.41,83.5,0.0,14.1
963.0300000000001,69,108.0,1039.0,14.0,6.0,9.36,83.5,0.0,14.1
963.7790000000001,69,108.0,1039.0,13.0,6.0,9.47,83.5,0.0,14.1
964.5310000000001,69,108.0,1040.0,13.0,5.0,9.47,83.5,0.0,14.1
965.2790000000001,69,108.0,1040.0,12.0,6.0,9.49,83.5,0.0,14.1
966.032,69,108.0,1040.0,11.0,6.0,9.27,83.5,0.0,14.1
966.7800000000001,69,108.0,1040.0,10.0,6.0,9.36,83.5,0.0,14.1
967.532,69,108.0,1040.0,10.0,6.0,9.49,83.5,0.0,14.1
968.2790000000001,69,108.0,1040.0,10.0,6.0,9.44,83.5,0.0,14.1
969.1790000000001,69,108.0,1041.0,9.0,6.0,9.41,83.5,0.0,14.1
969.99,69,108.0,1042.0,8.0,6.0,9.52,83.5,0.0,14.1
970.9200000000001,69,108.0,1040.0,8.0,6.0,9.44,83.5,0.0,14.1
971.85,69,108.0,1040.0,5.0,6.0,9.27,83.5,0.0,14.1
972.749,69,108.0,1040.0,1.0,6.0,9.3,83.5,0.0,14.1
973.6490000000001,69,108.0,1026.0,0.0,6.0,9.61,83.5,0.0,14.5
974.5490000000001,69,108.0,1043.0,0.0,6.0,9.41,83.5,0.0,14.1
975.479,69,108.0,1040.0,0.0,6.0,9.58,83.5,0.0,14.1
976.379,69,108.0,1040.0,0.0,6.0,9.49,83.5,0.0,14.1
977.2790000000001,69,108.0,1040.0,0.0,6.0,9.36,83.5,0.0,14.1
978.238,69,108.0,1041.0,0.0,6.0,9.16,83.5,0.0,14.1
979.138,69,108.0,1040.0,0.0,6.0,9.74,83.5,0.0,14.1
980.0390000000001,69,108.0,1040.0,0.0,6.0,9.55,83.5,0.0,14.1
980.97,69,108.0,1039.0,0.0,6.0,9.55,83.5,0.0,14.5
981.8990000000001,69,108.0,1041.0,0.0,6.0,9.63,83.5,0.0,14.1
982.8290000000001,69,108.0,1041.0,0.0,6.0,9.58,83.5,0.0,14.5
983.759,69,108.0,1039.0,0.0,6.0,9.47,83.5,0.0,14.1
984.658,69,108.0,1039.0,0.0,6.0,9.44,83.5,0.0,14.1
985.5590000000001,69,108.0,1040.0,0.0,6.0,9.47,83.5,0.0,14.1
986.489,69,108.0,1040.0,0.0,6.0,9.49,83.5,0.0,14.1
987.388,69,108.0,1040.0,0.0,6.0,9.41,83.5,0.0,14.1
988.3180000000001,69,108.0,1040.0,0.0,6.0,9.66,83.5,0.0,14.1
989.2180000000001,69,108.0,1040.0,0.0,6.0,9.55,83.5,0.0,14.1
990.118,69,108.0,1039.0,0.0,7.0,9.55,83.5,0.0,14.1
991.018,69,108.0,1041.0,0.0,6.0,9.52,83.5,0.0,14.1
991.9190000000001,69,108.0,1040.0,0.0,7.0,9.36,83.5,0.0,14.1
992.8180000000001,69,108.0,1039.0,0.0,6.0,9.58,83.5,0.0,14.1
993.807,69,108.0,1040.0,0.0,6.0,9.47,83.5,0.0,14.1
994.738,69,108.0,1040.0,0.0,6.0,9.47,83.5,0.0,14.1
995.639,69,108.0,1040.0,0.0,6.0,9.47,83.5,0.0,14.1
996.5390000000001,69,108.0,1040.0,0.0,6.0,9.47,83.5,0.0,14.1
997.4380000000001,69,108.0,1039.0,0.0,7.0,9.58,83.5,0.0,14.1
998.368,69,108.0,1040.0,0.0,7.0,9.33,83.5,0.0,14.1
999.2990000000001,69,108.0,1041.0,0.0,7.0,9.38,83.5,0.0,14.1
1000.1980000000001,69,108.0,1041.0,0.0,7.0,9.38,83.5,0.0,14.1
1001.0980000000001,69,108.0,1040.0,0.0,7.0,9.47,83.5,0.0,14.1
1001.999,69,108.0,1040.0,0.0,7.0,9.55,83.5,0.0,14.5
1002.8990000000001,69,108.0,1040.0,0.0,7.0,9.27,83.5,0.0,14.1
1003.7980000000001,69,108.0,1039.0,0.0,7.0,9.41,83.5,0.0,14.1
1004.6990000000001,69,108.0,1039.0,0.0,7.0,9.38,83.5,0.0,14.1
1005.599,69,108.0,1040.0,0.0,7.0,9.36,83.5,0.0,14.5
1006.499,69,108.0,1040.0,0.0,7.0,9.33,83.5,0.0,14.1
1007.398,69,108.0,1038.0,0.0,7.0,9.55,83.5,0.0,14.1
1008.2990000000001,69,108.0,1040.0,0.0,7.0,9.38,83.5,0.0,14.1
1009.1980000000001,69,108.0,1039.0,0.0,7.0,9.72,83.5,0.0,14.1
1010.129,69,108.0,1039.0,0.0,7.0,9.38,83.5,0.0,14.1
1011.0290000000001,69,108.0,1039.0,0.0,7.0,9.44,83.5,0.0,14.1
1011.9290000000001,69,108.0,1039.0,0.0,7.0,9.49,83.5,0.0,14.1
1012.86,69,108.0,1039.0,0.0,7.0,9.44,83.5,0.0,14.1
1013.7600000000001,69,108.0,1040.0,0.0,7.0,9.47,83.5,0.0,14.1
1014.6590000000001,69,108.0,1040.0,0.0,7.0,9.69,83.5,0.0,14.1
1015.5600000000001,69,108.0,1040.0,0.0,7.0,9.3,83.5,0.0,14.1
1016.46,69,108.0,1040.0,0.0,7.0,9.58,83.5,0.0,14.1
1017.3580000000001,69,108.0,1039.0,0.0,7.0,9.33,83.5,0.0,14.1
1018.3190000000001,69,108.0,1040.0,0.0,7.0,9.38,83.5,0.0,14.1
1019.2180000000001,69,108.0,1042.0,0.0,8.0,9.49,83.5,0.0,14.9
1020.0870000000001,69,108.0,1041.0,0.0,8.0,9.66,83.5,0.0,15.3
1020.988,69,108.0,996.0,0.0,8.0,8.83,83.5,0.0,15.3
1021.859,69,108.0,975.0,3.0,7.0,10.58,83.5,0.0,15.3
1022.788,69,110.0,946.0,9.0,9.0,13.55,83.5,0.0,27.1
1023.7180000000001,69,114.0,1456.0,13.0,11.0,22.08,83.5,0.0,29.8
1024.621,69,124.0,1530.0,15.0,12.0,10.41,83.5,0.0,15.3
1025.548,69,105.0,978.0,15.0,9.0,9.8,83.5,0.0,19.2
1026.448,69,107.0,1016.0,17.0,8.0,8.69,83.5,0.0,14.1
1027.288,69,108.0,1071.0,18.0,6.0,8.86,83.5,0.0,18.8
1028.219,69,109.0,1099.0,19.0,6.0,10.02,83.5,0.0,25.5
1029.058,69,109.0,1193.0,20.0,8.0,10.69,83.5,0.0,25.5
1029.8980000000001,69,111.0,1262.0,22.0,9.0,12.58,83.5,0.0,19.6
1030.798,69,110.0,1244.0,22.0,10.0,10.8,83.5,0.0,14.1
1031.6380000000001,69,105.0,1177.0,20.0,9.0,9.94,83.5,0.0,14.1
1032.478,69,107.0,1081.0,18.0,9.0,9.41,83.5,0.0,14.1
1033.318,69,107.0,1014.0,17.0,8.0,9.11,83.5,0.0,14.1
1034.098,69,107.0,979.0,17.0,7.0,8.99,83.5,0.0,14.1
1034.91,69,107.0,1016.0,16.0,7.0,9.27,83.5,0.0,14.1
1035.808,69,107.0,1029.0,14.0,7.0,9.24,83.5,0.0,14.1
1036.6480000000001,69,107.0,1036.0,12.0,8.0,8.97,83.5,0.0,14.1
1037.3980000000001,69,108.0,1036.0,11.0,8.0,9.72,83.5,0.0,14.1
1038.209,69,108.0,1039.0,10.0,8.0,9.33,83.5,0.0,14.1
1038.959,69,108.0,1037.0,8.0,8.0,9.63,83.5,0.0,14.1
1039.71,69,108.0,1040.0,6.0,8.0,9.44,83.5,0.0,14.1
1040.459,69,108.0,1040.0,4.0,8.0,9.47,83.5,0.0,14.1
1041.209,69,108.0,1040.0,2.0,8.0,9.3,83.5,0.0,14.1
1041.959,69,108.0,1039.0,0.0,8.0,9.49,83.5,1.0,14.1
1042.798,69,108.0,976.0,0.0,8.0,9.49,83.5,1.0,14.1
1043.6390000000001,70,108.0,1042.0,0.0,8.0,9.55,83.5,1.0,14.1
1044.538,70,108.0,1042.0,0.0,8.0,9.58,83.5,1.0,14.1
1045.3780000000002,70,108.0,1039.0,0.0,8.0,9.47,83.5,1.0,14.1
1046.218,70,108.0,1041.0,0.0,8.0,9.41,83.5,1.0,14.1
1047.088,70,108.0,1040.0,0.0,8.0,9.61,83.5,1.0,14.1
1047.988,70,108.0,1041.0,0.0,8.0,9.33,83.5,1.0,14.1
1048.8010000000002,70,108.0,1040.0,0.0,8.0,9.22,83.5,1.0,14.1
1049.6380000000001,70,108.0,1039.0,0.0,8.0,9.47,83.5,1.0,14.1
1050.478,70,108.0,1040.0,0.0,8.0,9.58,83.5,1.0,14.1
1051.3490000000002,70,108.0,1039.0,0.0,9.0,9.3,83.5,1.0,14.1
1052.188,70,108.0,1039.0,0.0,8.0,9.16,83.5,1.0,14.5
1053.058,70,108.0,1039.0,0.0,8.0,9.36,83.5,1.0,14.1
1053.838,70,108.0,1039.0,0.0,8.0,9.3,83.5,1.0,14.1
1054.651,70,108.0,1039.0,0.0,8.0,9.49,83.5,1.0,14.1
1055.488,70,108.0,1039.0,0.0,8.0,9.16,83.5,1.0,14.1
1056.299,70,108.0,1039.0,0.0,8.0,9.44,83.5,1.0,14.1
1057.0520000000001,70,108.0,1039.0,0.0,8.0,9.27,83.5,1.0,14.1
1057.8890000000001,70,108.0,1042.0,0.0,8.0,9.24,83.5,1.0,14.1
1058.6380000000001,70,108.0,1039.0,0.0,8.0,9.38,83.5,1.0,14.1
1059.3890000000001,70,108.0,1040.0,0.0,8.0,9.24,83.5,1.0,14.1
1060.1380000000001,70,108.0,1039.0,0.0,9.0,9.19,83.5,1.0,14.1
1060.8890000000001,70,108.0,1039.0,0.0,8.0,9.33,83.5,1.0,14.1
1061.6380000000001,70,108.0,1039.0,0.0,8.0,9.27,83.5,1.0,14.1
1062.3880000000001,70,108.0,1054.0,0.0,8.0,9.44,83.5,1.0,14.1
1063.199,70,108.0,1048.0,0.0,9.0,9.41,83.5,1.0,14.1
1063.9560000000001,70,108.0,1042.0,0.0,9.0,9.55,83.5,1.0,14.1
1064.698,70,108.0,1040.0,0.0,9.0,9.3,83.5,1.0,14.1
1065.449,70,108.0,1041.0,0.0,9.0,9.41,83.5,1.0,14.1
1066.258,70,108.0,1040.0,0.0,9.0,9.38,83.5,1.0,14.1
1067.068,70,108.0,1038.0,0.0,9.0,9.27,83.5,1.0,14.1
1067.939,70,108.0,1039.0,0.0,9.0,9.44,83.5,1.0,14.1
1068.688,70,108.0,1041.0,0.0,9.0,9.47,83.5,1.0,14.1
1069.438,70,108.0,1040.0,0.0,9.0,9.13,83.5,1.0,14.1
1070.188,70,108.0,1039.0,0.0,9.0,9.27,83.5,1.0,14.1
1070.938,70,108.0,1039.0,0.0,9.0,9.13,83.5,1.0,14.1
1071.688,70,108.0,1041.0,0.0,9.0,9.22,83.5,1.0,14.1
1072.438,70,108.0,1040.0,0.0,9.0,9.47,83.5,1.0,14.1
1073.188,70,108.0,1039.0,0.0,9.0,9.38,83.5,1.0,14.1
1073.939,70,108.0,1040.0,0.0,9.0,9.33,83.5,1.0,14.1
1074.69,70,108.0,1039.0,0.0,9.0,9.22,83.5,1.0,14.1
1075.44,70,108.0,1040.0,0.0,9.0,9.19,83.5,1.0,14.1
1076.188,70,107.0,1040.0,0.0,9.0,9.16,83.5,1.0,14.1
1076.94,70,107.0,1040.0,0.0,9.0,9.3,83.5,1.0,14.1
1077.778,70,108.0,1040.0,0.0,9.0,9.49,83.5,1.0,14.1
1078.528,70,108.0,1039.0,0.0,9.0,9.38,83.5,1.0,14.1
1079.278,70,107.0,1039.0,0.0,9.0,9.22,83.5,1.0,14.1
1080.028,70,108.0,1039.0,0.0,9.0,9.41,83.5,1.0,14.1
1080.778,70,108.0,1039.0,0.0,9.0,9.63,83.5,1.0,14.1
1081.528,70,108.0,1040.0,0.0,9.0,9.55,83.5,1.0,14.1
1082.278,70,108.0,1039.0,0.0,9.0,9.24,83.5,1.0,14.1
1083.028,70,108.0,1040.0,0.0,9.0,9.36,83.5,1.0,14.1
1083.778,70,108.0,1040.0,0.0,9.0,9.47,83.5,1.0,14.1
1084.528,70,108.0,1039.0,0.0,9.0,9.41,83.5,1.0,14.1
1085.278,70,108.0,1041.0,0.0,9.0,9.24,83.5,1.0,14.1
1086.1480000000001,70,108.0,1038.0,0.0,9.0,9.38,83.5,1.0,14.1
1087.049,70,108.0,1039.0,0.0,9.0,9.27,83.5,1.0,14.1
1087.978,70,107.0,1040.0,0.0,10.0,9.3,83.5,1.0,14.1
1088.8780000000002,70,108.0,1039.0,0.0,9.0,9.33,83.5,1.0,14.1
1089.778,70,107.0,1041.0,0.0,10.0,9.38,83.5,1.0,14.1
1090.678,70,107.0,1040.0,0.0,10.0,9.27,83.5,1.0,14.5
1091.578,70,107.0,1045.0,0.0,10.0,9.24,83.5,1.0,14.1
1092.478,70,107.0,1043.0,0.0,9.0,9.33,83.5,1.0,14.1
1093.438,70,107.0,1040.0,0.0,10.0,9.44,83.5,1.0,14.9
1094.338,70,107.0,998.0,0.0,9.0,9.27,83.5,1.0,14.9
1095.238,70,108.0,1002.0,1.0,9.0,8.47,83.5,1.0,14.1
1096.1370000000002,70,107.0,1092.0,1.0,8.0,9.99,83.5,1.0,14.9
1097.037,70,106.0,1018.0,1.0,10.0,8.49,83.5,1.0,14.9
1097.969,70,108.0,967.0,4.0,9.0,10.52,83.5,1.0,14.9
1098.8680000000002,70,109.0,1097.0,10.0,11.0,10.52,83.5,1.0,18.8
1099.768,70,105.0,1226.0,10.0,11.0,12.52,83.5,1.0,29.0
1100.6680000000001,70,108.0,1413.0,12.0,11.0,13.99,83.5,1.0,34.5
1101.568,70,121.0,1688.0,15.0,13.0,16.13,83.5,1.0,14.9
1102.468,70,115.0,945.0,16.0,13.0,11.05,83.5,1.0,28.6
1103.3980000000001,70,112.0,1042.0,18.0,11.0,11.58,83.5,1.0,28.2
1104.298,70,110.0,1164.0,20.0,11.0,11.05,83.5,1.0,33.3
1105.211,70,111.0,1278.0,22.0,12.0,14.44,83.5,1.0,35.7
1106.0990000000002,70,119.0,1424.0,24.0,13.0,18.24,83.5,1.0,38.8
1106.998,70,132.0,1586.0,27.0,13.0,21.58,83.5,1.0,38.8
1107.9270000000001,70,138.0,1742.0,30.0,14.0,19.52,83.5,1.0,31.4
1108.8590000000002,70,119.0,1806.0,31.0,13.0,17.16,83.5,1.0,26.3
1109.759,70,112.0,1782.0,30.0,13.0,15.63,83.5,1.0,20.4
1110.6580000000001,70,110.0,1681.0,29.0,12.0,15.47,83.5,1.0,22.4
1111.587,70,117.0,1584.0,27.0,12.0,15.83,83.5,1.0,22.7
1112.487,70,119.0,1530.0,26.0,12.0,14.55,83.5,1.0,22.4
1113.4180000000001,70,119.0,1476.0,25.0,12.0,14.11,83.5,1.0,23.1
1114.348,70,118.0,1480.0,25.0,12.0,13.44,83.5,1.0,25.5
1115.247,70,106.0,1471.0,25.0,11.0,13.24,83.5,1.0,31.0
1116.1480000000001,70,112.0,1519.0,26.0,12.0,13.83,83.5,1.0,29.0
1117.078,70,116.0,1582.0,27.0,12.0,13.77,83.5,1.0,23.5
1118.008,70,110.0,1554.0,27.0,12.0,13.49,83.5,1.0,20.0
1118.9070000000002,70,108.0,1481.0,25.0,12.0,13.24,83.5,1.0,14.1
1119.807,70,112.0,1375.0,23.0,11.0,12.72,83.5,1.0,14.1
1120.708,70,111.0,1221.0,21.0,11.0,10.49,83.5,1.0,14.1
1121.607,70,109.0,869.0,16.0,10.0,8.33,83.5,1.0,14.1
1122.508,70,106.0,883.0,7.0,7.0,8.44,83.5,1.0,14.1
1123.4070000000002,70,105.0,866.0,1.0,7.0,7.74,83.5,1.0,14.1
1124.279,70,104.0,776.0,0.0,7.0,7.11,83.5,1.0,14.1
1125.207,70,103.0,764.0,0.0,6.0,6.97,83.5,1.0,14.1
1126.1080000000002,70,103.0,764.0,0.0,6.0,7.13,83.5,1.0,14.1
1126.979,70,103.0,766.0,0.0,7.0,7.3,83.5,1.0,14.1
1127.882,70,103.0,768.0,0.0,7.0,7.11,83.5,1.0,14.1
1128.808,70,103.0,768.0,0.0,7.0,7.22,83.5,1.0,14.1
1129.707,70,103.0,773.0,0.0,7.0,6.99,83.5,1.0,14.1
1130.548,70,103.0,770.0,0.0,7.0,7.24,83.5,1.0,14.1
1131.4180000000001,70,103.0,770.0,0.0,7.0,7.08,83.5,1.0,14.9
1132.228,70,103.0,794.0,0.0,7.0,8.3,83.5,1.0,16.9
1133.1580000000001,70,104.0,891.0,0.0,8.0,8.88,83.5,1.0,16.9
1134.057,70,105.0,895.0,4.0,9.0,9.8,83.5,1.0,16.9
1134.957,70,107.0,1013.0,9.0,11.0,10.41,83.5,1.0,23.9
1135.857,70,108.0,1281.0,11.0,12.0,12.38,83.5,1.0,24.7
1136.757,70,109.0,1403.0,12.0,13.0,11.86,83.5,1.0,30.2
1137.6270000000002,70,110.0,1547.0,14.0,13.0,18.52,83.5,1.0,14.1
1138.529,70,116.0,1239.0,14.0,13.0,7.77,83.5,1.0,32.9
1139.3970000000002,70,114.0,982.0,17.0,12.0,15.36,83.5,1.0,39.2
1140.298,70,118.0,1232.0,21.0,14.0,21.77,83.5,1.0,44.3
1141.1970000000001,70,136.0,1541.0,26.0,15.0,28.91,83.5,1.0,44.7
1142.067,70,167.0,1815.0,31.0,16.0,28.24,31.0,1.0,14.1
1142.967,70,105.0,1385.0,32.0,14.0,17.3,81.6,1.0,49.4
1143.837,70,122.0,1306.0,35.0,13.0,27.05,83.5,1.0,35.7
1144.737,70,127.0,1402.0,38.0,13.0,13.19,83.5,1.0,14.1
1145.6080000000002,70,111.0,1376.0,37.0,11.0,12.58,83.5,1.0,30.6
1146.508,70,109.0,1365.0,37.0,11.0,13.55,83.5,1.0,33.7
1147.4070000000002,70,117.0,1395.0,37.0,12.0,15.58,83.5,1.0,34.1
1148.337,70,124.0,1432.0,38.0,12.0,15.55,83.5,1.0,32.5
1149.1770000000001,71,120.0,1461.0,39.0,12.0,15.24,83.5,1.0,29.0
1150.017,71,116.0,1473.0,39.0,12.0,13.69,83.5,1.0,28.6
1150.8580000000002,71,112.0,1474.0,40.0,12.0,12.36,83.5,0.0,25.1
1151.757,71,107.0,1467.0,39.0,11.0,12.38,83.5,0.0,25.5
1152.6280000000002,71,105.0,1464.0,39.0,11.0,12.55,83.5,0.0,27.8
1153.529,71,108.0,1454.0,39.0,11.0,12.74,83.5,0.0,26.7
1154.367,71,111.0,1454.0,39.0,11.0,12.49,83.5,0.0,14.5
1155.1190000000001,71,109.0,1419.0,38.0,11.0,12.72,83.5,0.0,14.1
1155.957,71,112.0,1357.0,36.0,11.0,12.63,83.5,0.0,14.1
1156.767,71,112.0,1309.0,35.0,11.0,12.11,83.5,0.0,14.1
1157.517,71,111.0,1245.0,33.0,11.0,11.49,83.5,0.0,14.1
1158.3590000000002,71,110.0,1188.0,32.0,10.0,10.8,83.5,0.0,14.1
1159.1670000000001,71,109.0,1131.0,30.0,10.0,10.24,83.5,0.0,16.5
1160.007,71,108.0,1098.0,29.0,10.0,8.91,83.5,0.0,25.1
1160.761,71,106.0,1079.0,29.0,9.0,9.05,83.5,0.0,14.1
1161.507,71,105.0,1062.0,28.0,8.0,9.33,83.5,0.0,14.1
1162.257,71,106.0,1020.0,27.0,9.0,8.91,83.5,0.0,14.1
1163.069,71,105.0,966.0,26.0,8.0,8.38,83.5,0.0,14.1
1163.9070000000002,71,105.0,871.0,23.0,7.0,8.44,83.5,0.0,14.1
1164.747,71,104.0,883.0,20.0,7.0,8.33,83.5,0.0,14.1
1165.6770000000001,71,104.0,891.0,17.0,7.0,8.19,83.5,0.0,14.1
1166.547,71,104.0,895.0,14.0,7.0,8.27,83.5,0.0,14.1
1167.296,71,105.0,897.0,11.0,7.0,8.13,83.5,0.0,14.1
1168.1080000000002,71,105.0,898.0,7.0,7.0,8.22,83.5,0.0,14.1
1169.007,71,105.0,897.0,3.0,8.0,8.24,83.5,0.0,14.1
1169.847,71,105.0,823.0,1.0,8.0,7.36,83.5,0.0,14.1
1170.6870000000001,71,104.0,764.0,0.0,7.0,7.22,83.5,0.0,14.1
1171.497,71,103.0,765.0,0.0,7.0,7.36,83.5,0.0,14.1
1172.337,71,103.0,769.0,0.0,7.0,6.88,83.5,0.0,14.1
1173.208,71,103.0,770.0,0.0,7.0,7.33,83.5,0.0,14.1
1173.959,71,103.0,769.0,0.0,8.0,7.3,83.5,0.0,14.1
1174.713,71,103.0,771.0,0.0,8.0,6.88,83.5,0.0,15.3
1175.547,71,103.0,920.0,0.0,8.0,8.61,83.5,0.0,15.3
1176.357,71,105.0,866.0,3.0,9.0,9.72,83.5,0.0,16.1
1177.1090000000002,71,106.0,995.0,9.0,10.0,16.8,83.5,0.0,33.7
1177.948,71,115.0,1563.0,14.0,12.0,25.27,83.5,0.0,38.8
1178.757,71,139.0,2047.0,18.0,15.0,21.33,83.5,0.0,14.1
1179.508,71,121.0,1430.0,19.0,16.0,15.38,83.5,0.0,53.7
1180.257,71,125.0,1331.0,23.0,13.0,30.8,83.5,0.0,50.2
1181.009,71,156.0,1694.0,30.0,16.0,29.05,83.5,0.0,41.2
1181.7620000000002,71,146.0,1908.0,33.0,16.0,21.38,83.5,0.0,32.2
1182.509,71,121.0,1963.0,34.0,13.0,20.58,83.5,0.0,30.6
1183.347,71,115.0,1974.0,34.0,13.0,18.44,83.5,0.0,30.6
1184.0990000000002,71,115.0,1980.0,34.0,13.0,19.13,83.5,0.0,30.6
1184.847,71,117.0,1980.0,34.0,13.0,19.47,83.5,0.0,27.5
1185.597,71,117.0,1951.0,34.0,13.0,17.99,83.5,0.0,23.9
1186.347,71,113.0,1918.0,33.0,13.0,18.69,83.5,0.0,22.0
1187.097,72,120.0,1809.0,31.0,13.0,19.02,83.5,0.0,14.5
1187.909,72,123.0,1747.0,30.0,13.0,17.24,83.5,0.0,14.1
1188.6580000000001,72,120.0,1585.0,27.0,12.0,15.88,83.5,0.0,14.1
1189.44,72,117.0,1516.0,26.0,12.0,14.27,83.5,0.0,14.1
1190.1580000000001,72,115.0,1425.0,24.0,11.0,13.41,83.5,0.0,14.1
1190.939,72,113.0,1316.0,22.0,11.0,12.3,83.5,0.0,14.1
1191.747,72,111.0,1076.0,20.0,10.0,9.38,83.5,0.0,14.1
1192.497,72,109.0,963.0,16.0,8.0,8.66,83.5,0.0,14.1
1193.247,72,107.0,920.0,10.0,7.0,8.66,83.5,0.0,14.1
1193.999,72,106.0,906.0,6.0,7.0,8.36,83.5,0.0,18.0
1194.748,72,105.0,983.0,6.0,7.0,9.11,83.5,0.0,25.1
1195.5,72,107.0,1070.0,9.0,7.0,13.91,83.5,0.0,41.2
1196.247,72,114.0,1555.0,14.0,10.0,28.94,83.5,0.0,44.3
1197.001,72,151.0,2193.0,20.0,13.0,46.16,83.5,0.0,44.3
1197.808,72,173.0,2818.0,25.0,17.0,75.22,83.5,0.0,14.1
1198.587,72,90.0,2469.0,27.0,17.0,33.08,31.0,0.0,37.3
1199.337,72,113.0,1649.0,28.0,14.0,14.38,83.5,0.0,14.1
1200.086,72,116.0,929.0,28.0,9.0,8.49,83.5,0.0,14.1
1200.867,72,111.0,896.0,27.0,6.0,8.52,83.5,0.0,14.1
1201.767,72,107.0,895.0,24.0,6.0,8.41,83.5,0.0,14.5
1202.698,72,106.0,894.0,20.0,6.0,8.16,83.5,0.0,14.1
1203.597,72,106.0,897.0,18.0,6.0,8.16,83.5,0.0,14.1
1204.497,72,105.0,898.0,17.0,6.0,8.3,83.5,0.0,14.1
1205.3990000000001,72,105.0,907.0,17.0,6.0,8.97,83.5,0.0,26.7
1206.297,72,107.0,1056.0,18.0,7.0,12.66,83.5,0.0,32.5
1207.227,72,112.0,1195.0,20.0,11.0,12.19,83.5,0.0,32.9
1208.1570000000002,72,116.0,1315.0,23.0,11.0,15.58,83.5,0.0,27.5
1209.057,72,115.0,1404.0,24.0,12.0,12.63,83.5,0.0,27.5
1209.957,72,109.0,1445.0,25.0,11.0,12.41,83.5,0.0,25.1
1210.857,72,108.0,1459.0,25.0,11.0,12.16,83.5,0.0,24.7
1211.757,72,105.0,1450.0,25.0,11.0,12.58,83.5,0.0,29.4
1212.717,72,108.0,1472.0,25.0,11.0,12.58,83.5,0.0,24.7
1213.6770000000001,72,110.0,1485.0,25.0,11.0,13.08,83.5,0.0,14.5
1214.577,72,108.0,1419.0,24.0,11.0,12.38,83.5,0.0,22.0
1215.478,72,112.0,1329.0,23.0,11.0,11.72,83.5,0.0,31.8
1216.3770000000002,72,110.0,1390.0,24.0,11.0,18.55,83.5,0.0,40.8
1217.277,72,126.0,1569.0,27.0,12.0,22.8,83.5,0.0,41.2
1218.2060000000001,72,145.0,1759.0,30.0,13.0,25.22,83.5,0.0,39.6
1219.107,73,140.0,1924.0,33.0,13.0,21.94,83.5,0.0,29.0
1220.007,73,116.0,1960.0,34.0,13.0,18.49,83.5,0.0,28.6
1220.9070000000002,73,111.0,1945.0,33.0,12.0,18.05,83.5,0.0,29.0
1221.807,73,114.0,1934.0,33.0,11.0,18.58,83.5,0.0,27.8
1222.767,73,115.0,1919.0,33.0,11.0,18.44,83.5,0.0,24.3
1223.6670000000001,73,112.0,1878.0,32.0,11.0,18.47,83.5,0.0,14.1
1224.576,73,118.0,1736.0,30.0,11.0,16.97,83.5,0.0,14.1
1225.467,73,119.0,1204.0,26.0,10.0,7.72,83.5,0.0,14.1
1226.3670000000002,73,111.0,891.0,22.0,7.0,9.16,83.5,0.0,14.1
1227.296,73,107.0,894.0,18.0,7.0,8.41,83.5,0.0,14.1
1228.287,73,106.0,893.0,14.0,5.0,8.41,83.5,0.0,14.1
1229.1870000000001,73,105.0,898.0,8.0,5.0,8.36,83.5,0.0,14.1
1230.1180000000002,73,105.0,899.0,4.0,6.0,8.08,83.5,0.0,14.1
1231.018,73,105.0,854.0,2.0,6.0,7.44,83.5,0.0,14.1
1231.948,73,104.0,760.0,1.0,5.0,7.41,83.5,0.0,14.5
1232.847,73,103.0,765.0,0.0,5.0,7.33,83.5,0.0,14.1
1233.757,73,103.0,767.0,0.0,6.0,7.72,83.5,0.0,15.3
1234.6760000000002,73,104.0,900.0,0.0,7.0,8.52,83.5,0.0,14.1
1235.577,73,105.0,993.0,2.0,8.0,8.88,83.5,0.0,14.5
1236.507,73,106.0,941.0,3.0,8.0,8.94,83.5,0.0,14.5
1237.4060000000002,73,107.0,900.0,6.0,9.0,9.27,83.5,0.0,15.3
1238.3670000000002,73,107.0,1022.0,9.0,9.0,12.72,83.5,0.0,25.9
1239.266,73,112.0,1328.0,11.0,11.0,13.72,83.5,0.0,26.7
1240.169,73,114.0,1452.0,13.0,12.0,12.52,83.5,0.0,14.1
1241.068,73,110.0,1268.0,11.0,12.0,10.16,83.5,0.0,14.1
1241.996,73,110.0,1016.0,9.0,10.0,9.13,83.5,0.0,19.6
1242.8960000000002,73,108.0,980.0,8.0,8.0,12.02,83.5,0.0,34.5
1243.828,73,111.0,1431.0,12.0,12.0,29.74,83.5,0.0,42.4
1244.756,73,133.0,1953.0,20.0,15.0,27.44,31.0,0.0,14.1
1245.6560000000002,73,108.0,990.0,22.0,14.0,7.36,83.5,0.0,14.1
1246.526,73,107.0,894.0,24.0,7.0,8.69,83.5,0.0,14.1
1247.4260000000002,73,106.0,894.0,27.0,7.0,8.22,83.5,0.0,14.1
1248.326,73,106.0,898.0,28.0,7.0,8.36,83.5,0.0,14.1
1249.226,73,105.0,897.0,27.0,7.0,8.41,83.5,0.0,14.1
1250.096,73,105.0,900.0,24.0,7.0,8.19,83.5,0.0,14.1
1250.9360000000001,73,105.0,899.0,17.0,7.0,8.3,83.5,0.0,14.1
1251.777,73,105.0,899.0,7.0,7.0,8.27,83.5,0.0,14.5
1252.6170000000002,73,105.0,886.0,1.0,7.0,8.05,83.5,0.0,14.1
1253.49,73,72.0,710.0,0.0,7.0,1.55,13.7,0.0,14.1
1254.3890000000001,73,36.0,65.0,0.0,1.0,0.0,13.7,0.0,14.1
1255.287,73,106.0,1178.0,0.0,6.0,7.66,83.5,0.0,19.6
1256.1860000000001,73,102.0,1016.0,0.0,26.0,10.49,83.5,0.0,20.8
1257.0890000000002,73,106.0,961.0,5.0,16.0,10.13,83.5,0.0,20.0
1258.047,73,108.0,1056.0,9.0,14.0,8.52,83.5,0.0,14.1
1258.9460000000001,73,107.0,921.0,9.0,11.0,8.58,83.5,0.0,14.1
1259.846,73,106.0,901.0,8.0,10.0,8.38,83.5,0.0,14.1
1260.721,73,106.0,905.0,7.0,10.0,8.44,83.5,0.0,14.1
1261.6200000000001,73,105.0,903.0,4.0,10.0,8.08,83.5,0.0,14.5
1262.486,73,105.0,948.0,4.0,9.0,8.69,83.5,0.0,15.3
1263.386,73,106.0,878.0,5.0,10.0,8.91,83.5,0.0,15.3
1264.286,73,106.0,902.0,8.0,9.0,10.36,83.5,0.0,16.9
1265.126,73,107.0,1003.0,9.0,10.0,8.69,83.5,0.0,18.8
1265.967,73,107.0,965.0,8.0,9.0,9.11,83.5,0.0,20.0
1266.806,73,106.0,961.0,8.0,9.0,8.77,83.5,0.0,20.4
1267.6480000000001,73,106.0,967.0,8.0,9.0,9.13,83.5,0.0,20.4
1268.516,73,107.0,986.0,8.0,9.0,9.08,83.5,0.0,25.5
1269.4170000000001,73,107.0,1098.0,9.0,10.0,10.58,83.5,1.0,30.2
1270.316,73,109.0,1384.0,12.0,10.0,16.69,83.5,1.0,23.1
1271.1560000000002,73,116.0,1393.0,14.0,13.0,9.16,83.5,1.0,27.1
1272.028,73,114.0,889.0,15.0,12.0,11.44,83.5,1.0,22.4
1272.866,73,111.0,1005.0,17.0,10.0,8.63,83.5,1.0,23.1
1273.678,73,109.0,1020.0,17.0,10.0,8.77,83.5,1.0,23.1
1274.486,73,109.0,1026.0,17.0,8.0,8.8,83.5,1.0,23.1
1275.267,73,109.0,1040.0,18.0,8.0,9.02,83.5,1.0,23.9
1276.016,73,109.0,1050.0,18.0,9.0,9.16,83.5,1.0,23.9
1276.766,73,109.0,1072.0,18.0,9.0,9.36,83.5,1.0,23.9
1277.516,73,110.0,1096.0,19.0,9.0,8.27,83.5,1.0,23.5
1278.299,73,106.0,1115.0,19.0,9.0,9.63,83.5,1.0,23.1
1279.077,73,103.0,1127.0,19.0,9.0,9.22,83.5,2.0,14.1
1279.827,73,103.0,1078.0,18.0,10.0,8.8,83.5,2.0,14.5
1280.577,73,104.0,992.0,17.0,9.0,8.22,83.5,2.0,14.1
1281.327,74,105.0,872.0,13.0,9.0,8.52,83.5,2.0,14.1
1282.085,74,105.0,882.0,11.0,7.0,7.91,83.5,2.0,14.1
1282.9160000000002,74,105.0,892.0,11.0,7.0,8.38,83.5,2.0,14.1
1283.67,74,105.0,894.0,10.0,7.0,8.41,83.5,2.0,14.1
1284.506,74,105.0,895.0,10.0,8.0,8.16,83.5,2.0,14.1
1285.347,74,105.0,895.0,9.0,8.0,8.16,83.5,2.0,14.1
1286.1860000000001,74,105.0,895.0,9.0,8.0,7.94,83.5,2.0,14.1
1287.058,74,105.0,904.0,7.0,8.0,8.27,83.5,2.0,14.1
1287.957,74,105.0,901.0,3.0,8.0,8.22,83.5,2.0,14.1
1288.766,74,105.0,827.0,0.0,8.0,7.38,83.5,2.0,14.1
1289.577,74,104.0,757.0,0.0,8.0,7.49,83.5,2.0,14.1
1290.356,74,104.0,880.0,0.0,7.0,8.86,83.5,2.0,14.9
1291.106,74,104.0,941.0,0.0,8.0,8.33,83.5,2.0,15.3
1291.856,74,105.0,926.0,1.0,9.0,8.58,83.5,2.0,16.1
1292.606,74,106.0,939.0,2.0,9.0,8.74,83.5,2.0,14.1
1293.4150000000002,74,106.0,1003.0,3.0,10.0,8.55,83.5,2.0,14.1
1294.257,74,106.0,926.0,2.0,9.0,8.36,83.5,2.0,14.5
1295.006,74,106.0,939.0,2.0,9.0,8.77,83.5,2.0,14.9
1295.756,74,106.0,922.0,2.0,9.0,8.72,83.5,2.0,15.3
1296.506,74,106.0,942.0,2.0,9.0,8.77,83.5,2.0,14.1
1297.257,74,106.0,959.0,2.0,9.0,8.88,83.5,2.0,14.9
1298.067,74,106.0,951.0,2.0,9.0,8.8,83.5,2.0,14.9
1298.818,74,106.0,948.0,1.0,9.0,8.74,83.5,2.0,14.9
1299.717,74,106.0,942.0,1.0,9.0,8.83,83.5,2.0,14.9
1300.467,74,106.0,943.0,2.0,9.0,8.74,83.5,2.0,14.9
1301.218,74,106.0,948.0,2.0,9.0,8.8,83.5,2.0,14.9
1301.967,74,106.0,948.0,2.0,9.0,8.8,83.5,2.0,14.1
1302.8680000000002,74,106.0,985.0,2.0,10.0,8.69,83.5,2.0,14.1
1303.6170000000002,74,106.0,914.0,1.0,9.0,8.27,83.5,2.0,14.1
1304.366,74,106.0,867.0,0.0,9.0,7.83,83.5,2.0,14.1
1305.1170000000002,74,105.0,825.0,0.0,8.0,7.63,83.5,2.0,14.1
1305.8670000000002,74,104.0,790.0,0.0,8.0,7.08,83.5,2.0,14.1
1306.616,74,104.0,772.0,0.0,8.0,7.08,79.6,2.0,14.1
1307.366,74,52.0,567.0,0.0,8.0,0.0,13.7,2.0,14.1
