Time,Engine Coolant Temperature [C],Intake Manifold Pressure [kPa],Engine RPM [RPM],Vehicle Speed [km/h],Throttle Position [%],Accelerator Pedal Position [%],Steering Wheel Angle [deg]
1,87,59,1203,0,7.1,0.0,6.4
2,87,34,1024,0,6.1,0.0,6.6
3,87,38,801,0,6.6,0.0,6.6
4,87,49,684,0,7.1,0.0,7.0
5,87,48,702,0,6.6,0.0,7.0
6,87,49,719,0,7.1,0.0,24.6
7,87,54,703,0,7.5,0.0,34.7
8,87,66,1113,0,11.8,7.4,38.6
9,87,81,1486,5,19.3,17.2,62.0
10,87,84,1906,10,21.6,13.7,102.7
11,87,68,1769,10,17.4,21.1,12.5
12,87,94,2081,11,39.9,27.0,0.8
13,87,97,2511,14,54.0,27.3,0.0
14,87,94,2641,17,38.5,28.5,0.5
15,87,99,2212,18,92.0,31.2,0.5
16,87,94,2154,19,35.2,22.3,0.5
17,87,98,2045,19,76.1,31.2,-5.2
18,87,99,2300,20,100.0,36.3,22.8
19,87,99,2347,21,100.0,36.7,9.5
20,86,86,2338,22,54.0,20.3,-5.2
21,86,32,1645,22,8.0,0.0,-0.6
22,86,57,1491,21,13.6,12.1,-10.6
23,85,57,1582,22,10.8,1.6,-28.8
24,85,39,1373,21,8.5,0.0,-42.6
25,85,38,1298,21,8.5,0.0,-25.5
26,85,38,1230,20,8.0,0.0,-43.3
27,85,37,1130,19,6.6,0.0,-43.0
28,85,34,1025,17,6.6,0.0,-44.1
29,85,37,967,14,7.1,0.0,-112.4
30,85,48,868,10,7.5,0.0,-293.4
31,85,50,841,9,7.1,0.0,-231.0
32,85,50,842,9,7.1,0.0,-34.9
33,85,50,844,10,7.1,0.0,8.0
34,85,64,1219,10,13.2,15.2,6.0
35,85,63,1540,13,11.8,5.9,0.6
36,85,70,1498,15,15.5,16.4,-0.9
37,85,80,1842,18,18.3,15.2,-5.9
38,85,76,1828,21,16.5,10.9,-11.3
39,86,46,1549,22,9.9,0.0,-4.2
40,86,44,1456,21,9.4,0.0,-1.6
41,86,53,1182,15,10.4,0.0,-1.6
42,86,62,1000,9,9.4,0.0,-1.6
43,86,59,917,7,8.5,0.0,13.9
44,86,65,1222,7,13.6,14.1,18.5
45,86,86,2078,12,22.1,18.4,18.3
46,86,69,2319,16,17.4,18.4,-0.9
47,86,72,2109,20,16.9,18.4,-4.6
48,86,70,2374,23,18.3,19.9,-1.3
49,86,72,2480,26,19.7,21.1,0.8
50,86,63,1965,29,13.6,10.5,-6.8
51,86,30,1790,29,7.5,0.0,-1.6
52,86,27,1619,28,7.5,0.0,-4.5
53,85,30,1473,24,7.5,0.0,1.3
54,85,34,1242,19,7.5,0.0,1.4
55,85,46,1028,14,8.9,0.0,1.3
56,85,53,879,8,8.5,0.0,1.2
57,84,56,831,5,7.5,0.0,1.2
58,84,66,1053,4,12.7,10.9,1.5
59,84,90,1958,9,24.4,21.1,5.5
60,84,60,1902,12,13.6,13.3,4.8
61,84,93,1890,14,39.0,27.3,3.1
62,84,58,1729,15,12.7,5.9,0.5
63,84,82,1807,16,19.3,19.5,-7.3
64,84,47,1619,16,8.0,0.8,-4.1
65,84,37,1421,14,8.9,7.0,28.5
66,84,40,1205,12,7.1,0.0,60.7
67,85,39,943,10,6.6,0.0,130.4
68,85,51,945,8,9.4,5.1,135.5
69,85,75,1684,9,16.5,16.0,145.9
70,85,48,1634,10,9.9,8.2,157.8
71,85,71,1831,11,16.9,21.1,148.8
72,85,74,2249,13,18.3,19.9,62.8
73,85,76,1967,15,17.9,19.1,38.6
74,85,65,1822,16,13.2,9.8,8.7
75,85,33,1439,14,7.1,0.0,5.5
76,85,34,1099,11,7.1,0.0,4.4
77,85,49,1022,9,9.9,6.2,5.5
78,85,60,1361,7,10.8,8.2,5.5
79,86,44,1116,6,7.1,0.0,19.1
80,86,64,1218,5,13.2,14.5,33.5
81,86,80,1790,8,18.3,16.0,33.2
82,86,73,2046,11,16.9,16.0,31.7
83,86,70,1914,13,15.0,12.5,-6.7
84,86,44,1338,12,8.9,0.0,-10.9
85,86,64,1416,11,13.2,11.7,-7.0
86,85,60,1415,11,10.8,5.1,-5.2
87,85,59,1303,10,11.3,5.9,-13.5
88,85,61,1313,9,11.3,5.9,-15.6
89,85,60,1291,9,11.3,5.5,-17.1
90,85,61,1307,8,11.3,5.5,-20.3
91,85,56,1163,8,8.9,1.6,-9.5
92,85,51,923,6,7.5,0.0,-9.2
93,85,57,829,0,8.5,0.0,-9.5
94,85,60,749,0,7.5,0.0,-9.5
95,85,60,691,0,7.1,0.0,-9.5
96,85,60,676,0,7.1,0.0,-10.2
97,85,59,669,0,7.1,0.0,-10.9
98,85,59,669,0,7.1,0.0,-10.7
99,85,59,665,0,7.1,0.0,-11.3
100,85,60,666,0,7.1,0.0,-11.3
101,85,61,666,0,7.1,0.0,-11.4
102,85,60,671,0,7.1,0.0,-11.1
103,85,60,670,0,7.1,0.0,-11.5
104,85,61,667,0,7.1,0.0,-11.4
105,86,61,670,0,7.1,0.0,-11.3
106,86,61,668,0,7.1,0.0,-11.3
107,86,61,667,0,7.1,0.0,-11.4
108,86,61,668,0,7.1,0.0,-11.1
109,86,61,670,0,7.1,0.0,-11.3
110,86,62,669,0,7.1,0.0,-11.1
111,86,62,667,0,7.1,0.0,-10.0
112,86,62,678,0,7.1,0.0,-9.7
113,86,63,746,0,8.0,0.0,-9.9
114,86,64,1117,0,9.9,2.7,-9.9
115,87,60,1091,0,9.9,2.0,-9.9
116,87,57,998,2,8.5,0.8,-11.4
117,87,58,830,0,8.5,0.0,-11.4
118,87,61,725,0,7.5,0.0,-11.4
119,87,63,675,0,7.5,0.0,-11.7
120,87,63,671,0,7.5,0.0,-11.3
121,87,63,673,0,7.1,0.0,-9.5
122,87,62,669,0,7.1,0.0,-9.8
123,87,61,669,0,7.1,0.0,-4.2
124,87,62,670,0,7.1,0.0,-2.0
125,87,62,666,0,7.1,0.0,-3.9
126,87,61,690,0,7.1,0.0,-0.9
127,87,65,911,0,9.9,3.9,1.9
128,87,66,1273,1,11.8,8.2,10.9
129,87,65,1279,4,11.8,8.2,13.1
130,87,63,1293,5,11.8,8.2,24.3
131,87,59,1290,6,10.4,5.1,30.8
132,87,48,982,5,7.1,0.0,15.3
133,87,54,855,4,8.5,0.0,-22.5
134,87,58,852,3,8.9,0.0,-10.5
135,87,60,988,2,8.9,1.6,-1.6
136,87,62,1000,3,10.4,4.7,-22.8
137,87,56,1088,4,8.9,0.8,-55.0
138,87,61,996,4,10.4,3.1,-74.6
139,87,57,1150,5,8.9,1.2,-85.2
140,87,50,932,5,7.5,0.0,-117.8
141,86,52,855,4,7.5,0.0,-155.2
142,86,56,804,2,8.0,0.0,-167.3
143,86,59,745,0,7.5,0.0,-157.7
144,86,60,682,0,7.1,0.0,-160.7
145,86,59,675,0,7.1,0.0,-160.8
146,86,58,667,0,7.1,0.0,-160.7
147,86,58,673,0,7.1,0.0,-160.7
148,86,58,669,0,7.1,0.0,-160.7
149,86,58,667,0,7.1,0.0,-160.7
150,86,58,671,0,7.1,0.0,-160.8
151,86,57,666,0,7.1,0.0,-160.9
152,86,58,673,0,7.1,0.0,-160.7
153,86,58,666,0,7.1,0.0,-160.9
154,86,58,672,0,7.1,0.0,-160.7
155,86,58,670,0,7.1,0.0,-160.7
156,86,58,665,0,7.1,0.0,-160.7
157,86,58,674,0,7.1,0.0,-160.7
158,86,58,667,0,7.1,0.0,-160.7
159,86,58,670,0,7.1,0.0,-160.7
160,86,58,669,0,7.1,0.0,-160.7
161,86,58,671,0,7.1,0.0,-161.0
162,86,57,673,0,7.1,0.0,-160.8
163,86,57,678,0,7.1,0.0,-161.0
164,86,54,687,0,7.1,0.0,-161.1
165,86,51,691,0,6.1,0.0,-161.1
166,86,47,688,0,6.1,0.0,-161.0
167,86,45,680,0,6.1,0.0,-161.1
168,86,44,671,0,6.1,0.0,-161.1
169,86,45,668,0,6.1,0.0,-161.1
170,86,45,667,0,6.1,0.0,-175.4
171,87,46,694,0,6.6,0.0,-199.5
172,87,55,862,0,8.5,0.4,-226.8
173,87,48,861,3,7.1,0.0,-372.4
174,87,49,805,3,7.1,0.0,-378.2
175,87,47,823,4,6.6,0.0,-323.2
176,87,43,805,5,6.6,0.0,-201.2
177,87,44,783,5,6.6,0.0,-17.8
178,87,45,922,6,8.0,2.3,24.1
179,87,58,1483,8,12.2,14.1,8.0
180,87,44,1842,12,9.4,4.3,-39.5
181,87,29,1365,13,7.1,0.0,-66.6
182,87,28,1339,15,7.1,0.0,-64.2
183,87,27,1340,15,6.6,0.0,-73.6
184,86,25,1315,16,6.6,0.0,-32.5
185,86,23,1327,17,6.1,0.0,-3.8
186,86,23,1294,18,6.1,0.0,11.1
187,86,23,1171,17,5.7,0.0,6.6
188,85,27,1013,15,5.7,0.0,7.4
189,85,30,918,12,6.1,0.0,2.3
190,85,34,852,10,6.1,0.0,1.1
191,85,36,818,9,6.1,0.0,-1.0
192,84,37,823,10,6.1,0.0,-1.3
193,84,37,824,9,6.1,0.0,0.2
194,84,39,800,8,6.6,0.0,0.2
195,84,44,783,6,7.1,0.0,0.4
196,84,46,774,4,7.1,0.0,0.4
197,84,52,769,2,7.1,0.0,0.5
198,84,53,742,0,7.1,0.0,1.9
199,84,51,678,0,6.6,0.0,1.5
200,84,51,667,0,6.6,0.0,0.9
201,84,51,667,0,6.6,0.0,1.2
202,84,52,665,0,6.6,0.0,0.9
203,84,51,668,0,6.6,0.0,0.5
204,84,52,666,0,6.6,0.0,0.4
205,84,52,666,0,6.6,0.0,-5.4
206,84,52,666,0,6.6,0.0,-4.5
207,84,52,664,0,6.6,0.0,-4.4
208,84,53,663,0,6.6,0.0,-4.4
209,84,52,665,0,6.6,0.0,-4.1
210,84,53,664,0,7.1,0.0,-4.5
211,85,53,664,0,6.6,0.0,-4.5
212,85,53,666,0,7.1,0.0,-4.3
213,85,53,663,0,7.1,0.0,-4.5
214,85,53,665,0,7.1,0.0,-4.1
215,85,54,667,0,7.1,0.0,-4.2
216,85,53,666,0,7.1,0.0,-4.5
217,85,53,669,0,7.1,0.0,-4.3
218,85,54,668,0,7.1,0.0,-4.5
219,85,54,666,0,7.1,0.0,-4.5
220,86,53,666,0,7.1,0.0,-4.3
221,86,54,668,0,7.1,0.0,-4.1
222,86,54,665,0,7.1,0.0,-4.5
223,86,54,669,0,7.1,0.0,-4.4
224,86,53,668,0,7.1,0.0,-4.3
225,86,54,668,0,7.1,0.0,-4.1
226,86,54,668,0,7.1,0.0,-4.8
227,86,54,671,0,7.1,0.0,-4.7
228,86,53,668,0,7.1,0.0,-4.9
229,86,54,670,0,7.1,0.0,-4.9
230,87,54,667,0,7.1,0.0,-4.5
231,87,53,669,0,7.1,0.0,-4.3
232,87,54,666,0,7.1,0.0,-2.3
233,87,54,668,0,7.1,0.0,0.1
234,87,54,670,0,7.1,0.0,0.2
235,87,53,667,0,7.1,0.0,-1.7
236,87,54,667,0,7.1,0.0,-2.3
237,87,54,668,0,7.1,0.0,-2.0
238,87,54,669,0,7.1,0.0,-2.0
239,87,54,674,1,7.1,0.0,-3.7
240,87,51,759,5,6.6,0.0,-4.2
241,87,44,782,8,6.6,0.0,2.6
242,87,44,926,11,7.5,2.0,1.2
243,87,49,1528,15,11.3,11.7,1.2
244,87,43,1849,19,9.9,7.4,0.9
245,87,26,1627,22,7.1,0.0,4.7
246,87,31,1470,24,8.0,0.0,0.2
247,87,30,1556,26,8.0,0.0,0.9
248,87,29,1579,27,8.0,0.0,0.1
249,86,29,1562,27,8.0,0.0,3.1
250,86,29,1520,26,7.5,0.0,4.1
251,86,29,1415,24,7.1,0.0,10.2
252,85,30,1295,22,7.1,0.0,5.9
253,85,30,1261,23,7.1,0.0,-3.2
254,84,28,1282,23,7.1,0.0,-3.0
255,84,27,1261,23,6.6,0.0,-2.6
256,84,29,1241,22,7.1,0.0,8.0
257,84,30,1249,22,7.5,0.0,3.4
258,84,54,1575,22,13.2,14.8,-4.1
259,84,81,1732,24,18.3,16.8,-2.3
260,83,57,1658,26,10.8,8.2,2.7
261,83,28,1618,25,7.1,2.3,0.9
262,83,26,1405,24,7.1,0.0,2.4
263,83,29,1254,21,7.1,0.0,3.1
264,83,34,1118,17,7.1,0.0,3.6
265,83,41,979,14,7.5,0.0,-2.0
266,83,49,876,10,7.5,0.0,-2.8
267,84,52,837,8,7.5,0.0,-0.5
268,84,52,835,8,7.5,0.0,2.9
269,84,57,1112,9,10.4,9.0,3.4
270,84,62,1357,11,12.2,11.7,3.8
271,84,75,1571,13,16.0,16.8,4.1
272,84,79,1772,16,18.3,17.6,4.1
273,84,79,1794,18,17.9,15.6,-0.1
274,84,43,1410,20,7.5,0.0,-7.0
275,84,34,1186,18,7.1,0.0,-5.7
276,84,40,1001,14,7.5,0.0,3.1
277,84,50,906,9,8.0,0.0,6.9
278,84,53,838,4,7.5,0.0,6.7
279,84,54,800,3,7.5,0.0,6.9
280,84,54,767,0,7.1,0.0,6.7
281,85,53,690,0,6.6,0.0,6.9
282,85,53,673,0,6.6,0.0,6.9
283,85,53,671,0,7.1,0.0,7.0
284,85,53,670,0,6.6,0.0,6.6
285,85,53,668,0,6.6,0.0,5.9
286,85,53,668,0,6.6,0.0,6.0
287,86,53,664,0,6.6,0.0,5.9
288,86,53,668,0,6.6,0.0,5.9
289,86,53,664,0,6.6,0.0,5.9
290,86,53,666,0,6.6,0.0,5.9
291,86,53,669,0,6.6,0.0,5.9
292,86,53,667,0,6.6,0.0,5.2
293,87,53,667,0,6.6,0.0,6.3
294,87,53,669,0,6.6,0.0,5.8
295,87,53,667,0,6.6,0.0,5.8
296,87,53,667,0,6.6,0.0,5.8
297,87,54,667,0,6.6,0.0,5.8
298,87,53,671,0,6.6,0.0,5.7
299,87,54,680,0,6.6,0.0,6.7
300,87,63,1011,0,10.4,8.6,6.9
301,87,68,1457,5,13.2,12.9,5.9
302,87,67,1720,9,14.1,13.7,1.2
303,87,67,1991,12,15.5,16.8,-3.4
304,87,82,1907,15,20.2,22.7,-1.8
305,87,85,2045,19,21.6,23.4,1.6
306,87,80,2251,23,20.7,23.4,-0.5
307,87,39,2293,25,9.4,3.5,-2.8
308,86,55,1797,25,14.6,16.0,-3.0
309,86,85,2038,27,22.1,20.7,9.7
310,86,56,2026,29,13.2,5.5,13.8
311,85,28,1819,29,8.0,0.0,2.6
312,84,27,1705,28,7.5,0.0,2.3
313,84,27,1618,27,7.5,0.0,1.1
314,84,30,1457,23,7.5,0.0,-8.9
315,84,38,1175,16,8.5,0.0,-14.4
316,84,51,955,5,8.5,0.0,-9.3
317,84,54,811,2,7.5,0.0,-4.3
318,84,53,769,3,7.1,0.0,0.8
319,84,52,760,0,7.1,0.0,0.9
320,84,52,688,0,6.6,0.0,1.1
321,84,52,668,0,6.6,0.0,0.9
322,84,52,665,0,6.6,0.0,0.5
323,84,52,665,0,6.6,0.0,0.5
324,84,53,668,0,6.6,0.0,0.7
325,84,53,667,0,6.6,0.0,0.5
326,84,53,664,0,6.6,0.0,0.5
327,84,53,668,0,6.6,0.0,0.5
328,84,53,668,0,6.6,0.0,0.6
329,84,53,670,0,6.6,0.0,0.5
330,85,54,665,0,6.6,0.0,0.5
331,85,54,663,0,6.6,0.0,0.6
332,85,54,667,0,6.6,0.0,0.5
333,85,54,665,0,6.6,0.0,0.5
334,85,55,663,0,6.6,0.0,0.5
335,86,55,665,0,7.1,0.0,0.5
336,86,55,665,0,6.6,0.0,0.7
337,86,56,665,0,7.1,0.0,0.5
338,86,56,666,0,7.1,0.0,0.7
339,86,56,665,0,7.1,0.0,0.5
340,87,56,666,0,7.1,0.0,0.4
341,87,56,667,0,7.1,0.0,0.5
342,87,56,666,0,7.1,0.0,0.6
343,87,56,667,0,7.1,0.0,0.5
344,87,56,667,0,7.1,0.0,0.5
345,87,56,669,0,7.1,0.0,0.5
346,87,56,667,0,7.1,0.0,0.5
347,87,56,666,0,7.1,0.0,0.5
348,87,56,668,0,7.1,0.0,0.7
349,87,56,668,0,7.1,0.0,0.5
350,87,56,670,0,7.1,0.0,0.5
351,87,56,670,0,7.1,0.0,0.5
352,87,56,669,0,7.1,0.0,0.5
353,87,56,671,0,7.1,0.0,0.6
354,87,56,670,0,7.1,0.0,0.5
355,87,56,671,0,7.1,0.0,0.7
356,87,56,668,0,7.1,0.0,0.5
357,87,56,671,0,7.1,0.0,0.5
358,87,56,671,0,7.1,0.0,0.5
359,87,56,666,0,7.1,0.0,0.6
360,87,56,668,0,7.1,0.0,0.5
361,87,56,669,0,7.1,0.0,0.7
362,87,56,672,0,7.1,0.0,0.5
363,87,57,667,0,7.1,0.0,0.5
364,87,56,673,0,7.1,0.0,0.5
365,87,56,670,0,7.1,0.0,0.5
366,87,56,669,0,7.1,0.0,0.5
367,87,56,673,0,7.1,0.0,0.5
368,87,56,667,0,7.1,0.0,0.5
369,87,56,667,0,7.1,0.0,0.7
370,87,56,667,0,7.1,0.0,0.5
371,87,56,669,0,7.1,0.0,0.6
372,87,56,670,0,7.1,0.0,0.5
373,87,56,668,0,7.1,0.0,0.5
374,87,56,670,0,7.1,0.0,0.5
375,87,56,672,0,7.1,0.0,0.5
376,87,56,669,0,7.1,0.0,0.5
377,87,57,670,0,7.1,0.0,0.4
378,87,57,669,0,7.1,0.0,0.4
379,87,56,669,0,7.1,0.0,0.4
380,87,56,668,0,7.1,0.0,0.4
381,87,56,666,0,7.1,0.0,0.4
382,87,56,665,0,7.1,0.0,0.1
383,87,56,668,0,7.1,0.0,0.4
384,87,56,671,0,7.1,0.0,0.2
385,87,56,668,0,7.1,0.0,0.2
386,87,56,668,0,7.1,0.0,0.1
387,87,56,667,0,7.1,0.0,0.4
388,87,56,669,0,7.1,0.0,0.4
389,87,57,668,0,7.1,0.0,0.4
390,87,56,666,0,7.1,0.0,0.4
391,87,56,673,0,7.1,0.0,0.4
392,87,56,667,0,7.1,0.0,0.3
393,87,56,667,0,7.1,0.0,0.4
394,87,56,668,0,7.1,0.0,0.4
395,87,56,668,0,7.1,0.0,0.3
396,87,57,668,0,7.1,0.0,0.5
397,87,56,669,0,7.1,0.0,0.5
398,87,56,669,0,7.1,0.0,0.2
399,87,56,669,0,7.1,0.0,0.2
400,87,56,668,0,7.1,0.0,0.2
401,87,56,669,0,7.1,0.0,0.2
402,87,57,667,0,7.1,0.0,1.2
403,87,57,704,0,7.1,0.0,-3.0
404,87,73,1316,5,14.1,16.0,-0.5
405,87,73,2196,12,17.9,18.0,2.0
406,87,67,2473,19,17.9,16.4,2.7
407,86,35,2069,22,7.5,0.0,1.5
408,86,26,1422,24,7.1,0.0,-1.2
409,86,30,1552,25,7.5,0.0,-1.1
410,86,29,1572,26,8.0,0.0,4.1
411,85,29,1568,26,7.5,0.0,3.0
412,85,29,1517,25,7.5,0.0,-0.6
413,85,29,1419,25,7.1,0.0,4.0
414,84,28,1353,24,7.1,0.0,37.9
415,84,30,1264,22,7.1,0.0,62.0
416,84,31,1197,21,7.1,0.0,75.0
417,84,35,1099,17,7.1,0.0,55.6
418,84,47,947,11,8.5,0.0,65.3
419,84,53,844,7,7.5,0.0,56.6
420,84,50,795,5,7.1,0.0,56.3
421,84,51,773,4,7.1,0.0,54.4
422,84,54,771,2,7.1,0.0,69.2
423,84,55,744,0,7.1,0.0,69.2
424,84,54,680,0,6.6,0.0,69.2
425,84,54,663,0,6.6,0.0,84.2
426,84,55,662,0,7.1,0.0,138.7
427,84,55,667,0,7.1,0.0,144.1
428,84,55,666,0,7.1,0.0,144.2
429,84,55,664,0,7.1,0.0,143.9
430,84,55,664,0,7.1,0.0,143.8
431,84,56,670,0,7.1,0.0,142.5
432,84,56,675,0,7.1,0.0,142.7
433,85,56,714,0,7.1,0.0,107.5
434,85,57,722,0,7.1,0.0,93.4
435,85,56,671,0,6.6,0.0,76.1
436,85,56,665,0,6.6,0.0,70.3
437,85,56,667,0,7.1,0.0,58.4
438,86,56,663,0,7.1,0.0,53.9
439,86,57,665,0,7.1,0.0,37.2
440,86,57,672,0,7.1,0.0,27.5
441,86,57,671,0,7.1,0.0,18.3
442,86,57,716,0,7.1,0.0,11.4
443,86,61,936,3,8.9,2.7,5.2
444,86,67,1347,6,12.7,12.5,5.2
445,86,69,1822,10,14.6,14.5,7.7
446,87,66,2010,14,15.0,14.5,17.4
447,87,68,1857,17,15.5,14.8,0.1
448,87,67,2039,20,15.5,14.8,-0.7
449,87,46,2070,22,9.4,3.9,0.1
450,87,31,1323,20,7.5,0.0,0.1
451,86,40,1095,16,8.0,0.0,0.2
452,86,47,991,14,8.5,0.0,2.3
453,86,52,1065,14,9.9,3.5,2.5
454,85,73,1565,16,14.6,10.9,2.1
455,85,44,1247,17,8.0,0.0,2.2
456,85,39,1141,18,7.5,0.0,-5.3
457,85,38,1099,17,7.1,0.0,-3.4
458,85,38,1061,17,7.1,0.0,1.9
459,85,38,1026,17,7.1,0.0,1.9
460,85,38,999,16,7.1,0.0,0.7
461,85,38,994,16,7.1,0.0,1.8
462,85,37,986,16,7.1,0.0,-0.5
463,85,37,976,16,6.6,0.0,0.2
464,85,37,963,15,6.6,0.0,0.3
465,85,37,948,15,6.6,0.0,3.1
466,85,38,942,15,6.6,0.0,4.0
467,85,38,932,14,6.6,0.0,4.8
468,85,41,994,14,7.5,1.2,1.2
469,85,41,1015,15,6.6,0.0,-2.7
470,85,36,934,14,6.6,0.0,3.3
471,85,38,911,14,6.6,0.0,0.8
472,85,44,871,12,7.1,0.0,0.5
473,85,50,836,11,7.1,0.0,-0.9
474,85,50,823,11,7.1,0.0,1.6
475,85,49,828,11,7.1,0.0,2.3
476,85,48,841,11,7.1,0.0,0.5
477,85,47,842,11,7.1,0.0,-0.9
478,85,46,843,11,7.1,0.0,0.5
479,85,46,848,12,7.1,0.0,-0.3
480,85,46,846,12,7.1,0.0,-0.9
481,85,48,910,12,8.0,0.8,1.2
482,85,50,1102,12,8.0,3.1,7.5
483,85,42,908,13,7.1,0.0,4.5
484,86,45,851,11,7.1,0.0,4.5
485,86,50,833,9,7.5,0.0,4.5
486,86,52,824,6,7.5,0.0,4.4
487,86,53,783,1,7.5,0.0,4.2
488,86,54,735,0,7.1,0.0,4.4
489,86,53,677,0,7.1,0.0,4.1
490,86,52,669,0,7.1,0.0,4.1
491,86,52,671,0,7.1,0.0,4.2
492,86,53,668,0,7.1,0.0,4.3
493,86,53,672,0,6.6,0.0,0.2
494,86,53,669,0,6.6,0.0,0.4
495,87,53,668,0,6.6,0.0,0.4
496,87,52,666,0,6.6,0.0,0.4
497,87,53,667,0,6.6,0.0,0.2
498,87,52,671,0,6.6,0.0,0.2
499,87,53,664,0,6.6,0.0,0.4
500,87,53,669,0,6.6,0.0,0.2
501,87,53,667,0,6.6,0.0,0.4
502,87,53,666,0,6.6,0.0,0.2
503,87,53,666,0,6.6,0.0,0.4
504,87,53,668,0,6.6,0.0,0.2
505,87,54,668,0,6.6,0.0,0.5
506,87,54,668,0,6.6,0.0,0.5
507,87,53,670,0,6.6,0.0,0.4
508,87,54,668,0,6.6,0.0,0.1
509,87,54,669,0,6.6,0.0,0.5
510,87,54,667,0,6.6,0.0,0.4
511,87,54,666,0,6.6,0.0,0.5
512,87,55,663,0,7.1,0.0,0.5
513,87,54,669,0,6.6,0.0,0.4
514,87,55,669,0,6.6,0.0,0.2
515,87,55,668,0,6.6,0.0,0.5
516,87,55,663,0,7.1,0.0,0.5
517,87,55,668,0,7.1,0.0,0.3
518,87,55,669,0,7.1,0.0,0.4
519,87,55,668,0,7.1,0.0,0.5
520,87,55,666,0,7.1,0.0,0.2
521,87,56,665,0,7.1,0.0,0.2
522,87,56,667,0,7.1,0.0,0.2
523,87,56,665,0,7.1,0.0,0.5
524,87,56,664,0,7.1,0.0,0.4
525,87,56,669,0,7.1,0.0,0.1
526,87,56,669,0,7.1,0.0,0.5
527,87,56,664,0,7.1,0.0,0.4
528,87,56,668,0,7.1,0.0,4.0
529,87,56,689,0,7.1,0.0,4.7
530,87,64,1042,2,10.4,7.0,-1.0
531,87,69,1451,6,14.1,14.1,4.3
532,87,72,2094,12,16.9,16.4,2.3
533,87,67,2232,16,16.5,16.4,1.9
534,87,72,2124,20,16.9,18.0,5.5
535,86,67,2389,23,17.9,18.0,7.8
536,86,71,2141,26,17.9,18.0,6.5
537,86,79,1990,29,18.8,18.0,-3.0
538,85,76,2046,32,17.9,16.0,-7.5
539,85,36,1993,33,7.5,0.0,-0.3
540,84,51,1723,33,13.6,13.7,3.8
541,84,78,1959,35,18.8,18.4,1.9
542,84,80,1910,37,18.8,18.0,1.5
543,84,45,1858,38,10.4,0.4,-1.2
544,84,72,1940,39,17.9,19.5,-1.2
545,84,58,1953,40,12.2,9.4,0.3
546,84,23,1872,40,7.1,0.0,0.1
547,84,30,1830,38,8.9,0.0,0.9
548,84,34,1769,37,8.5,0.0,-0.6
549,84,47,1776,37,12.7,14.1,0.7
550,84,50,1799,37,10.4,6.6,3.4
551,84,22,1613,34,6.6,0.0,2.1
552,84,28,1270,27,6.1,0.0,-2.0
553,84,37,930,21,7.5,0.0,-2.5
554,84,44,969,15,8.0,0.0,-2.0
555,84,52,887,11,8.5,0.0,-7.3
556,84,56,838,7,8.5,0.0,-4.9
557,84,58,801,3,8.0,0.0,-2.0
558,84,58,776,2,8.0,0.0,3.2
559,84,58,759,0,7.5,0.0,4.1
560,84,58,689,0,7.1,0.0,4.4
561,84,60,665,0,7.1,0.0,4.4
562,84,59,671,0,7.1,0.0,4.4
563,84,59,664,0,7.1,0.0,4.3
564,85,58,667,0,7.1,0.0,4.8
565,85,58,671,0,7.1,0.0,4.9
566,85,58,670,0,7.1,0.0,5.2
567,85,58,668,0,7.1,0.0,5.1
568,85,58,671,0,7.1,0.0,4.9
569,86,58,667,0,7.1,0.0,5.0
570,86,58,666,0,7.1,0.0,4.9
571,86,59,670,0,7.1,0.0,5.0
572,86,58,670,0,7.1,0.0,4.9
573,87,58,670,0,7.1,0.0,4.9
574,87,58,669,0,7.1,0.0,4.8
575,87,58,671,0,7.1,0.0,4.9
576,87,58,670,0,7.1,0.0,5.6
577,87,58,667,0,7.1,0.0,3.7
578,87,58,672,0,7.1,0.0,18.4
579,87,58,667,0,7.1,0.0,4.8
580,87,58,669,0,7.1,0.0,0.0
581,87,58,667,0,7.1,0.0,2.8
582,87,58,673,0,7.1,0.0,2.6
583,87,58,669,0,7.1,0.0,2.6
584,87,58,669,0,7.1,0.0,2.6
585,87,58,667,0,7.1,0.0,2.9
586,87,58,669,0,7.1,0.0,2.7
587,87,58,670,0,7.1,0.0,2.9
588,87,58,671,0,7.1,0.0,2.7
589,87,58,669,0,7.1,0.0,2.7
590,87,58,668,0,7.1,0.0,2.6
591,87,59,667,0,7.1,0.0,2.8
592,87,58,672,0,7.1,0.0,2.7
593,87,58,669,0,7.1,0.0,2.6
594,87,58,671,0,7.1,0.0,2.9
595,87,59,667,0,7.1,0.0,2.6
596,87,59,667,0,7.1,0.0,2.7
597,87,59,668,0,7.1,0.0,2.7
598,87,59,670,0,7.1,0.0,2.7
599,87,59,668,0,7.1,0.0,2.6
600,87,59,669,0,7.1,0.0,2.9
601,87,60,670,0,7.1,0.0,2.6
602,87,59,672,0,7.1,0.0,2.8
603,87,59,669,0,7.1,0.0,2.9
604,87,59,669,0,7.1,0.0,2.7
605,87,59,670,0,7.1,0.0,2.6
606,87,60,672,0,7.1,0.0,2.8
607,87,59,672,0,7.1,0.0,2.7
608,87,59,671,0,7.1,0.0,2.7
609,87,60,668,0,7.1,0.0,2.6
610,87,60,665,0,7.1,0.0,2.7
611,87,61,668,0,7.1,0.0,2.7
612,87,61,671,0,7.1,0.0,2.7
613,87,60,669,0,7.1,0.0,2.7
614,87,60,671,0,7.1,0.0,2.7
615,87,60,665,0,7.1,0.0,2.9
616,87,60,670,0,7.1,0.0,2.8
617,87,60,668,0,7.1,0.0,2.8
618,87,60,668,0,7.1,0.0,2.6
619,87,60,667,0,7.1,0.0,2.7
620,87,60,666,0,7.1,0.0,2.9
621,87,62,665,0,7.1,0.0,2.9
622,87,60,676,0,7.1,0.0,2.9
623,87,60,669,0,7.1,0.0,2.7
624,87,61,668,0,7.1,0.0,2.9
625,87,61,668,0,7.1,0.0,2.8
626,87,61,670,0,7.1,0.0,2.7
627,87,60,670,0,7.1,0.0,2.7
628,87,60,673,0,7.1,0.0,2.6
629,87,60,675,0,7.1,0.0,2.8
630,87,61,664,0,7.1,0.0,2.7
631,87,61,671,0,7.1,0.0,2.6
632,87,61,672,0,7.1,0.0,2.7
633,87,60,672,0,7.1,0.0,2.7
634,87,61,665,0,7.1,0.0,2.7
635,87,61,667,0,7.1,0.0,2.6
636,87,61,667,0,7.1,0.0,2.7
637,87,61,669,0,7.1,0.0,2.8
638,87,61,669,0,7.1,0.0,2.6
639,87,60,669,0,7.1,0.0,2.7
640,87,61,665,0,7.1,0.0,2.7
641,87,61,671,0,7.1,0.0,2.7
642,87,61,672,0,7.1,0.0,2.7
643,87,60,667,0,7.1,0.0,2.9
644,87,60,669,0,7.1,0.0,2.7
645,87,61,668,0,7.1,0.0,2.7
646,87,60,672,0,7.1,0.0,2.9
647,87,60,671,0,7.1,0.0,2.6
648,87,61,668,0,7.1,0.0,3.5
649,87,60,673,0,7.1,0.0,3.4
650,87,60,664,0,7.1,0.0,3.6
651,87,61,687,0,7.1,0.0,3.6
652,87,59,740,0,7.1,0.0,3.5
653,87,58,771,3,7.5,0.0,3.5
654,87,57,766,3,7.1,0.0,3.0
655,87,55,765,4,7.1,0.0,-4.1
656,87,55,760,3,7.1,0.0,-21.0
657,87,57,786,3,7.5,0.0,-36.5
658,87,55,793,4,7.1,0.0,-14.5
659,87,53,815,4,7.1,0.0,-22.1
660,87,51,808,4,7.1,0.0,-44.8
661,87,52,772,4,7.1,0.0,-43.4
662,87,55,767,4,7.1,0.0,-37.8
663,87,55,798,4,7.1,0.0,-27.0
664,87,53,810,4,7.1,0.0,-25.6
665,87,54,774,3,7.1,0.0,-28.6
666,87,57,771,0,7.5,0.0,-31.6
667,87,57,703,0,7.1,0.0,-33.4
668,87,57,665,0,7.1,0.0,-33.1
669,87,58,665,0,7.1,0.0,-33.0
670,87,57,701,0,7.1,0.0,-32.4
671,87,57,735,2,7.1,0.0,-31.6
672,87,58,755,2,7.1,0.0,-30.8
673,87,57,764,2,7.1,0.0,-28.0
674,87,55,774,3,7.1,0.0,-18.9
675,87,54,793,4,7.1,0.0,-18.5
676,87,53,802,4,7.1,0.0,-26.5
677,87,52,819,4,7.1,0.0,-32.6
678,87,53,882,5,8.0,0.4,-35.1
679,87,51,1085,6,8.0,1.6,-39.8
680,87,42,917,6,6.1,0.0,-39.0
681,87,45,813,6,7.1,0.0,-26.6
682,87,47,797,6,7.1,0.0,-24.4
683,87,52,950,6,8.5,4.7,-22.5
684,87,57,1309,7,10.4,9.0,-12.2
685,87,53,1494,9,10.8,10.5,4.1
686,87,58,1828,11,13.2,10.9,3.4
687,86,39,1626,12,9.4,0.0,27.9
688,86,65,1532,14,13.2,12.5,57.7
689,86,53,1607,16,10.4,5.1,105.9
690,86,33,1424,16,7.5,0.0,116.6
691,85,34,1297,15,8.0,0.0,121.3
692,85,50,1493,15,11.3,10.5,128.6
693,85,64,1669,16,14.1,13.7,120.0
694,85,75,1853,19,16.9,15.2,44.1
695,84,68,2056,21,16.0,14.8,14.3
696,84,49,1977,23,11.3,8.2,-3.6
697,84,52,1628,24,11.8,9.4,-21.8
698,84,63,1644,25,13.6,11.7,-20.7
699,84,63,1669,26,13.6,12.9,-16.1
700,84,87,2077,28,25.4,21.9,-16.9
701,84,57,2124,30,13.2,5.1,9.7
702,84,38,1633,31,9.9,0.0,7.7
703,84,40,1491,30,8.9,0.0,7.4
704,84,34,1439,30,8.0,0.0,4.8
705,84,28,1303,29,6.6,0.0,2.6
706,84,30,1296,27,7.1,0.0,5.1
707,84,34,1051,23,7.1,0.0,-0.2
708,84,38,1012,20,7.5,0.0,-0.3
709,84,62,1500,20,14.6,14.8,0.4
710,84,73,1728,22,15.5,8.6,-2.0
711,84,45,1537,23,9.4,3.9,-2.2
712,84,53,1564,23,12.2,11.7,-4.9
713,84,97,2315,25,70.0,41.0,-2.1
714,84,98,3047,30,85.9,32.0,1.5
715,84,50,2780,34,19.3,9.0,6.6
716,84,32,1760,34,9.4,0.0,8.0
717,84,38,1649,34,9.4,0.0,7.9
718,84,36,1588,33,8.9,0.0,3.4
719,84,31,1440,32,7.5,0.0,3.3
720,84,30,1400,30,7.1,0.0,1.2
721,84,30,1355,29,7.1,0.0,1.2
722,84,28,1160,27,6.1,0.0,0.8
723,84,36,1047,26,7.1,0.0,4.8
724,84,40,1284,25,8.9,2.7,6.3
725,84,46,1304,25,9.4,4.3,3.0
726,84,53,1348,25,10.8,8.2,-0.1
727,84,73,1605,26,15.5,14.5,-0.6
728,84,82,1819,28,19.3,16.8,-0.8
729,84,79,1851,30,18.3,16.8,5.1
730,84,76,1835,31,16.9,16.8,6.3
731,84,70,1709,33,13.6,12.1,8.1
732,84,26,1484,33,5.7,0.0,3.3
733,84,28,1516,31,7.5,0.0,1.9
734,84,35,1469,31,8.9,6.2,9.6
735,84,44,1456,30,9.4,8.6,9.5
736,84,52,1464,30,10.4,9.8,6.6
737,84,56,1481,31,11.3,9.8,6.5
738,84,35,1401,30,6.1,0.0,3.7
739,84,30,1258,29,7.1,0.0,2.3
740,84,32,1107,26,7.1,0.0,6.1
741,84,37,970,21,6.6,0.0,4.5
742,84,40,1066,18,7.5,0.0,2.7
743,84,45,1169,17,9.4,4.3,0.0
744,84,74,1617,18,16.0,16.0,-1.4
745,84,82,1804,21,18.8,16.4,-1.1
746,85,81,1703,23,17.9,16.8,-1.4
747,85,80,1718,26,16.9,18.0,-1.4
748,85,74,1824,28,16.0,18.0,0.4
749,85,70,1957,31,16.0,18.0,0.8
750,85,71,2087,33,16.0,18.0,0.9
751,85,44,2087,34,9.4,3.9,0.6
752,85,36,1691,34,9.9,5.5,3.8
753,85,41,1699,34,9.4,5.9,3.7
754,85,32,1488,33,6.6,0.0,6.6
755,85,25,1544,32,7.1,0.0,1.6
756,85,54,1584,32,12.7,12.9,1.2
757,85,65,1576,33,13.2,12.9,1.6
758,85,77,1626,34,16.5,18.0,1.2
759,85,83,1697,35,18.8,18.7,0.8
760,85,65,1764,37,13.6,12.9,0.9
761,85,58,1797,37,13.6,14.1,-0.6
762,85,42,1803,38,8.5,2.3,-3.4
763,85,22,1739,36,7.1,0.0,1.2
764,85,30,1672,35,8.5,0.0,6.8
765,85,34,1584,33,7.5,0.0,2.7
766,85,34,1566,32,9.4,9.0,-1.9
767,84,45,1560,32,8.9,5.5,3.7
768,84,25,1437,31,6.6,0.0,5.5
769,84,30,1406,29,7.5,0.0,3.7
770,84,52,1531,29,12.2,12.9,3.3
771,84,64,1655,29,13.6,12.9,-1.6
772,84,64,1708,30,14.1,12.9,-2.5
773,84,64,1731,31,14.1,12.9,-2.1
774,84,46,1579,32,8.9,3.9,0.8
775,84,25,1394,30,6.6,0.0,2.2
776,84,28,1369,28,6.6,0.0,3.4
777,84,29,1063,26,6.1,0.0,-1.3
778,84,38,999,22,7.1,0.0,-1.7
779,84,40,1064,18,8.0,0.0,-0.3
780,84,46,971,14,8.5,0.0,4.8
781,84,51,895,11,8.0,0.0,5.0
782,84,55,850,7,8.5,0.0,5.2
783,84,57,812,4,8.0,0.0,5.2
784,84,57,786,2,7.5,0.0,5.2
785,84,57,743,0,7.1,0.0,5.3
786,84,57,677,0,7.1,0.0,4.2
787,84,57,669,0,7.1,0.0,4.4
788,84,57,665,0,7.1,0.0,4.4
789,84,57,664,0,7.1,0.0,4.4
790,84,57,665,0,7.1,0.0,4.4
791,84,57,665,0,7.1,0.0,4.4
792,84,58,664,0,7.1,0.0,4.4
793,85,58,663,0,7.1,0.0,4.4
794,85,58,667,0,7.1,0.0,4.4
795,85,58,668,0,7.1,0.0,4.4
796,85,58,664,0,7.1,0.0,4.4
797,85,58,665,0,7.1,0.0,4.4
798,86,58,665,0,7.1,0.0,4.4
799,86,59,665,0,7.1,0.0,4.4
800,86,59,666,0,7.1,0.0,4.3
801,86,59,666,0,7.1,0.0,4.2
802,86,59,665,0,7.1,0.0,4.4
803,87,59,665,0,7.1,0.0,4.3
804,87,59,664,0,7.1,0.0,4.2
805,87,60,665,0,7.1,0.0,4.2
806,87,60,666,0,7.1,0.0,4.4
807,87,60,666,0,7.1,0.0,4.3
808,87,60,668,0,7.1,0.0,4.4
809,87,60,668,0,7.1,0.0,4.4
810,87,60,667,0,7.1,0.0,4.3
811,87,60,668,0,7.1,0.0,4.3
812,87,60,667,0,7.1,0.0,4.4
813,87,61,671,0,7.1,0.0,4.4
814,87,61,668,0,7.1,0.0,4.4
815,87,61,673,0,7.1,0.0,4.4
816,87,60,669,0,7.1,0.0,4.4
817,87,61,670,0,7.1,0.0,4.4
818,87,60,670,0,7.1,0.0,4.4
819,87,61,670,0,7.1,0.0,4.4
820,87,61,671,0,7.1,0.0,4.3
821,87,60,672,0,7.1,0.0,4.4
822,87,61,667,0,7.1,0.0,4.3
823,87,61,668,0,7.1,0.0,3.8
824,87,61,674,0,7.1,0.0,3.2
825,87,60,683,0,7.1,0.0,3.1
826,87,73,1027,0,12.7,9.8,3.3
827,87,76,1586,6,14.6,12.5,3.1
828,87,61,1790,10,13.2,12.5,2.9
829,87,63,1861,13,13.6,13.3,0.0
830,87,74,1754,15,16.0,14.8,-4.5
831,87,72,1925,18,16.5,15.6,-0.3
832,87,69,2055,21,15.5,15.6,-2.8
833,87,67,2242,23,16.0,15.6,4.1
834,86,76,1825,25,16.9,15.6,3.3
835,86,80,1790,28,17.9,15.6,3.0
836,85,72,1893,30,16.0,15.6,0.3
837,85,70,2004,31,16.0,15.6,4.2
838,84,72,2053,33,16.5,15.6,8.7
839,84,80,1752,34,17.4,15.6,7.6
840,84,52,1679,35,9.4,4.7,12.8
841,84,30,1632,34,8.5,6.6,1.2
842,84,46,1621,34,11.3,10.9,1.2
843,84,54,1608,33,11.8,11.3,4.1
844,84,55,1604,33,11.8,11.3,2.7
845,84,52,1595,33,9.9,7.8,1.9
846,84,27,1488,32,6.1,0.0,2.3
847,84,30,1428,30,7.1,0.0,0.8
848,84,48,1500,28,12.2,13.3,0.2
849,84,72,1800,29,16.0,15.2,2.7
850,84,47,1593,29,8.9,1.6,1.9
851,84,31,1358,28,7.1,0.0,-0.6
852,84,31,1208,27,7.1,0.0,-2.7
853,84,32,1083,26,6.6,0.0,-2.3
854,84,35,978,24,6.6,0.0,-2.3
855,84,36,951,21,6.6,0.0,-0.3
856,84,42,1070,16,7.5,0.0,7.0
857,85,49,914,11,8.0,0.0,14.8
858,85,54,852,6,7.5,0.0,15.6
859,85,53,787,4,7.1,0.0,15.3
860,85,55,783,0,7.1,0.0,15.4
861,85,55,703,0,6.6,0.0,8.8
862,85,55,668,0,6.6,0.0,7.3
863,85,55,666,0,6.6,0.0,7.4
864,86,55,665,0,6.6,0.0,7.4
865,86,55,664,0,6.6,0.0,7.4
866,86,55,669,0,7.1,0.0,7.4
867,86,56,667,0,6.6,0.0,7.8
868,86,56,707,0,7.1,0.0,7.7
869,86,63,1156,2,10.4,7.8,7.7
870,86,59,1304,6,10.4,8.2,6.2
871,86,52,1409,8,9.9,8.2,5.6
872,87,56,1644,10,12.2,12.5,1.9
873,87,59,1951,12,13.6,12.9,-1.8
874,87,59,1660,14,11.3,8.2,0.3
875,87,33,1383,15,6.6,0.0,0.1
876,87,30,1186,14,6.6,0.0,1.6
877,86,49,1374,13,11.3,12.5,3.6
878,86,63,1640,15,13.2,13.3,1.8
879,86,62,1818,17,13.6,13.3,3.0
880,85,54,1872,19,11.3,9.4,2.4
881,85,29,1553,19,7.1,0.0,2.6
882,85,38,1219,18,8.0,0.0,2.4
883,84,43,1111,16,8.0,0.0,1.0
884,84,45,1049,15,7.5,0.0,1.2
885,84,48,1084,15,8.9,2.3,1.2
886,84,55,1265,16,10.4,5.5,-3.0
887,84,57,1321,17,10.4,6.2,-3.5
888,84,52,1280,17,8.9,2.7,-2.1
889,84,42,1123,17,7.1,0.0,0.0
890,84,39,1062,17,7.1,0.0,5.8
891,84,40,996,15,7.1,0.0,5.6
892,84,42,962,14,7.1,0.0,4.9
893,84,47,1000,14,8.5,2.3,2.3
894,84,54,1182,14,8.9,4.7,2.0
895,84,42,968,14,6.6,0.0,0.0
896,84,49,871,10,8.0,0.0,-0.9
897,84,59,1145,2,9.4,7.0,-0.9
898,84,51,814,0,7.5,0.0,-1.2
899,84,56,707,0,7.1,0.0,-0.9
900,84,57,695,0,7.1,0.0,-0.6
901,84,61,844,0,8.9,1.6,-1.1
902,84,57,1226,4,8.9,3.5,-0.5
903,85,41,937,5,6.6,0.0,-0.3
904,85,46,816,4,7.5,0.0,-0.3
905,85,59,767,0,8.0,0.0,-0.7
906,85,58,693,0,7.1,0.0,-0.6
907,85,57,670,0,7.1,0.0,-0.6
908,85,57,664,0,7.1,0.0,-0.6
909,86,57,662,0,7.1,0.0,-1.6
910,86,58,662,0,7.1,0.0,-1.7
911,86,58,666,0,7.1,0.0,-1.7
912,86,58,666,0,7.1,0.0,-1.6
913,86,58,667,0,7.1,0.0,-1.7
914,86,58,668,0,7.1,0.0,-1.7
915,86,58,667,0,7.1,0.0,-1.7
916,87,59,666,0,7.1,0.0,-1.6
917,87,58,667,0,7.1,0.0,-1.7
918,87,59,666,0,7.1,0.0,-1.7
919,87,59,666,0,7.1,0.0,-1.6
920,87,59,668,0,7.1,0.0,-1.5
921,87,59,666,0,7.1,0.0,-1.6
922,87,59,670,0,7.1,0.0,-1.6
923,87,59,669,0,7.1,0.0,-1.7
924,87,59,667,0,7.1,0.0,-1.4
925,87,59,668,0,7.1,0.0,-1.4
926,87,59,668,0,7.1,0.0,-1.4
927,87,59,686,0,7.1,0.0,-1.7
928,87,62,825,0,8.9,1.2,-3.1
929,87,60,1135,4,8.9,3.1,-3.1
930,87,48,885,5,6.6,0.0,-3.1
931,87,48,836,5,7.1,0.0,-3.2
932,87,55,1009,5,8.9,4.3,-3.8
933,87,43,939,5,6.6,0.0,-2.9
934,87,51,781,4,8.0,0.0,-1.1
935,87,60,777,0,8.5,0.0,0.8
936,87,60,714,0,7.5,0.0,3.7
937,87,61,667,0,7.1,0.0,4.1
938,87,60,666,0,7.1,0.0,5.5
939,87,59,667,0,7.1,0.0,5.6
940,87,60,682,1,7.5,0.0,5.6
941,87,60,756,2,8.0,0.0,5.6
942,87,58,762,3,7.5,0.0,5.6
943,87,57,773,3,7.5,0.0,5.6
944,87,55,777,4,7.5,0.0,5.7
945,87,53,890,4,7.5,0.4,5.8
946,87,48,843,5,7.1,0.0,5.8
947,87,48,824,5,7.1,0.0,5.5
948,87,50,828,5,7.5,0.0,5.6
949,87,51,969,5,7.5,1.2,1.8
950,87,46,816,4,7.1,0.0,-1.7
951,87,56,758,4,8.0,0.0,-1.4
952,87,57,760,3,7.5,0.0,-1.3
953,87,58,765,2,8.0,0.0,-1.4
954,87,58,744,0,7.5,0.0,-1.3
955,86,59,680,0,7.1,0.0,-1.4
956,86,59,667,0,7.1,0.0,-2.0
957,86,59,667,0,7.1,0.0,-2.0
958,86,59,665,0,7.1,0.0,-2.0
959,86,59,664,0,7.1,0.0,-2.0
960,86,58,668,0,7.1,0.0,-1.7
961,86,58,672,0,7.1,0.0,-2.0
962,86,58,665,0,7.1,0.0,-2.0
963,86,59,670,0,7.1,0.0,-2.1
964,86,59,670,0,7.1,0.0,-2.0
965,86,59,667,0,7.1,0.0,-2.0
966,86,59,666,0,7.1,0.0,-2.0
967,86,59,670,0,7.1,0.0,-2.0
968,86,59,669,0,7.1,0.0,-1.9
969,86,59,670,0,7.1,0.0,-1.8
970,86,59,669,0,7.1,0.0,-2.0
971,86,58,671,0,7.1,0.0,-1.9
972,86,58,668,0,7.1,0.0,-2.0
973,87,58,667,0,7.1,0.0,-1.7
974,87,58,668,0,7.1,0.0,-1.7
975,87,58,667,0,7.1,0.0,-2.0
976,87,58,668,0,7.1,0.0,-2.1
977,87,58,670,0,7.1,0.0,-1.9
978,87,58,665,0,7.1,0.0,-2.0
979,87,58,669,0,7.1,0.0,-1.7
980,87,58,670,0,7.1,0.0,-2.0
981,87,58,670,0,7.1,0.0,-2.0
982,87,58,669,0,7.1,0.0,-2.0
983,87,58,668,0,7.1,0.0,-1.8
984,87,58,669,0,7.1,0.0,-2.0
985,87,58,667,0,7.1,0.0,-2.0
986,87,58,671,0,7.1,0.0,-1.9
987,87,58,673,0,7.1,0.0,-1.9
988,87,57,670,0,7.1,0.0,-2.0
989,87,58,669,0,7.1,0.0,-2.2
990,87,58,666,0,7.1,0.0,-1.9
991,87,58,668,0,7.1,0.0,-2.0
992,87,58,671,0,7.1,0.0,-2.5
993,87,58,669,0,7.1,0.0,-2.4
994,87,58,669,0,7.1,0.0,-2.7
995,87,58,669,0,7.1,0.0,-2.7
996,87,60,676,0,7.1,0.0,-2.7
997,87,58,705,0,7.1,0.0,-1.3
998,87,57,671,0,7.1,0.0,-0.7
999,87,57,716,2,7.1,0.0,-0.9
1000,87,57,759,3,7.5,0.0,5.6
1001,87,55,780,3,7.5,0.0,1.6
1002,87,62,1049,5,10.4,7.4,1.1
1003,87,66,1434,7,12.7,12.5,1.1
1004,87,69,1899,11,16.0,15.6,0.6
1005,87,67,2203,14,16.5,16.0,0.0
1006,87,71,1936,18,16.5,16.0,-0.6
1007,86,42,1876,19,8.5,1.2,-0.9
1008,86,33,1382,19,8.0,0.8,-2.7
1009,86,62,1479,20,13.6,12.5,2.2
1010,85,75,1693,21,16.0,9.4,2.9
1011,85,53,1570,23,10.8,6.6,3.8
1012,85,52,1528,23,10.8,5.9,3.2
1013,84,52,1523,24,10.4,5.9,1.3
1014,84,50,1547,24,9.9,3.5,0.2
1015,84,38,1539,24,8.9,0.0,0.4
1016,84,39,1546,23,9.9,2.7,3.9
1017,84,43,1555,23,9.4,2.0,7.3
1018,84,35,1460,23,8.0,0.0,5.8
1019,84,34,1386,22,7.5,0.0,5.6
1020,84,34,1369,21,7.5,0.0,6.9
1021,84,37,1393,21,8.5,2.7,14.5
1022,84,36,1307,21,7.1,0.0,10.8
1023,84,34,1292,20,7.1,0.8,6.2
1024,84,33,1226,19,7.1,0.0,2.6
1025,84,40,1293,19,8.5,5.5,0.4
1026,84,43,1280,19,8.0,3.5,3.8
1027,84,35,1107,18,6.6,0.0,4.1
1028,84,35,1046,17,7.1,0.0,5.6
1029,84,36,1014,17,7.1,0.0,5.8
1030,84,39,979,15,7.1,0.0,5.6
1031,84,42,941,14,7.1,0.0,4.1
1032,84,49,874,11,7.5,0.0,5.6
1033,84,54,835,8,7.5,0.0,5.4
1034,84,53,813,5,7.1,0.0,3.0
1035,84,53,804,4,7.1,0.0,0.1
1036,84,52,818,4,7.1,0.0,-0.5
1037,84,51,824,4,7.5,0.0,-1.8
1038,84,51,790,4,7.5,0.0,-1.4
1039,84,56,773,2,8.0,0.0,4.3
1040,85,57,733,0,7.5,0.0,4.4
1041,85,57,677,0,7.1,0.0,4.5
1042,85,58,667,0,7.1,0.0,4.4
1043,85,58,666,0,7.1,0.0,4.9
1044,85,58,667,0,7.1,0.0,5.2
1045,86,58,663,0,7.1,0.0,5.4
1046,86,58,672,0,7.1,0.0,5.2
1047,86,58,667,0,7.1,0.0,5.4
1048,86,59,668,0,7.1,0.0,5.2
1049,86,59,671,0,7.1,0.0,5.2
1050,86,58,665,0,7.1,0.0,5.5
1051,87,58,682,0,7.1,0.0,5.6
1052,87,58,732,0,7.1,0.0,-4.3
1053,87,57,769,2,7.5,0.0,9.8
1054,87,56,759,2,7.5,0.0,9.5
1055,87,58,739,0,7.5,0.0,9.7
1056,87,58,676,0,7.1,0.0,9.7
1057,87,59,662,0,7.1,0.0,9.5
1058,87,59,669,0,7.1,0.0,6.1
1059,87,59,666,0,7.1,0.0,8.7
1060,87,59,669,0,7.1,0.0,8.7
1061,87,59,665,0,7.1,0.0,8.8
1062,87,59,665,0,7.1,0.0,8.7
1063,87,59,671,0,7.1,0.0,6.5
1064,87,59,667,0,7.1,0.0,6.8
1065,87,59,673,0,7.1,0.0,7.3
1066,87,60,667,0,7.1,0.0,6.6
1067,87,59,668,0,7.1,0.0,5.9
1068,87,60,673,0,7.1,0.0,6.9
1069,87,59,717,0,7.1,0.0,13.7
1070,87,59,710,0,7.1,0.0,17.2
1071,87,60,727,2,7.5,0.0,11.0
1072,87,59,764,3,7.5,0.0,-50.6
1073,87,63,962,4,9.9,3.5,-37.4
1074,87,58,1204,6,9.4,3.9,-15.3
1075,87,44,979,6,7.1,0.0,11.8
1076,87,89,1680,9,40.9,37.1,57.6
1077,87,60,2173,14,14.6,11.7,55.2
1078,87,74,1868,17,17.4,19.5,-6.8
1079,87,82,2116,20,20.7,21.9,-15.6
1080,87,52,2205,23,12.2,9.4,-14.9
1081,86,54,1817,23,13.6,13.7,-4.9
1082,86,78,1743,25,16.9,12.9,-1.2
1083,86,38,1705,26,8.5,0.0,-0.9
1084,85,69,1896,27,27.7,23.4,4.4
1085,85,99,2335,30,96.3,35.5,3.0
1086,84,99,2464,34,100.0,31.6,-2.1
1087,84,99,2651,37,100.0,30.5,-1.8
1088,84,58,2583,40,22.6,9.8,-5.3
1089,84,33,1959,40,9.9,0.0,-5.7
1090,84,35,1895,39,10.4,0.0,-11.5
1091,84,34,1705,35,8.9,0.0,-6.3
1092,84,31,1321,30,7.1,0.0,-10.3
1093,84,35,1018,23,7.1,0.0,3.7
1094,84,46,973,15,8.0,0.0,3.7
1095,84,56,893,7,8.9,0.0,3.6
1096,84,58,836,4,8.5,0.0,-3.6
1097,84,58,820,3,8.0,0.0,-2.8
1098,84,59,775,0,8.0,0.0,-2.1
1099,84,60,703,0,7.1,0.0,-2.3
1100,84,60,670,0,7.1,0.0,-2.4
1101,84,59,669,0,7.1,0.0,-2.1
1102,85,59,665,0,7.1,0.0,-2.4
1103,85,59,668,0,7.1,0.0,-2.5
1104,85,59,665,0,7.1,0.0,-2.4
1105,85,59,667,0,7.1,0.0,-2.3
1106,86,62,658,0,7.1,0.0,-2.3
1107,86,60,672,0,7.1,0.0,-2.4
1108,86,60,667,0,7.1,0.0,-2.5
1109,86,60,669,0,7.1,0.0,-2.4
1110,87,60,672,0,7.1,0.0,-2.4
1111,87,60,667,0,7.1,0.0,-2.4
1112,87,60,670,0,7.1,0.0,-2.5
1113,87,60,667,0,7.1,0.0,-2.4
1114,87,59,668,0,7.1,0.0,-2.4
1115,87,61,669,0,7.1,0.0,-2.5
1116,87,59,721,0,7.1,0.0,-2.4
1117,87,58,754,0,7.1,0.0,-0.9
1118,87,59,687,0,7.1,0.0,-0.7
1119,87,59,667,0,7.1,0.0,-0.8
1120,87,60,662,0,7.1,0.0,-0.6
1121,87,60,668,0,7.1,0.0,-0.6
1122,87,61,664,0,7.1,0.0,-0.7
1123,87,61,665,0,7.1,0.0,-0.6
1124,88,60,669,0,7.1,0.0,-0.5
1125,88,60,666,0,7.1,0.0,-0.7
1126,88,61,672,0,7.1,0.0,-0.7
1127,88,61,667,0,7.1,0.0,-0.7
1128,88,61,673,0,7.1,0.0,-0.3
1129,88,61,670,0,7.1,0.0,-0.7
1130,88,61,669,0,7.1,0.0,-0.7
1131,88,61,673,0,7.1,0.0,-0.7
1132,88,61,668,0,7.1,0.0,-0.6
1133,88,60,673,0,7.1,0.0,-0.6
1134,88,60,671,0,7.1,0.0,-0.5
1135,88,59,673,0,7.1,0.0,-0.6
1136,88,59,673,0,7.1,0.0,-0.5
1137,88,60,670,0,7.1,0.0,-0.6
1138,88,60,670,0,7.1,0.0,-0.3
1139,88,60,670,0,7.1,0.0,-0.7
1140,87,59,676,0,7.1,0.0,-0.7
1141,87,60,669,0,7.1,0.0,-0.6
1142,87,60,667,0,7.1,0.0,-0.5
1143,87,59,705,0,7.1,0.0,-0.6
1144,87,58,750,0,7.5,0.0,-0.5
1145,87,57,783,0,8.0,0.0,-0.9
1146,87,58,762,2,7.5,0.0,-0.5
1147,87,59,748,1,7.5,0.0,-0.3
1148,87,59,710,0,7.1,0.0,-0.6
1149,87,59,669,0,7.1,0.0,-0.7
1150,87,59,663,0,7.1,0.0,-0.7
1151,87,59,665,0,7.1,0.0,-0.7
1152,87,59,672,0,7.1,0.0,-0.8
1153,87,59,668,0,7.1,0.0,-0.6
1154,87,60,672,0,7.1,0.0,-0.3
1155,87,59,666,0,7.1,0.0,-0.6
1156,87,59,673,0,7.1,0.0,-0.6
1157,87,59,669,0,7.1,0.0,-0.6
1158,87,59,666,0,7.1,0.0,-0.6
1159,87,59,673,0,7.1,0.0,-0.6
1160,87,59,667,0,7.1,0.0,-0.7
1161,87,60,669,0,7.1,0.0,-0.7
1162,87,59,670,0,7.1,0.0,-0.6
1163,87,60,668,0,7.1,0.0,-0.6
1164,87,60,671,0,7.1,0.0,-0.4
1165,87,59,666,0,7.1,0.0,-0.7
1166,87,59,671,0,7.1,0.0,-0.7
1167,87,59,668,0,7.1,0.0,-0.5
1168,87,60,672,0,7.1,0.0,-0.6
1169,87,60,668,0,7.1,0.0,-0.6
1170,87,60,671,0,7.1,0.0,-0.3
1171,87,60,671,0,7.1,0.0,-0.7
1172,87,60,669,0,7.1,0.0,-0.7
1173,87,59,673,0,7.1,0.0,-0.6
1174,87,59,666,0,7.1,0.0,-0.6
1175,87,60,669,0,7.1,0.0,-0.3
1176,87,60,674,0,7.1,0.0,-0.9
1177,87,60,666,0,7.1,0.0,-0.9
1178,87,59,672,0,7.1,0.0,-0.5
1179,87,59,666,0,7.1,0.0,-0.5
1180,87,59,671,0,7.1,0.0,-0.5
1181,87,59,667,0,7.1,0.0,-0.6
1182,87,59,671,0,7.1,0.0,-0.6
1183,87,59,672,0,7.1,0.0,-0.4
1184,87,60,669,0,7.1,0.0,-0.4
1185,87,60,671,0,7.1,0.0,-0.5
1186,87,59,669,0,7.1,0.0,-0.6
1187,87,59,672,0,7.1,0.0,-0.5
1188,87,59,669,0,7.1,0.0,-0.7
1189,87,59,668,0,7.1,0.0,-0.9
1190,87,59,667,0,7.1,0.0,-0.5
1191,87,60,667,0,7.1,0.0,-0.3
1192,87,59,674,0,7.1,0.0,-0.6
1193,87,60,667,0,7.1,0.0,-0.5
1194,87,59,671,0,7.1,0.0,-0.6
1195,87,59,674,0,7.1,0.0,-0.6
1196,87,59,669,0,7.1,0.0,-0.6
1197,87,59,672,0,7.1,0.0,-0.7
1198,87,59,667,0,7.1,0.0,-0.7
1199,87,59,671,0,7.1,0.0,-0.8
1200,87,59,667,0,7.1,0.0,-0.4
1201,87,59,673,0,7.1,0.0,-0.8
1202,87,58,667,0,7.1,0.0,-0.7
1203,87,59,678,0,7.1,0.0,-1.1
1204,87,75,1004,0,15.0,11.7,-4.7
1205,87,95,1983,7,32.4,22.7,4.3
1206,87,85,2478,14,25.4,21.5,0.8
1207,87,77,2296,19,20.2,21.5,-2.9
1208,87,78,2331,22,20.2,21.5,-5.3
1209,86,74,2572,25,20.2,21.5,0.5
1210,86,76,2500,28,21.1,22.7,2.6
1211,86,92,2115,31,28.2,25.8,5.5
1212,85,98,2247,35,55.4,25.8,12.7
1213,84,71,2373,38,23.5,14.1,25.0
1214,84,31,1973,38,8.9,0.0,41.1
1215,84,29,1703,38,7.5,1.2,20.9
1216,84,26,1232,36,6.1,0.0,24.6
1217,84,29,1366,35,7.1,0.0,39.0
1218,84,27,1363,34,7.1,0.0,38.2
1219,84,27,1263,33,6.6,0.0,8.0
1220,84,29,1092,29,6.6,0.0,-2.9
1221,84,36,919,22,6.6,0.0,-13.5
1222,84,41,951,17,7.1,0.0,-0.9
1223,84,50,1063,15,10.4,0.8,-2.5
1224,84,95,1861,17,46.5,25.8,-2.5
1225,84,99,2293,21,99.6,37.1,0.7
1226,84,98,2798,27,95.8,35.5,1.0
1227,84,62,2898,31,17.9,15.6,1.2
1228,84,98,2380,33,66.2,25.0,-0.7
1229,84,96,2585,37,47.4,22.3,4.0
1230,85,94,2424,39,36.2,21.5,5.4
1231,85,46,1983,40,10.8,0.4,9.5
1232,85,27,1813,39,8.5,0.0,7.8
1233,85,62,1857,38,15.0,15.2,4.0
1234,85,71,1822,38,16.0,16.8,4.3
1235,84,94,1834,38,40.9,27.0,8.0
1236,84,99,1866,39,98.6,27.3,3.0
1237,84,99,1903,40,97.2,26.6,3.4
1238,84,95,1944,40,37.6,22.7,5.5
1239,84,87,1962,41,22.6,19.9,5.2
1240,84,51,1936,40,10.4,6.6,4.8
1241,84,48,1943,38,13.2,12.9,4.0
1242,84,71,1990,37,16.0,16.8,2.6
1243,84,82,2082,37,20.2,20.7,5.1
1244,84,79,2075,37,18.8,19.1,-1.3
1245,84,80,2059,37,19.3,21.5,-0.3
1246,84,85,2119,37,21.1,22.7,-3.1
1247,85,84,2122,37,21.1,22.7,-1.3
1248,85,89,2135,38,25.4,26.6,7.5
1249,85,98,2280,38,80.3,27.7,15.6
1250,85,99,2342,40,100.0,27.3,13.7
1251,85,99,2367,41,100.0,27.3,15.0
1252,85,99,2385,42,89.2,27.3,13.3
1253,85,98,2400,43,80.8,27.3,14.1
1254,85,98,2335,44,68.1,24.6,7.6
1255,85,38,2098,44,8.9,0.0,12.2
1256,86,27,1550,42,7.1,0.0,26.6
1257,86,28,1312,39,6.6,0.0,24.3
1258,85,28,1339,35,7.1,0.0,14.6
1259,85,31,1118,31,6.6,0.0,7.3
1260,85,36,974,29,6.6,0.0,9.3
1261,85,37,923,27,6.6,0.0,1.5
1262,85,39,882,26,6.6,0.0,5.9
1263,85,40,865,25,6.6,0.0,14.1
1264,85,42,839,23,6.6,0.0,18.0
1265,85,42,946,20,7.1,0.0,27.8
1266,85,44,1188,19,8.5,3.5,27.7
1267,86,61,1408,19,12.7,13.3,20.4
1268,86,63,1579,21,11.8,7.8,3.2
1269,86,38,1231,18,7.1,0.0,-5.7
1270,86,44,1005,15,8.0,0.0,-9.5
1271,86,52,992,14,8.9,0.0,0.3
1272,86,71,1506,15,14.1,12.9,16.1
1273,86,53,1376,17,8.9,3.5,14.1
1274,86,42,1144,17,7.1,0.0,9.5
1275,86,39,1081,17,7.1,0.0,10.2
1276,86,44,1113,16,8.9,2.3,13.0
1277,86,47,1246,17,8.0,1.2,5.2
1278,86,38,1065,16,7.1,0.0,12.4
1279,86,40,980,15,7.1,0.0,12.6
1280,86,45,925,14,7.1,0.0,12.7
1281,86,46,900,13,7.1,0.0,12.4
1282,86,48,873,12,7.1,0.0,13.8
1283,86,50,850,12,7.1,0.0,7.7
1284,86,52,832,11,7.1,0.0,7.6
1285,86,53,843,11,7.1,0.0,7.5
1286,86,54,875,11,7.5,0.0,7.7
1287,86,53,1070,11,8.9,2.3,10.2
1288,86,55,1086,12,9.4,3.5,9.0
1289,86,62,1252,13,11.3,9.4,9.1
1290,86,64,1375,14,11.8,10.5,11.0
1291,86,66,1448,16,12.2,11.3,10.6
1292,86,73,1584,18,14.6,13.7,1.6
1293,86,76,1735,20,16.0,14.1,-5.8
1294,86,76,1683,23,16.0,13.7,-3.0
1295,86,47,1599,24,8.5,0.0,2.3
1296,86,33,1481,24,7.1,0.0,3.7
1297,86,32,1380,23,7.1,0.0,-0.9
1298,86,32,1284,22,7.1,0.0,-0.7
1299,85,32,1216,21,7.1,0.0,-0.3
1300,85,33,1158,20,7.1,0.0,0.0
1301,85,35,1112,19,7.1,0.0,0.1
1302,85,36,1079,18,7.1,0.0,2.6
1303,85,37,1043,17,7.1,0.0,1.6
1304,85,39,990,16,7.1,0.0,-8.8
1305,85,40,961,15,7.1,0.0,1.3
1306,85,40,931,14,7.1,0.0,0.9
1307,85,42,912,14,7.1,0.0,-1.7
1308,85,46,995,14,8.0,2.3,-5.0
1309,85,54,1124,14,9.4,7.4,-6.8
1310,85,60,1304,15,10.8,10.2,-13.9
1311,85,60,1342,16,10.8,10.2,-16.6
1312,85,59,1368,17,10.8,10.2,-4.9
1313,85,58,1382,18,10.8,10.2,-5.7
1314,85,63,1485,19,11.8,12.1,-6.6
1315,85,63,1538,20,12.2,12.1,-2.0
1316,85,65,1562,21,12.7,12.5,-4.9
1317,85,70,1523,23,13.6,14.1,-9.3
1318,85,70,1563,24,13.6,14.5,-9.7
1319,85,63,1650,26,11.8,11.3,-9.0
1320,85,32,1634,26,7.1,0.0,-5.0
1321,85,29,1486,25,7.1,0.0,-4.7
1322,85,29,1385,24,7.1,0.0,-3.1
1323,85,29,1302,23,7.1,0.0,-5.3
1324,85,30,1241,22,7.1,0.0,-10.4
1325,85,32,1184,21,7.1,0.0,-7.1
1326,85,33,1143,20,7.1,0.0,-9.1
1327,85,33,1106,19,6.6,0.0,-7.5
1328,85,34,1071,18,6.6,0.0,-2.7
1329,85,35,1036,17,6.6,0.0,-3.5
1330,85,42,1092,16,8.9,2.3,-8.6
1331,85,86,1757,18,22.1,22.3,-11.0
1332,85,98,1950,22,52.6,23.8,-5.8
1333,85,98,1798,25,47.4,23.8,-6.8
1334,85,72,1855,28,19.3,11.7,-9.3
1335,85,27,1767,28,7.1,0.0,-7.2
1336,85,26,1772,28,7.5,1.2,-4.6
1337,85,27,1731,27,7.5,4.3,-5.9
1338,85,35,1745,26,9.4,9.4,-6.4
1339,84,36,1705,26,8.5,5.5,-6.3
1340,84,29,1518,25,7.1,0.0,-3.9
1341,84,29,1405,24,7.1,0.0,-2.7
1342,84,29,1327,23,7.1,0.0,-3.8
1343,84,29,1263,22,6.6,0.0,-6.4
1344,84,32,1300,21,7.1,1.2,-6.4
1345,84,36,1374,21,8.0,4.3,-3.4
1346,84,69,1613,21,17.4,21.5,-4.2
1347,84,91,2091,24,43.2,19.1,-6.4
1348,84,33,1721,25,8.0,0.0,-3.2
1349,84,28,1637,25,7.5,2.3,0.1
1350,84,32,1613,25,8.5,8.2,-7.9
1351,84,43,1650,24,10.4,10.5,-7.4
1352,84,47,1667,25,10.8,10.5,-7.7
1353,84,47,1625,25,9.9,10.5,-4.3
1354,84,46,1622,25,9.9,10.5,-0.9
1355,84,45,1631,25,9.9,10.5,-4.7
1356,84,45,1639,26,9.9,10.5,-7.5
1357,84,45,1648,26,9.9,10.5,-7.2
1358,84,44,1658,26,9.9,10.5,-3.5
1359,84,44,1669,26,9.9,10.5,-7.8
1360,84,44,1680,26,9.9,10.5,-7.4
1361,84,43,1690,26,9.9,10.5,-2.9
1362,84,44,1699,27,10.4,10.5,-3.0
1363,84,43,1712,27,10.4,10.5,-4.9
1364,84,41,1720,27,9.4,7.8,-6.6
1365,84,29,1579,26,7.1,0.0,-4.3
1366,84,28,1552,25,7.1,1.2,-2.9
1367,84,27,1541,25,7.1,0.8,-5.0
1368,84,30,1524,24,7.5,6.6,-5.3
1369,84,61,1734,24,14.1,14.5,-4.5
1370,84,71,1811,26,15.5,14.8,-4.8
1371,84,62,1785,28,13.2,13.3,-1.8
1372,84,50,1820,28,11.8,12.5,1.1
1373,84,49,1849,29,11.3,10.9,2.0
1374,84,30,1768,29,7.1,0.0,4.7
1375,84,25,1535,27,7.1,0.0,-2.0
1376,84,28,1383,23,7.1,0.0,-1.8
1377,84,30,1247,21,7.1,0.0,-1.4
1378,84,32,1155,20,6.6,0.0,1.9
1379,84,62,1490,20,15.0,18.4,3.6
1380,84,94,1774,22,29.6,20.3,3.7
1381,84,61,1703,25,13.2,5.9,4.0
1382,84,27,1512,25,7.1,0.0,-2.0
1383,84,32,1507,24,8.9,2.3,-1.4
1384,84,85,1986,25,21.1,16.8,2.3
1385,84,76,1970,28,16.9,14.5,2.6
1386,84,38,1891,29,8.0,0.0,1.2
1387,84,24,1650,28,7.1,0.0,-0.9
1388,84,26,1553,27,7.1,0.0,4.4
1389,84,36,1749,27,10.4,10.5,3.5
1390,84,58,1882,27,13.2,12.9,2.3
1391,84,61,1889,28,13.2,12.9,0.2
1392,84,55,1881,29,12.2,12.9,-1.3
1393,84,54,1932,30,12.2,12.9,-1.3
1394,84,45,1761,31,9.4,6.6,0.7
1395,84,39,1503,30,8.0,6.2,3.0
1396,84,36,1452,30,7.5,6.2,0.8
1397,84,36,1431,30,8.0,6.2,0.8
1398,84,37,1411,29,8.0,7.0,3.4
1399,84,45,1395,29,9.4,10.9,2.2
1400,84,55,1408,29,10.4,12.1,5.2
1401,84,67,1431,29,12.7,15.2,-1.7
1402,84,71,1474,30,13.2,15.2,-1.0
1403,84,39,1444,31,6.6,0.0,0.2
1404,84,67,1576,31,15.5,18.0,3.2
1405,84,84,1585,32,18.3,19.1,1.1
1406,84,89,1643,34,22.6,22.7,0.1
1407,84,97,1747,36,43.2,22.3,0.2
1408,84,65,1904,38,14.1,12.5,0.0
1409,84,73,2096,39,16.9,17.2,1.5
1410,84,71,2145,40,16.5,17.2,1.1
1411,84,70,2124,42,16.0,17.2,2.2
1412,84,70,2092,43,15.5,17.2,2.0
1413,84,69,2113,44,15.5,17.2,-0.5
1414,84,68,2159,45,15.5,17.2,-0.3
1415,84,67,2208,46,15.5,16.0,2.9
1416,84,32,2085,46,8.0,0.0,2.0
1417,84,66,1808,46,16.0,15.6,0.8
1418,84,76,1881,47,17.4,16.0,0.8
1419,84,79,1723,48,16.9,16.0,-0.7
1420,84,76,1680,48,16.0,15.6,6.5
1421,84,66,1685,49,13.2,11.7,9.1
1422,84,28,1652,48,6.6,0.0,7.7
1423,84,42,1663,48,11.8,12.5,7.7
1424,84,82,1676,48,18.8,18.7,8.0
1425,84,88,1684,49,21.1,19.5,10.8
1426,84,87,1717,50,20.7,19.5,10.8
1427,84,86,1750,51,20.7,19.5,9.4
1428,84,84,1785,52,19.3,19.1,10.2
1429,84,43,1787,52,8.5,2.3,12.6
1430,84,23,1736,51,7.1,0.0,1.6
1431,85,29,1653,48,8.0,0.0,-8.5
1432,85,30,1551,46,7.5,0.0,-9.6
1433,85,31,1524,44,8.0,3.9,-15.7
1434,85,66,1580,44,15.5,19.1,-16.4
1435,85,97,1579,45,45.1,25.0,-8.7
1436,85,98,1606,46,76.5,25.4,-14.4
1437,85,99,1656,48,100.0,25.4,-15.7
1438,85,99,1705,49,98.1,25.4,-12.6
1439,85,99,1753,51,80.3,25.4,-15.9
1440,85,99,1805,52,74.7,25.4,-16.9
1441,85,98,1855,53,60.6,25.4,-14.9
1442,85,98,1905,55,50.7,25.4,-14.9
1443,85,59,1930,56,17.9,7.8,-6.2
1444,85,25,1843,55,8.0,0.0,4.8
1445,85,33,1820,53,8.9,0.0,5.0
1446,85,35,1755,52,8.5,0.0,8.1
1447,85,33,1696,50,8.5,0.0,8.8
1448,85,32,1637,48,8.0,0.0,4.6
1449,85,32,1580,46,7.5,0.0,5.9
1450,86,40,1572,45,10.8,7.4,4.8
1451,86,87,1661,45,20.7,21.1,15.6
1452,86,86,1610,46,19.3,17.2,4.4
1453,85,75,1623,47,15.0,16.4,0.6
1454,85,70,1637,47,14.1,14.5,-0.1
1455,85,65,1646,48,13.6,14.1,-1.6
1456,85,66,1653,48,13.6,14.1,3.9
1457,85,67,1659,48,14.1,14.1,2.2
1458,85,49,1654,48,9.4,4.7,1.0
1459,85,27,1608,47,7.1,0.8,0.5
1460,85,34,1570,46,8.5,4.7,1.3
1461,85,44,1597,45,11.3,11.3,1.5
1462,85,76,1629,45,16.0,15.2,1.6
1463,85,73,1571,45,14.1,13.7,1.9
1464,85,66,1566,45,13.2,13.7,0.8
1465,85,66,1571,45,12.7,13.7,3.4
1466,85,64,1572,45,11.8,9.8,0.0
1467,85,33,1525,45,6.1,0.0,2.6
1468,85,28,1462,43,7.1,0.0,1.5
1469,86,29,1414,41,7.1,0.0,-0.9
1470,86,27,1347,39,6.6,0.0,1.9
1471,86,25,1229,38,5.7,0.0,2.2
1472,86,45,1260,36,10.8,9.0,0.4
1473,86,95,2097,37,52.6,27.0,0.1
1474,86,90,2225,39,27.7,20.7,0.0
1475,86,74,2108,41,17.4,18.0,2.1
1476,86,70,2052,42,16.0,18.0,1.1
1477,86,71,2056,42,16.0,18.0,1.1
1478,85,70,2089,43,15.5,18.0,1.9
1479,85,69,2131,44,15.5,18.0,1.8
1480,85,68,2170,45,15.5,18.0,-2.6
1481,85,67,2207,46,16.0,18.0,2.7
1482,85,67,2234,46,15.5,17.6,0.8
1483,85,70,1896,47,15.0,16.4,-1.0
1484,84,74,1729,48,15.0,16.4,0.1
1485,84,73,1679,48,14.6,16.4,3.4
1486,84,72,1679,49,14.1,16.4,0.4
1487,84,71,1692,49,14.1,16.4,0.4
1488,84,71,1699,49,14.1,16.4,3.6
1489,84,71,1704,49,14.6,16.4,0.8
1490,84,72,1706,49,14.6,16.4,0.0
1491,84,72,1700,49,14.6,16.4,0.0
1492,84,71,1722,49,14.6,16.4,1.3
1493,84,70,1934,48,15.5,16.4,2.3
1494,84,74,1968,48,16.5,16.8,4.9
1495,84,75,1985,48,16.5,16.8,6.2
1496,84,74,1967,48,16.5,16.4,12.0
1497,85,74,1961,48,16.5,16.4,5.6
1498,85,74,1960,48,16.5,16.4,6.5
1499,85,74,1960,48,16.5,16.4,10.6
1500,85,73,1954,48,16.5,15.6,5.8
1501,85,72,1940,47,16.5,15.6,8.7
1502,85,72,1936,47,16.5,15.6,11.5
1503,85,72,1935,47,16.5,15.6,9.8
1504,85,72,1936,47,16.5,15.6,9.6
1505,85,72,1937,47,16.5,15.6,6.9
1506,85,72,1935,47,16.5,15.6,8.3
1507,85,72,1935,47,16.5,15.6,10.5
1508,85,72,1933,47,16.5,15.6,0.0
1509,85,49,1734,46,9.4,4.3,-11.0
1510,85,36,1524,45,9.4,8.2,-6.0
1511,85,78,1892,44,18.8,19.5,-9.7
1512,85,86,2031,44,22.6,20.7,-12.2
1513,85,86,2044,45,22.1,20.7,-10.4
1514,86,85,2030,45,21.1,20.7,-3.7
1515,86,84,2035,45,21.1,20.7,-9.2
1516,86,84,2038,46,21.1,20.7,-9.7
1517,86,84,2039,46,21.1,20.7,-9.3
1518,86,84,2038,46,21.1,20.7,-6.6
1519,86,91,2097,46,37.1,29.7,1.9
1520,86,98,2551,47,98.1,40.2,0.8
1521,86,98,2637,49,100.0,44.9,-1.4
1522,86,98,2712,51,100.0,45.3,2.6
1523,86,98,2793,52,100.0,45.3,1.2
1524,86,98,2879,54,100.0,45.3,-0.6
1525,86,98,2966,56,100.0,45.3,0.8
1526,86,98,2958,58,100.0,45.7,0.1
1527,86,98,2961,60,100.0,55.1,0.9
1528,86,97,3884,62,100.0,86.3,0.0
1529,86,97,4336,66,100.0,88.3,0.0
1530,86,97,4564,69,100.0,88.3,0.0
1531,86,68,4675,72,50.3,36.7,0.7
1532,86,31,3736,71,13.2,0.0,3.7
1533,86,84,3568,71,33.8,32.8,1.4
1534,87,98,3707,73,96.3,53.5,-0.6
1535,87,97,3804,75,100.0,59.4,-0.3
1536,87,97,4350,77,99.6,81.6,4.1
1537,87,32,4831,77,15.0,2.3,2.3
1538,87,39,3864,75,15.0,0.0,1.9
1539,87,44,2983,72,13.6,0.0,2.5
1540,87,33,2450,70,10.8,0.0,2.4
1541,87,32,2373,68,10.4,0.0,2.8
1542,87,31,2224,66,9.9,0.0,0.9
1543,87,34,1719,64,8.9,0.0,1.1
1544,87,33,1836,61,8.5,4.7,3.0
1545,87,33,2062,59,9.4,6.6,1.4
1546,87,59,2139,58,16.0,16.0,1.4
1547,87,76,2209,58,18.8,18.0,1.3
1548,87,73,2195,57,17.9,18.0,1.6
1549,87,72,2179,57,17.4,18.0,0.9
1550,86,71,2168,57,16.9,18.0,-0.7
1551,86,72,2170,57,16.9,18.0,0.8
1552,86,72,2167,57,16.9,18.0,1.6
1553,86,66,2147,57,14.6,14.1,13.8
1554,86,26,1799,56,6.1,0.0,5.6
1555,86,24,1732,54,7.1,2.7,9.8
1556,86,28,1847,53,8.5,3.9,6.0
1557,86,29,1823,52,8.5,3.9,5.9
1558,86,30,1793,51,8.5,3.9,6.2
1559,86,30,1774,51,8.5,4.3,9.2
1560,86,31,1734,50,8.9,4.7,9.7
1561,86,32,1711,50,8.9,4.7,8.8
1562,86,33,1701,49,8.9,6.2,1.7
1563,86,47,1710,49,11.3,11.3,6.1
1564,86,48,1702,49,10.8,10.5,12.0
1565,86,46,1704,49,10.4,10.5,3.4
1566,86,46,1709,50,10.4,10.5,1.6
1567,86,63,1735,50,14.1,15.6,1.6
1568,86,91,1777,51,28.7,24.6,-0.5
1569,86,98,1834,53,55.4,25.4,-3.8
1570,86,96,1903,55,43.2,23.4,1.5
1571,86,87,1960,57,22.6,19.5,1.3
1572,86,76,2006,58,16.9,18.7,2.0
1573,86,73,2045,59,16.5,18.7,1.9
1574,86,73,2079,60,16.5,18.7,1.9
1575,86,72,2113,61,16.5,18.7,-1.3
1576,86,72,2148,62,16.5,18.7,0.1
1577,86,71,2181,63,16.5,18.7,1.6
1578,86,70,2213,64,16.5,18.7,0.7
1579,86,70,2247,65,16.5,18.7,0.8
1580,86,70,2278,66,16.9,18.7,1.1
1581,86,70,2312,67,16.9,18.7,-0.5
1582,86,70,2347,68,17.4,18.7,2.3
1583,86,70,2369,69,17.9,18.7,0.8
1584,86,78,1999,70,17.9,18.7,1.6
1585,86,80,1943,71,18.3,18.7,2.3
1586,86,80,1922,72,18.3,18.7,-0.3
1587,86,79,1937,72,17.9,18.7,1.3
1588,86,78,1958,73,17.4,18.7,1.2
1589,86,78,1979,74,17.4,18.7,1.3
1590,86,55,1985,75,10.4,7.4,1.3
1591,87,23,1953,74,6.6,0.0,1.2
1592,87,31,1930,73,9.4,0.0,1.2
1593,87,32,1892,72,8.9,0.0,0.1
1594,87,31,1862,70,8.9,0.0,1.2
1595,87,30,1833,69,8.5,0.0,3.6
1596,87,34,1799,68,8.5,0.0,1.1
1597,87,33,1769,67,8.0,0.0,-0.5
1598,87,29,1743,66,8.0,0.0,1.4
1599,87,29,1713,65,8.0,0.0,3.0
1600,86,29,1685,64,7.5,0.0,1.9
1601,86,40,1747,63,11.8,12.5,1.5
1602,86,77,1823,64,17.9,19.1,1.3
1603,86,82,1764,65,18.8,19.1,0.6
1604,86,85,1754,66,20.2,19.1,-2.1
1605,85,84,1777,67,20.2,19.1,1.5
1606,85,83,1800,67,19.7,19.1,1.5
1607,85,79,1824,68,17.9,17.6,1.5
1608,85,75,1845,69,16.5,16.8,0.9
1609,85,51,1851,69,9.9,6.2,0.9
1610,85,22,1818,69,7.1,0.0,0.8
1611,85,29,1796,68,8.5,0.0,2.9
1612,85,31,1762,67,8.0,0.0,2.9
1613,85,31,1733,66,8.0,0.0,-0.6
1614,85,29,1702,64,8.0,0.0,2.3
1615,85,33,1670,63,7.5,0.0,2.7
1616,85,33,1644,62,7.5,0.0,-1.2
1617,85,30,1615,61,7.5,0.0,-0.6
1618,85,30,1584,60,7.5,0.0,3.2
1619,85,31,1561,59,7.5,0.0,0.6
1620,85,31,1531,58,7.1,0.0,-0.6
1621,85,30,1499,57,7.1,0.0,3.7
1622,84,29,1645,56,7.5,0.0,0.1
1623,84,29,1873,54,8.5,0.0,-1.7
1624,84,39,1857,54,11.8,12.5,1.2
1625,84,67,1879,55,16.0,17.6,1.7
1626,84,73,1918,56,16.9,18.0,0.2
1627,84,74,1961,57,17.4,18.0,-0.6
1628,84,54,1987,58,10.8,7.0,0.1
1629,84,23,1943,57,7.1,0.0,2.2
1630,84,29,1817,53,8.9,0.0,-1.8
1631,84,30,1633,48,8.0,0.0,2.0
1632,84,31,1476,44,7.1,0.0,4.2
1633,84,29,1417,42,7.1,0.0,0.8
1634,84,28,1371,40,6.6,0.0,-3.8
1635,84,26,1318,39,6.1,0.0,-0.3
1636,84,26,1115,37,5.7,0.0,1.8
1637,84,37,998,36,7.1,0.0,4.5
1638,84,38,999,35,7.1,0.0,-3.4
1639,84,37,970,34,6.6,0.0,-1.0
1640,84,33,1007,32,6.1,0.0,-0.7
1641,84,35,924,28,6.6,0.0,3.3
1642,84,37,889,26,6.1,0.0,3.3
1643,84,37,926,25,6.6,0.0,2.8
1644,84,42,1278,25,8.9,8.6,-1.7
1645,84,48,1311,25,8.9,7.0,-1.4
1646,84,35,995,24,5.2,0.0,2.0
1647,84,36,871,21,6.1,0.0,1.9
1648,84,40,964,16,7.1,0.0,1.9
1649,84,38,948,15,6.6,0.0,1.7
1650,84,41,911,14,7.1,0.0,-6.4
1651,84,47,876,12,7.1,0.0,-2.0
1652,84,47,860,12,7.1,0.0,-0.9
1653,84,46,847,12,7.1,0.0,0.0
1654,84,47,845,12,7.1,0.0,10.8
1655,84,50,895,12,7.5,0.8,10.6
1656,84,47,907,10,7.1,0.0,5.3
1657,84,53,836,6,7.1,0.0,3.7
1658,85,49,813,5,6.6,0.0,3.4
1659,85,46,816,5,6.6,0.0,-4.2
1660,85,46,821,5,6.6,0.0,-4.8
1661,85,47,827,5,6.6,0.0,-4.8
1662,85,47,836,5,7.1,0.0,-4.6
1663,85,47,831,5,6.6,0.0,-4.8
1664,85,48,783,4,6.6,0.0,-4.6
1665,85,55,781,3,7.1,0.0,-4.8
1666,85,53,797,4,7.1,0.0,-4.9
1667,85,53,863,4,7.5,0.0,-4.8
1668,85,57,1213,6,9.9,8.2,-4.9
1669,85,48,1294,8,7.5,3.1,-4.9
1670,85,36,938,7,6.1,0.0,-4.8
1671,85,42,840,7,6.6,0.0,-4.7
1672,85,44,864,6,7.1,0.0,-4.9
1673,85,51,1228,7,9.9,10.9,3.4
1674,85,67,1707,10,15.0,19.9,3.4
1675,85,41,1997,13,8.0,0.8,7.9
1676,85,37,1405,13,8.5,0.4,5.9
1677,85,36,1335,14,7.1,0.0,3.9
1678,85,32,1200,13,6.6,0.0,3.4
1679,84,33,1050,12,6.6,0.0,3.6
1680,84,35,965,11,6.6,0.0,3.5
1681,84,37,917,10,6.6,0.0,3.4
1682,84,44,1051,10,8.0,4.3,1.3
1683,84,53,1221,11,9.9,9.0,-9.6
1684,84,57,1377,12,9.9,8.6,1.1
1685,84,37,1197,13,6.1,0.0,-1.2
1686,84,32,968,12,6.1,0.0,-1.3
1687,84,36,908,11,6.1,0.0,-0.5
1688,84,38,872,10,6.1,0.0,4.6
1689,84,39,850,10,6.1,0.0,6.8
1690,84,40,837,9,6.1,0.0,9.8
1691,84,42,826,9,6.6,0.0,9.8
1692,84,44,812,8,6.6,0.0,9.8
1693,84,48,798,7,7.1,0.0,9.8
1694,84,47,813,7,6.6,0.0,-3.4
1695,84,46,864,6,7.1,0.0,-4.8
1696,84,46,1173,7,7.5,2.3,-3.5
1697,84,39,1038,7,6.1,0.0,-2.9
1698,84,41,850,7,6.6,0.0,-2.5
1699,84,44,823,7,6.6,0.0,0.0
1700,84,44,824,6,6.6,0.0,3.7
1701,84,46,869,6,7.5,0.0,4.0
1702,85,49,1210,7,8.9,6.6,2.0
1703,85,47,1337,8,8.9,8.2,2.0
1704,85,59,1649,10,12.7,12.9,2.2
1705,85,38,1667,11,7.5,0.0,7.6
1706,85,42,1144,12,7.5,0.0,6.6
1707,85,38,1039,11,7.1,0.0,5.1
1708,85,38,987,11,6.6,0.0,5.1
1709,85,39,943,10,6.6,0.0,5.0
1710,85,40,903,10,6.6,0.0,-1.7
1711,85,41,874,9,6.6,0.0,-4.3
1712,85,44,928,9,7.5,0.8,-2.2
1713,85,54,1155,10,8.9,6.2,-1.8
1714,85,42,999,10,5.7,0.0,-2.0
1715,85,37,890,10,6.1,0.0,-1.8
1716,85,40,844,9,6.1,0.0,5.5
1717,85,42,827,9,6.6,0.0,5.5
1718,85,48,963,9,8.5,6.6,5.5
1719,85,59,1258,10,10.4,8.6,4.4
1720,85,40,1015,11,5.7,0.0,6.2
1721,85,36,882,10,6.1,0.0,-0.7
1722,85,41,845,9,6.1,0.0,0.0
1723,85,41,856,9,6.6,0.0,0.1
1724,85,52,1109,9,8.9,7.8,0.1
1725,85,38,959,10,5.7,0.0,0.5
1726,85,37,868,9,6.1,0.0,3.1
1727,85,40,841,9,6.1,0.0,4.5
1728,85,47,939,9,8.5,5.5,5.9
1729,85,56,1198,10,9.4,7.4,6.0
1730,85,40,996,10,5.7,0.0,6.3
1731,85,37,880,10,6.1,0.0,6.5
1732,85,40,852,9,6.1,0.0,0.1
1733,85,42,892,9,7.1,0.0,-6.8
1734,85,59,1237,10,11.8,15.2,-3.9
1735,85,50,1423,12,8.0,1.2,0.1
1736,85,29,1100,12,5.7,0.0,2.6
1737,85,32,931,12,6.1,0.0,2.6
1738,85,36,889,11,6.1,0.0,2.6
1739,85,38,856,10,6.1,0.0,2.3
1740,85,42,909,10,7.1,0.0,2.6
1741,85,51,1096,10,8.9,7.4,4.8
1742,85,46,1061,10,6.6,2.0,4.1
1743,85,36,885,10,6.1,0.0,2.8
1744,85,50,1091,10,10.4,13.3,2.5
1745,85,86,1854,13,24.4,25.4,-2.9
1746,85,51,1786,17,9.4,1.2,1.0
1747,85,27,1556,17,7.1,0.0,4.5
1748,85,29,1415,16,7.1,0.0,4.9
1749,85,29,1278,15,6.6,0.0,4.0
1750,85,31,1165,14,7.1,0.0,4.1
1751,85,46,1455,14,10.4,10.9,1.2
1752,84,51,1554,15,10.8,10.9,1.2
1753,84,46,1604,16,8.9,5.9,1.2
1754,84,30,1348,16,6.6,0.0,3.0
1755,84,29,1172,15,6.1,0.0,3.0
1756,84,32,1063,14,7.1,0.0,3.0
1757,84,56,1537,14,12.7,15.6,3.0
1758,84,62,1788,17,12.2,10.5,1.9
1759,84,28,1600,17,7.1,0.0,-1.0
1760,84,29,1485,17,7.1,0.0,6.7
1761,84,28,1344,16,7.1,0.0,-0.9
1762,84,29,1206,15,6.6,0.0,-0.8
1763,84,30,1090,14,6.1,0.0,8.4
1764,84,35,1185,14,7.5,2.3,9.0
1765,84,37,1377,14,8.0,4.3,5.9
1766,84,38,1414,14,8.0,5.9,2.3
1767,84,35,1300,14,6.6,0.8,-4.7
1768,84,35,1227,14,8.0,5.1,0.1
1769,84,44,1438,14,9.4,9.0,2.2
1770,84,36,1314,15,6.1,0.0,1.9
1771,84,31,1050,14,6.6,0.0,4.1
1772,84,42,1426,14,9.4,9.0,4.7
1773,84,37,1420,15,8.0,0.0,4.4
1774,84,55,1646,16,13.6,16.0,2.6
1775,84,62,1944,19,12.2,10.5,0.4
1776,84,26,1589,20,7.1,0.0,1.0
1777,84,33,1262,20,7.5,0.0,3.8
1778,84,36,1254,20,7.5,0.0,4.4
1779,84,36,1214,20,7.5,0.0,4.0
1780,84,36,1168,20,7.1,0.0,4.0
1781,84,36,1125,19,7.1,0.0,1.3
1782,84,36,1098,19,7.1,0.0,-0.9
1783,85,36,1054,17,7.1,0.0,1.6
1784,85,38,1001,16,7.1,0.0,4.4
1785,85,39,987,16,6.6,0.0,4.5
1786,85,39,978,16,6.6,0.0,3.1
1787,85,38,983,16,6.6,0.0,1.2
1788,85,38,992,17,6.6,0.0,0.0
1789,85,38,993,17,6.6,0.0,4.5
1790,85,39,993,16,7.1,0.0,5.2
1791,85,40,981,16,7.1,0.0,0.1
1792,85,40,974,16,6.6,0.0,2.2
1793,85,39,973,16,6.6,0.0,3.0
1794,85,38,976,16,6.6,0.0,3.0
1795,85,39,978,16,6.6,0.0,3.2
1796,85,40,988,16,7.1,0.0,3.0
1797,85,39,994,16,7.1,0.0,1.8
1798,85,39,991,16,7.1,0.0,0.8
1799,85,39,996,17,7.1,0.0,0.4
1800,85,38,1007,17,7.1,0.0,2.6
1801,85,37,1013,17,7.1,0.0,2.3
1802,85,37,1020,17,6.6,0.0,1.0
1803,85,36,1031,18,6.6,0.0,4.5
1804,86,36,1037,18,6.6,0.0,0.0
1805,86,36,1044,18,7.1,0.0,0.1
1806,86,36,1046,18,7.1,0.0,0.3
1807,86,35,1053,18,6.6,0.0,0.5
1808,85,37,1174,19,7.5,0.8,2.3
1809,85,37,1275,19,7.5,2.0,3.7
1810,85,39,1322,20,8.0,4.3,5.1
1811,85,36,1295,21,7.1,0.8,6.1
1812,85,32,1178,21,6.6,0.0,4.5
1813,85,32,1170,21,7.1,0.0,7.7
1814,85,32,1172,21,6.6,0.0,3.8
1815,85,33,1163,21,7.1,0.0,0.4
1816,85,34,1134,19,7.1,0.0,0.9
1817,85,35,1091,18,7.1,0.0,0.0
1818,84,35,1066,18,6.6,0.0,2.6
1819,84,35,1056,18,6.6,0.0,1.9
1820,84,35,1058,19,6.6,0.0,1.9
1821,84,35,1062,18,6.6,0.0,2.1
1822,84,36,1033,17,7.1,0.0,2.1
1823,84,40,974,15,7.1,0.0,1.9
1824,84,44,930,14,7.1,0.0,4.8
1825,84,43,907,14,7.1,0.0,2.4
1826,84,44,895,14,7.1,0.0,3.1
1827,84,42,911,14,7.1,0.0,3.3
1828,84,40,922,15,6.6,0.0,3.7
1829,84,39,938,15,6.6,0.0,3.8
1830,84,38,946,15,6.6,0.0,3.8
1831,84,38,958,16,6.6,0.0,4.0
1832,84,38,973,16,6.6,0.0,4.6
1833,84,39,967,15,6.6,0.0,2.4
1834,84,43,928,14,7.1,0.0,-5.0
1835,84,44,919,14,7.1,0.0,4.1
1836,84,42,928,15,7.1,0.0,4.0
1837,84,39,944,15,6.6,0.0,3.6
1838,84,38,951,15,6.6,0.0,3.1
1839,84,39,964,16,6.6,0.0,-1.3
1840,84,38,975,16,6.6,0.0,-1.4
1841,84,39,982,16,6.6,0.0,-1.9
1842,85,40,947,14,7.1,0.0,-1.6
1843,85,45,921,14,7.1,0.0,2.6
1844,85,41,926,14,6.6,0.0,5.7
1845,85,40,944,15,6.6,0.0,2.0
1846,85,39,955,16,6.6,0.0,2.3
1847,85,38,976,16,6.6,0.0,-1.7
1848,85,38,986,17,6.6,0.0,-1.2
1849,85,37,1010,17,6.6,0.0,1.1
1850,85,36,1032,18,6.6,0.0,1.0
1851,85,35,1047,18,6.6,0.0,1.2
1852,85,35,1060,19,6.6,0.0,1.9
1853,86,34,1074,19,6.6,0.0,2.6
1854,86,33,1086,19,6.6,0.0,4.0
1855,86,34,1084,19,6.6,0.0,4.1
1856,86,36,1035,16,7.1,0.0,4.3
1857,86,43,970,15,7.1,0.0,-2.0
1858,86,43,933,14,7.1,0.0,-1.8
1859,85,41,928,14,7.1,0.0,-2.1
1860,85,45,1072,15,8.5,3.9,-2.3
1861,85,53,1213,16,9.9,7.8,-2.7
1862,85,62,1437,18,12.2,12.5,-2.4
1863,85,71,1692,21,14.6,14.1,0.5
1864,85,69,1729,24,14.1,12.9,2.3
1865,85,39,1689,26,7.5,0.0,4.7
1866,85,30,1551,26,7.1,0.0,4.1
1867,85,30,1491,26,7.1,0.0,3.7
1868,85,29,1428,26,7.1,0.0,-3.1
1869,84,28,1420,25,7.1,0.0,-1.8
1870,84,27,1584,26,7.1,1.6,4.5
1871,84,49,1802,27,14.1,16.8,3.1
1872,84,85,2116,30,23.5,21.5,7.4
1873,84,86,2232,33,23.5,21.5,3.3
1874,84,76,2389,37,19.7,21.5,0.8
1875,84,80,2103,40,20.2,21.1,-1.2
1876,84,78,2092,43,18.3,19.9,1.0
1877,84,72,2214,46,17.4,19.9,4.8
1878,84,70,2340,48,17.4,19.9,-1.0
1879,84,73,2128,51,17.9,20.3,0.8
1880,84,84,1946,53,20.7,22.3,0.8
1881,84,84,1945,56,20.7,22.3,0.1
1882,84,82,2006,58,19.7,22.3,2.0
1883,84,82,2086,60,20.7,22.3,1.2
1884,84,71,2158,63,15.0,14.8,1.7
1885,84,24,2161,63,7.1,0.0,0.5
1886,84,28,2166,63,9.4,0.0,1.1
1887,84,35,2150,63,10.4,0.0,1.3
1888,84,35,2130,62,10.4,0.0,0.5
1889,84,34,2115,62,10.4,0.0,2.0
1890,84,38,2111,62,10.4,0.0,0.2
1891,84,39,2096,61,10.4,0.0,0.6
1892,84,34,2080,61,9.9,0.0,0.8
1893,84,34,2072,61,9.9,0.0,1.4
1894,84,33,2065,60,9.9,0.0,1.6
1895,84,34,2053,60,9.9,0.0,2.2
1896,84,33,2044,60,9.9,0.0,1.3
1897,84,33,2037,60,9.9,0.0,0.1
1898,84,32,2027,59,8.9,0.0,0.5
1899,83,24,2045,59,7.5,2.0,4.0
1900,83,24,2048,60,8.0,2.3,0.0
1901,83,25,2063,60,8.5,2.7,1.6
1902,83,25,2073,60,8.5,2.7,1.2
1903,82,25,2083,60,8.5,2.7,1.5
1904,82,26,2092,61,8.5,3.1,1.5
1905,82,53,2147,62,16.5,16.8,1.5
1906,82,78,2189,63,18.8,17.2,0.4
1907,82,60,2237,65,14.6,14.1,0.4
1908,82,64,2284,66,16.0,14.5,0.8
1909,82,68,1945,68,15.5,14.5,0.9
1910,82,70,1913,69,16.0,14.5,1.1
1911,82,69,1901,71,15.5,14.5,0.9
1912,82,75,1938,72,17.9,19.1,0.9
1913,83,68,1968,74,14.1,9.0,0.6
1914,83,25,1956,74,7.1,0.0,0.3
1915,83,29,1944,73,8.9,0.0,0.0
1916,83,31,1906,72,9.4,0.0,0.8
1917,84,30,1853,70,8.9,0.0,0.1
1918,84,29,1782,68,8.5,0.0,-3.9
1919,84,29,1713,65,8.5,0.0,-5.9
1920,84,30,1641,62,8.0,0.0,-5.0
1921,84,30,1600,61,7.5,0.0,-3.2
1922,84,30,1562,59,7.5,0.0,-4.9
1923,84,31,1518,57,7.5,0.0,-6.6
1924,84,30,1546,56,7.1,0.0,-6.1
1925,84,29,1844,54,8.9,0.0,-2.5
1926,84,29,1780,52,8.5,0.0,-2.0
1927,84,29,1712,50,8.5,0.0,-2.0
1928,84,30,1642,48,8.0,0.0,-3.5
1929,84,30,1566,46,7.5,0.0,-6.3
1930,84,30,1513,44,7.5,0.0,-7.5
1931,83,68,1644,44,18.3,21.9,-1.6
1932,83,94,1612,45,30.1,20.3,-4.5
1933,83,89,1594,46,20.7,17.2,-4.5
1934,83,80,1618,47,16.5,17.2,-4.5
1935,83,76,1647,48,16.0,17.2,-2.4
1936,83,76,1671,48,16.0,17.2,-4.6
1937,83,76,1697,49,16.5,17.2,-5.2
1938,83,76,1722,50,16.5,17.2,-5.4
1939,83,76,1747,50,16.5,17.2,-5.6
1940,83,75,1773,51,16.5,17.2,-4.8
1941,83,74,1797,52,16.5,17.2,-3.4
1942,83,73,1821,53,16.0,17.2,-3.4
1943,83,73,1842,53,16.0,17.2,-3.6
1944,84,72,1862,54,16.0,17.2,-3.9
1945,84,72,1878,54,16.0,17.2,-2.7
1946,84,71,1894,55,16.0,17.2,-2.7
1947,84,71,1910,55,16.0,17.2,0.6
1948,85,72,1927,56,16.0,17.2,3.2
1949,85,72,1949,56,16.5,17.2,0.5
1950,85,73,1971,57,16.5,17.2,-0.6
1951,85,73,1994,58,16.5,17.2,1.0
1952,85,73,2016,58,16.5,17.2,2.9
1953,85,73,2037,59,16.0,17.2,-0.5
1954,85,71,2057,60,15.5,17.2,1.9
1955,85,67,2073,60,13.2,12.9,1.7
1956,85,28,2038,60,7.1,0.0,1.6
1957,85,26,1989,58,8.5,0.0,2.2
1958,86,31,1875,55,8.9,0.0,-2.0
1959,86,30,1731,51,8.5,0.0,-7.1
1960,85,30,1599,47,7.5,0.0,-8.2
1961,85,30,1493,44,7.1,0.0,-5.9
1962,85,29,1430,42,7.1,0.0,-9.1
1963,85,30,1396,40,8.0,4.7,-5.7
1964,85,44,1414,40,9.9,10.2,-3.7
1965,85,62,1414,40,13.2,14.8,-7.0
1966,85,90,1411,40,28.7,21.9,-6.7
1967,85,98,1437,41,82.2,22.7,-7.0
1968,85,96,1529,43,46.0,25.0,-3.0
1969,85,98,2352,44,99.6,33.6,0.7
1970,85,98,2522,47,82.7,27.3,-2.0
1971,85,64,2403,49,21.1,10.2,2.6
1972,85,28,1801,49,8.0,0.0,1.8
1973,85,58,1769,48,15.5,16.0,6.6
1974,85,53,1677,49,8.9,2.7,7.6
1975,85,24,1596,48,6.6,0.0,1.6
1976,85,34,1631,47,9.4,9.8,9.9
1977,85,43,1624,47,10.4,10.9,9.8
1978,85,76,1649,48,17.4,18.0,10.5
1979,85,82,1693,49,17.9,17.2,10.6
1980,85,74,1739,50,15.5,15.2,9.9
1981,85,67,1781,52,14.1,14.5,8.2
1982,86,65,1816,53,14.1,14.5,12.3
1983,86,65,1852,54,14.1,14.5,11.3
1984,86,65,1892,55,14.6,14.5,10.7
1985,86,66,1933,56,14.6,14.5,9.0
1986,86,67,1977,57,14.6,14.5,13.8
1987,86,68,2021,59,14.6,14.5,12.8
1988,86,67,2068,60,14.1,14.1,6.7
1989,86,63,2114,61,14.1,13.7,6.9
1990,86,63,2155,63,13.6,13.7,1.6
1991,86,61,2190,64,14.1,13.7,3.0
1992,86,46,2216,64,9.4,5.1,2.9
1993,86,23,2194,64,7.5,0.0,0.7
1994,85,33,2191,64,10.4,0.0,1.2
1995,85,36,2168,63,10.4,0.0,-0.8
1996,85,36,2147,63,10.4,0.0,-3.8
1997,85,35,2138,62,10.4,0.0,-7.0
1998,85,40,2127,62,10.4,0.0,-4.8
1999,85,39,2107,62,10.4,0.0,-3.8
2000,84,34,2085,61,9.9,0.0,-4.9
2001,84,32,2076,61,8.9,0.0,-1.3
2002,84,29,2094,61,9.9,9.4,-3.8
2003,84,63,2142,61,16.0,16.4,-3.6
2004,84,69,2169,63,16.5,16.8,-3.1
2005,84,68,2222,64,16.5,16.8,-1.4
2006,83,61,2268,66,14.1,13.3,1.9
2007,83,43,1945,66,9.9,7.4,3.4
2008,83,24,1764,66,6.6,0.0,4.4
2009,83,29,1743,65,8.5,0.0,8.6
2010,83,31,1718,65,8.5,0.0,8.4
2011,83,32,1693,64,8.5,0.0,5.6
2012,83,30,1661,63,8.0,0.0,8.7
2013,83,31,1624,62,8.0,0.0,11.7
2014,83,30,1613,61,8.0,0.0,11.6
2015,83,63,1862,60,16.5,16.4,11.8
2016,83,80,2024,61,19.7,17.6,13.8
2017,83,82,2055,62,20.2,17.6,10.9
2018,83,80,2049,62,19.3,17.6,6.4
2019,83,79,2045,63,18.8,17.6,10.0
2020,83,79,2042,64,18.8,17.6,10.1
2021,83,76,1827,64,15.5,12.1,3.9
2022,83,27,1627,63,6.1,0.0,2.3
2023,83,28,1618,61,8.0,0.0,2.3
2024,83,29,1577,59,7.5,0.4,2.3
2025,83,31,1584,58,8.0,0.8,-4.1
2026,83,34,1553,57,8.0,1.6,-1.3
2027,83,42,1936,55,11.8,11.3,-4.5
2028,83,70,2083,55,16.5,15.6,-9.2
2029,83,73,1975,55,16.5,16.0,-9.6
2030,83,71,1928,55,16.5,16.0,-9.1
2031,83,71,1931,56,16.5,16.0,-6.6
2032,83,71,1937,56,16.5,16.0,-9.0
2033,83,71,1942,56,16.0,16.0,-12.8
2034,83,71,1946,56,16.0,16.0,-7.8
2035,83,70,1948,56,15.5,16.0,-6.1
2036,83,70,1953,57,15.5,16.0,-1.6
2037,84,70,1960,57,15.5,16.0,-3.4
2038,84,70,1970,57,15.5,16.0,0.9
2039,84,70,1984,58,15.5,16.0,2.5
2040,84,70,1999,58,15.5,16.0,0.5
2041,84,71,2017,58,15.5,16.0,1.1
2042,84,70,2035,59,15.5,16.0,0.5
2043,84,70,2055,60,15.0,16.0,0.5
2044,84,69,2076,60,15.0,16.0,1.2
2045,84,68,2099,61,15.0,16.0,1.2
2046,84,68,2124,62,15.0,16.0,1.9
2047,84,67,2146,62,14.6,15.2,-0.5
2048,84,66,2173,63,14.6,15.2,4.3
2049,84,63,2197,64,14.1,14.1,6.4
2050,84,60,2218,65,13.6,13.7,6.5
2051,85,60,2244,65,13.6,13.7,4.5
2052,85,60,2270,66,13.6,13.7,5.9
2053,85,63,2063,67,14.1,13.7,7.0
2054,85,66,1900,68,14.1,13.7,5.6
2055,85,65,1856,69,13.6,13.7,3.8
2056,84,59,1854,69,12.2,12.1,3.4
2057,84,64,1886,70,15.0,16.0,0.2
2058,84,83,1909,71,20.2,19.5,-1.6
2059,84,84,1941,73,20.2,19.5,2.0
2060,84,81,1974,74,18.8,19.5,1.3
2061,84,80,2007,75,18.8,19.5,1.0
2062,84,79,2038,76,18.3,19.5,-0.2
2063,84,78,2068,78,18.3,19.5,1.2
2064,84,77,2097,79,18.3,19.5,2.3
2065,84,76,2127,80,17.9,19.5,1.7
2066,84,76,2153,81,17.9,19.5,1.1
2067,84,75,2182,82,17.9,19.5,1.2
2068,84,48,2188,82,9.9,5.5,0.4
2069,85,22,2160,81,7.5,0.0,2.4
2070,84,33,2136,81,10.4,0.0,4.6
2071,84,35,2098,79,9.9,0.0,2.3
2072,84,34,2060,78,9.9,0.0,5.9
2073,84,34,2012,77,9.4,0.0,5.5
2074,84,33,1960,75,9.4,0.0,7.3
2075,84,32,1919,73,9.4,0.0,7.2
2076,84,30,1861,71,8.9,0.0,7.3
2077,84,30,1798,68,8.5,0.0,4.8
2078,83,29,1753,66,8.5,0.0,9.4
2079,83,30,1708,65,8.0,0.0,7.7
2080,82,30,1677,64,8.0,0.0,7.9
2081,82,42,1750,63,12.2,13.3,9.9
2082,82,70,1792,64,15.0,14.1,11.0
2083,82,40,1696,64,8.0,2.7,10.7
2084,82,23,1665,63,7.1,0.0,8.0
2085,82,29,1645,62,8.0,0.0,9.1
2086,82,30,1612,61,7.5,0.0,8.9
2087,82,29,1604,60,7.1,0.4,8.1
2088,82,30,1635,60,8.0,0.8,8.1
2089,82,31,1637,60,8.5,0.8,8.1
2090,82,32,1632,59,8.5,0.8,10.6
2091,82,32,1627,59,8.5,3.1,10.8
2092,82,33,1625,59,8.9,3.1,10.2
2093,82,34,1621,59,8.9,3.1,5.9
2094,82,34,1617,59,8.9,3.1,7.0
2095,82,34,1612,58,8.9,3.1,6.9
2096,82,35,1607,58,8.9,3.1,8.3
2097,82,35,1603,58,8.9,3.1,8.4
2098,82,35,1601,58,8.9,3.1,4.4
2099,83,35,1597,58,8.5,3.1,4.4
2100,83,35,1595,58,8.9,4.3,6.0
2101,83,46,1647,58,10.8,10.2,6.6
2102,83,52,1692,58,11.8,10.5,-0.2
2103,83,50,1687,58,10.8,9.4,3.8
2104,83,47,1669,58,10.4,9.4,4.1
2105,83,46,1669,58,10.4,9.4,3.9
2106,83,47,1672,58,10.4,9.4,1.9
2107,83,47,1673,58,10.4,9.4,1.7
2108,84,68,1854,59,16.0,14.8,1.8
2109,84,76,1971,60,16.9,14.1,0.1
2110,84,62,1842,60,12.7,11.3,0.8
2111,84,51,1758,61,11.3,10.5,2.6
2112,84,43,1647,60,8.5,4.3,0.6
2113,84,27,1252,60,6.1,0.0,-2.0
2114,84,28,1387,59,6.6,0.0,-5.3
2115,84,27,1359,58,6.6,0.0,-6.9
2116,84,26,1282,57,6.1,0.0,-8.6
2117,84,26,1167,56,6.1,0.0,-10.4
2118,84,25,1254,55,5.2,0.0,-12.2
2119,84,22,1318,54,5.2,0.0,-10.3
2120,84,22,1268,53,5.2,0.0,-11.1
2121,84,22,1212,52,4.7,0.0,-11.0
2122,84,23,1131,51,4.7,0.0,-11.0
2123,84,24,1054,50,4.7,0.0,-10.9
2124,84,25,1009,49,4.7,0.0,-10.0
2125,84,26,967,48,4.7,0.0,-9.4
2126,84,27,916,47,4.7,0.0,-10.2
2127,84,28,902,46,4.7,0.0,-11.8
2128,84,28,894,45,4.7,0.0,-9.3
2129,84,29,894,44,4.7,0.0,-9.9
2130,84,29,891,43,5.2,0.0,-9.9
2131,84,30,917,42,5.7,0.0,-9.9
2132,84,64,1701,42,17.4,22.7,-9.9
2133,84,94,2097,44,43.2,25.8,-7.5
2134,84,99,2243,46,99.1,25.8,-11.0
2135,84,98,2279,49,81.7,23.0,-13.3
2136,84,87,2006,51,22.1,17.6,-13.2
2137,84,72,1866,52,15.5,17.6,-12.1
2138,84,64,1851,53,13.2,14.5,-11.5
2139,84,35,1847,53,8.5,7.8,-11.0
2140,84,29,1838,53,8.5,9.4,-8.8
2141,84,39,1833,53,11.3,12.5,-3.8
2142,84,68,1859,54,15.5,18.0,-2.9
2143,84,71,1895,55,16.0,18.4,-2.7
2144,84,70,1934,56,16.0,18.4,1.1
2145,84,71,1971,57,16.0,18.4,1.4
2146,84,72,2007,58,16.5,18.4,0.4
2147,84,73,2044,59,16.5,18.4,-1.4
2148,84,72,2078,60,16.5,18.4,-1.6
2149,84,71,2113,61,16.5,18.4,1.2
2150,84,71,2143,62,16.5,18.4,2.9
2151,84,70,2174,63,16.5,18.4,1.6
2152,84,69,2207,64,16.5,18.4,-0.7
2153,84,69,2237,65,16.5,18.4,2.1
2154,84,48,2250,65,10.4,7.0,2.7
2155,84,21,2206,65,7.1,0.0,4.0
2156,84,33,2166,63,10.4,0.0,4.5
2157,84,35,2118,62,10.4,0.0,3.3
2158,84,35,2074,61,9.9,0.0,1.2
2159,84,28,2063,60,8.0,4.7,5.4
2160,84,28,2051,60,8.9,8.6,2.6
2161,84,44,2050,59,12.7,12.9,1.6
2162,84,68,2073,60,15.5,15.2,0.3
2163,84,69,2106,61,15.5,15.2,0.2
2164,84,66,2136,62,15.5,15.2,0.0
2165,84,67,2165,63,15.5,15.6,0.0
2166,84,61,2184,63,13.6,13.3,2.0
2167,84,58,2195,64,13.2,12.9,1.9
2168,84,58,2202,64,13.2,12.9,2.0
2169,84,58,2210,64,13.2,12.9,2.2
2170,84,57,2218,64,13.2,12.9,-1.8
2171,84,57,2226,65,13.2,12.9,1.1
2172,84,57,2235,65,12.7,12.9,1.0
2173,84,57,2241,65,12.7,12.9,0.0
2174,84,57,2246,65,12.7,12.9,0.6
2175,84,57,2251,65,12.7,12.9,0.8
2176,84,57,2255,65,12.7,12.9,0.7
2177,84,57,2259,66,12.7,12.9,0.8
2178,84,57,2264,66,12.7,12.9,1.0
2179,84,56,2269,66,12.7,12.9,0.9
2180,84,60,2001,66,12.7,12.9,0.9
2181,84,62,1853,66,13.2,12.9,1.1
2182,84,61,1800,67,12.7,12.9,0.9
2183,84,59,1785,67,11.8,10.9,0.8
2184,84,28,1756,66,6.6,0.0,0.8
2185,84,26,1733,66,7.5,0.0,0.9
2186,84,27,1716,65,7.5,2.3,0.8
2187,84,24,1691,64,7.5,0.0,0.9
2188,84,30,1660,63,8.0,0.0,1.0
2189,84,31,1621,62,8.0,0.0,1.2
2190,84,29,1606,61,7.5,1.2,4.3
2191,84,31,1608,60,8.5,3.9,4.1
2192,84,34,1591,60,8.5,3.9,3.3
2193,84,35,1580,59,8.5,5.5,3.1
2194,84,83,1614,59,28.2,21.9,1.9
2195,84,98,1614,60,45.1,22.7,2.3
2196,84,98,1645,62,43.2,22.7,3.3
2197,84,98,1675,63,40.9,22.7,2.3
2198,84,98,1707,64,42.7,22.7,2.5
2199,84,98,1737,65,40.9,22.7,4.8
2200,84,97,1768,66,36.6,21.9,5.4
2201,84,94,1799,67,27.3,19.5,0.1
2202,84,84,1825,68,19.3,16.4,-1.0
2203,84,72,1844,69,15.5,16.4,1.2
2204,84,71,1861,70,15.5,16.4,-0.5
2205,85,49,1864,70,8.9,4.7,-0.5
2206,85,22,1823,69,7.1,0.0,0.9
2207,85,29,1797,68,8.5,0.0,0.5
2208,85,30,1763,67,8.5,0.0,1.4
2209,85,30,1731,66,8.0,0.0,1.2
2210,85,30,1697,64,8.0,0.0,-0.2
2211,85,30,1669,63,7.5,0.0,0.6
2212,85,30,1642,62,7.5,0.0,0.5
2213,85,30,1611,61,7.5,0.0,0.5
2214,85,30,1579,60,7.5,0.0,0.5
2215,84,31,1557,59,7.5,0.0,1.9
2216,84,31,1526,58,7.1,0.0,0.5
2217,84,30,1492,57,7.1,0.0,0.0
2218,84,29,1744,55,8.0,0.0,0.1
2219,84,29,1880,54,8.9,5.9,0.1
2220,83,55,1882,55,14.1,14.8,1.3
2221,83,67,1910,55,15.5,15.6,1.1
2222,83,69,1946,56,16.0,15.6,0.1
2223,83,70,1982,57,16.0,15.6,0.2
2224,82,70,2016,58,16.0,15.6,1.6
2225,82,69,2046,59,15.5,15.6,0.2
2226,82,68,2076,60,15.5,15.6,0.1
2227,82,67,2104,61,15.5,15.6,0.1
2228,82,66,2130,62,15.5,15.6,1.2
2229,82,66,2152,62,15.5,15.6,0.8
2230,82,68,2177,63,16.0,16.8,1.1
2231,82,72,2208,64,17.4,19.5,0.5
2232,83,72,2240,65,17.9,19.5,0.6
2233,83,72,2269,66,17.9,19.5,0.6
2234,83,72,2291,67,17.9,19.5,-0.6
2235,83,69,2314,67,16.9,18.0,-0.8
2236,83,68,2331,68,16.5,17.6,-0.3
2237,84,69,2070,68,15.5,15.2,3.0
2238,84,72,1908,68,15.5,14.8,-1.4
2239,84,71,1842,68,15.0,14.8,1.6
2240,84,68,1824,68,14.6,14.8,1.6
2241,84,68,1825,68,14.1,14.8,6.3
2242,84,68,1828,69,14.1,14.5,3.0
2243,84,39,1803,68,7.1,0.4,3.4
2244,84,23,1758,67,7.5,0.0,1.3
2245,84,29,1665,63,8.0,0.0,5.9
2246,84,29,1284,56,6.6,0.0,4.8
2247,84,30,1308,49,6.6,0.0,1.6
2248,84,28,1264,42,6.6,0.0,1.6
2249,84,31,1040,35,6.6,0.0,1.8
2250,85,38,944,27,6.6,0.0,1.2
2251,85,40,889,19,6.6,0.0,-0.9
2252,85,49,891,11,8.5,0.0,-1.0
2253,85,56,843,7,7.5,0.0,0.1
2254,85,49,826,6,7.1,0.0,4.1
2255,85,46,834,6,7.1,0.0,12.1
2256,85,45,835,5,6.6,0.0,22.1
2257,85,45,838,5,6.6,0.0,18.5
2258,85,49,767,4,7.5,0.0,3.4
2259,85,58,769,2,7.5,0.0,3.0
2260,85,57,734,0,7.1,0.0,3.0
2261,85,56,674,0,6.6,0.0,3.0
2262,85,57,663,0,6.6,0.0,3.0
2263,86,56,670,0,6.6,0.0,2.0
2264,86,56,665,0,6.6,0.0,2.0
2265,86,57,669,0,7.1,0.0,2.0
2266,86,57,669,0,6.6,0.0,2.0
2267,86,56,669,0,6.6,0.0,2.0
2268,86,56,672,0,6.6,0.0,2.0
2269,86,56,669,0,6.6,0.0,2.2
2270,86,56,671,0,6.6,0.0,2.2
2271,87,56,669,0,6.6,0.0,2.2
2272,87,55,668,0,6.6,0.0,2.2
2273,87,56,667,0,6.6,0.0,2.0
2274,87,56,667,0,6.6,0.0,2.3
2275,87,57,669,0,6.6,0.0,2.0
2276,87,56,671,0,6.6,0.0,2.2
2277,87,56,671,0,6.6,0.0,2.0
2278,87,55,678,0,6.6,0.0,1.9
2279,87,70,977,0,16.5,11.7,-3.8
2280,87,94,2059,9,34.8,23.0,-1.0
2281,87,51,2379,15,12.2,7.0,-0.7
2282,87,26,1561,15,7.1,0.0,-0.7
2283,87,32,1190,12,7.1,0.0,3.8
2284,87,40,943,9,7.5,0.0,4.1
2285,86,51,856,6,7.5,0.0,4.3
2286,86,50,841,5,7.1,0.0,3.9
2287,86,50,941,5,8.0,1.2,0.0
2288,85,51,1112,6,8.5,2.0,0.0
2289,85,48,1225,7,8.0,2.0,0.0
2290,84,43,1304,8,8.0,2.0,0.0
2291,84,38,1254,8,7.1,0.4,-0.2
2292,84,43,1121,8,8.5,3.1,-0.2
2293,84,43,1399,8,8.5,3.5,-2.3
2294,84,42,1447,9,8.5,3.5,-3.5
2295,84,40,1481,9,8.5,3.5,-3.0
2296,84,38,1517,9,8.0,3.5,-3.8
2297,84,35,1539,10,7.5,2.3,-7.0
2298,84,31,1235,10,6.6,0.0,2.2
2299,84,39,1221,10,8.0,1.6,2.4
2300,84,40,1638,10,8.9,6.2,1.2
2301,84,33,1497,10,7.1,0.0,3.0
2302,84,33,1169,10,7.1,0.0,3.2
2303,84,37,1025,10,6.6,0.0,3.0
2304,84,39,959,10,7.1,0.0,2.8
2305,84,42,1351,10,8.5,3.9,2.6
2306,84,59,1929,12,14.6,16.0,-0.5
2307,84,63,2130,15,13.6,12.5,-5.1
2308,84,32,1607,17,7.1,0.0,-8.9
2309,84,29,1567,16,7.1,0.4,-6.7
2310,84,42,1697,17,11.8,12.9,-0.6
2311,84,70,2005,19,15.5,15.6,0.4
2312,84,61,2139,22,13.6,13.3,-0.1
2313,84,64,1781,24,13.6,13.3,-3.7
2314,84,66,1734,26,13.6,13.3,-7.0
2315,84,62,1803,28,13.2,13.3,-4.6
2316,84,47,1887,29,9.9,4.3,-2.4
2317,84,33,1669,30,8.9,0.0,1.1
2318,84,42,1516,30,8.9,4.7,0.4
2319,84,39,1498,30,8.5,5.5,-1.3
2320,84,36,1417,30,7.1,2.0,-3.9
2321,84,32,1446,29,7.1,2.0,-3.7
2322,84,32,1452,29,6.6,2.0,-3.0
2323,84,31,1393,29,7.5,3.5,-3.0
2324,84,29,1289,29,5.7,0.0,1.7
2325,84,29,1014,28,5.7,0.0,-1.6
2326,84,34,933,27,6.1,0.0,-1.8
2327,84,35,900,26,5.7,0.0,-1.6
2328,84,37,868,24,6.1,0.0,-2.0
2329,84,37,876,23,5.7,0.0,-2.0
2330,84,36,1134,23,7.1,0.0,-1.7
2331,84,33,1211,22,7.1,0.0,-1.6
2332,84,33,1179,21,6.6,0.0,-2.2
2333,84,34,1134,20,6.6,0.0,-5.5
2334,84,35,1102,19,6.6,0.0,-2.5
2335,84,36,1063,18,7.1,0.0,-1.8
2336,84,40,999,15,7.1,0.0,-1.6
2337,84,48,913,13,7.5,0.0,-3.1
2338,84,52,857,11,7.1,0.0,-3.1
2339,84,54,833,9,7.5,0.0,-1.9
2340,84,56,821,5,7.1,0.0,-1.6
2341,84,55,786,3,7.1,0.0,-1.6
2342,84,56,772,0,7.1,0.0,-1.6
2343,84,55,704,0,6.6,0.0,-2.0
2344,84,55,670,0,6.6,0.0,-1.6
2345,85,56,663,0,6.6,0.0,-1.6
2346,85,57,665,0,6.6,0.0,-2.0
2347,85,56,673,0,6.6,0.0,-2.0
2348,85,55,671,0,6.6,0.0,-1.7
2349,85,55,669,0,6.6,0.0,-1.9
2350,85,55,671,0,6.6,0.0,-1.9
2351,85,55,670,0,6.6,0.0,-1.8
2352,85,56,667,0,6.6,0.0,-1.6
2353,86,56,669,0,6.6,0.0,-1.6
2354,86,56,713,0,7.1,0.0,-1.6
2355,86,59,1017,3,9.4,4.3,-1.6
2356,86,55,1157,5,8.9,4.7,0.1
2357,86,51,1306,7,8.9,6.6,0.1
2358,86,60,1648,9,13.2,14.5,0.1
2359,86,48,1964,12,9.4,2.7,0.1
2360,86,34,1510,13,8.0,0.8,0.4
2361,86,35,1349,14,7.1,0.4,0.1
2362,86,30,1191,13,6.6,0.0,-2.0
2363,86,30,1036,13,6.6,0.0,-2.7
2364,86,33,957,12,6.1,0.0,-4.8
2365,85,37,876,9,6.6,0.0,-5.2
2366,85,46,811,6,7.1,0.0,-10.2
2367,85,48,790,4,7.1,0.0,-8.8
2368,84,54,781,0,7.1,0.0,-8.4
2369,84,53,708,0,7.1,0.0,-7.0
2370,84,52,669,0,6.6,0.0,-6.6
2371,84,53,701,0,6.6,0.0,-7.5
2372,84,59,989,2,9.4,6.2,-8.2
2373,84,56,1293,6,9.9,7.8,-2.3
2374,84,58,1536,9,12.2,12.9,-2.0
2375,84,65,2027,12,15.0,14.5,-2.0
2376,84,66,1850,16,14.6,14.5,-1.9
2377,84,62,1956,19,13.2,12.1,-2.1
2378,84,32,1748,20,7.1,0.0,2.7
2379,84,46,1408,20,10.4,6.2,8.8
2380,84,50,1460,21,9.9,3.9,-6.1
2381,84,39,1383,21,8.0,0.0,-3.0
2382,84,34,1339,21,7.5,0.0,-0.9
2383,84,34,1276,20,7.1,0.0,-0.8
2384,84,34,1181,19,7.1,0.0,-3.0
2385,84,35,1112,18,7.1,0.0,-2.5
2386,84,35,1073,18,7.1,0.0,-2.3
2387,84,35,1047,17,7.1,0.0,-2.3
2388,84,35,1020,17,6.6,0.0,-2.3
2389,84,39,961,14,7.1,0.0,-2.5
2390,84,49,883,11,8.0,0.0,-2.5
2391,84,52,831,10,7.5,0.0,-2.3
2392,84,53,839,9,7.5,0.0,-2.3
2393,84,53,841,10,7.5,0.0,-2.3
2394,84,53,834,10,7.1,0.0,-2.3
2395,84,55,1061,11,9.4,5.1,0.1
2396,84,61,1270,12,11.3,9.8,0.3
2397,84,55,1238,14,8.9,3.9,0.1
2398,84,43,967,14,7.1,0.0,-2.3
2399,84,41,929,14,7.1,0.0,-2.0
2400,84,41,917,14,7.1,0.0,-1.7
2401,84,44,998,14,8.0,1.6,0.1
2402,84,47,1043,14,7.5,1.2,3.7
2403,84,40,945,14,6.6,0.0,3.7
2404,84,41,900,13,7.1,0.0,5.9
2405,84,49,850,11,7.5,0.0,2.4
2406,84,51,838,11,7.1,0.0,2.3
2407,85,51,835,11,7.1,0.0,2.3
2408,85,52,832,10,7.5,0.0,1.9
2409,85,54,832,7,7.5,0.0,2.2
2410,85,53,803,4,7.1,0.0,1.9
2411,85,55,790,2,7.1,0.0,1.9
2412,85,55,747,0,6.6,0.0,1.9
2413,85,54,680,0,6.6,0.0,4.5
2414,85,55,668,0,6.6,0.0,3.7
2415,85,55,659,0,7.1,0.0,0.1
2416,85,56,666,0,6.6,0.0,-0.5
2417,86,56,668,0,6.6,0.0,-1.0
2418,86,55,669,0,6.6,0.0,-0.9
2419,86,56,669,0,6.6,0.0,-1.1
2420,86,55,667,0,6.6,0.0,-0.9
2421,86,56,692,0,7.1,0.0,-3.5
2422,86,59,823,1,8.5,1.2,-4.9
2423,86,60,1261,5,10.4,7.4,-5.0
2424,86,52,1333,7,8.5,4.7,-5.4
2425,86,36,1062,8,6.1,0.0,-5.3
2426,86,42,852,8,7.1,0.0,-5.2
2427,86,45,828,8,7.1,0.0,-4.9
2428,87,46,805,7,7.1,0.0,1.9
2429,87,49,790,5,7.1,0.0,1.9
2430,86,52,767,3,7.5,0.0,2.2
2431,86,58,770,1,8.0,0.0,2.3
2432,86,58,731,0,7.1,0.0,2.0
2433,86,58,709,2,7.5,0.0,2.2
2434,86,57,763,3,7.1,0.0,2.2
2435,86,54,762,4,7.1,0.0,1.9
2436,86,58,1003,5,9.9,9.0,5.8
2437,86,59,1371,7,11.3,10.2,10.2
2438,86,50,1559,9,10.4,10.2,15.2
2439,86,39,1594,10,8.0,2.0,4.1
2440,86,32,1099,7,6.6,0.0,-7.1
2441,86,51,812,4,8.5,0.0,-7.1
2442,85,59,811,1,8.0,0.0,-7.0
2443,85,58,736,0,7.1,0.0,-6.8
2444,85,57,685,0,7.1,0.0,-7.0
2445,85,56,667,0,7.1,0.0,-6.7
2446,85,57,669,0,7.1,0.0,-6.8
2447,85,56,677,0,7.1,0.0,-6.8
2448,85,56,669,0,7.1,0.0,-6.8
2449,85,55,710,0,7.1,0.0,-6.3
2450,85,55,744,2,7.1,0.0,-2.8
2451,85,55,746,0,7.1,0.0,-5.2
2452,85,54,682,0,7.1,0.0,-7.1
2453,85,56,669,0,7.1,0.0,-7.2
2454,85,56,664,0,6.6,0.0,-7.2
2455,85,56,661,0,7.1,0.0,-7.1
2456,85,57,664,0,7.1,0.0,-7.0
2457,85,56,671,0,6.6,0.0,-7.0
2458,85,56,672,0,6.6,0.0,-7.5
2459,85,56,671,0,6.6,0.0,-8.1
2460,85,56,670,0,7.1,0.0,-8.1
2461,85,55,673,0,6.6,0.0,-8.6
2462,85,56,666,0,6.6,0.0,-8.5
2463,86,56,669,0,6.6,0.0,-8.4
2464,86,56,668,0,7.1,0.0,-8.6
2465,86,57,664,0,7.1,0.0,-8.1
2466,86,57,667,0,7.1,0.0,-8.3
2467,86,56,673,0,6.6,0.0,-8.1
2468,86,56,672,0,6.6,0.0,-8.2
2469,86,56,667,0,6.6,0.0,-8.1
2470,86,56,674,0,6.6,0.0,-8.4
2471,86,56,668,0,7.1,0.0,-8.0
2472,86,56,666,0,6.6,0.0,-8.1
2473,87,56,678,0,7.1,0.0,2.7
2474,87,56,731,0,7.1,0.0,2.3
2475,87,56,765,2,7.1,0.0,2.3
2476,87,58,989,4,8.9,2.7,2.4
2477,87,50,1050,6,7.1,1.2,13.9
2478,87,41,875,6,6.6,0.0,17.4
2479,87,45,810,6,6.6,0.0,16.4
2480,87,48,787,5,7.1,0.0,3.4
2481,87,49,789,4,7.1,0.0,-5.9
2482,87,50,772,4,7.1,0.0,-7.7
2483,87,54,789,4,7.1,0.0,-6.8
2484,87,53,801,4,7.1,0.0,1.5
2485,87,50,810,4,7.1,0.0,1.5
2486,87,50,824,5,7.1,0.0,1.3
2487,87,48,838,5,7.1,0.0,1.5
2488,87,47,845,5,7.1,0.0,-0.9
2489,87,50,936,5,8.5,5.1,-2.2
2490,87,56,1276,7,10.4,8.2,-5.4
2491,86,41,1247,8,6.6,0.0,-5.6
2492,86,37,915,8,6.6,0.0,-5.4
2493,86,42,870,8,7.1,0.0,-3.6
2494,86,44,857,8,7.1,0.0,0.5
2495,86,44,849,8,7.1,0.0,4.8
2496,86,44,856,7,7.1,0.0,3.2
2497,85,46,1101,7,8.5,4.3,3.4
2498,85,38,1156,8,6.6,0.4,3.8
2499,85,38,893,8,6.6,0.0,4.2
2500,85,43,844,7,7.1,0.0,0.9
2501,85,45,812,7,7.1,0.0,-1.2
2502,85,45,826,7,7.1,0.0,-4.1
2503,85,50,1187,7,9.9,9.0,-3.5
2504,85,40,1277,8,7.1,0.4,-3.0
2505,85,36,910,8,6.6,0.0,-3.1
2506,85,43,856,8,7.1,0.0,4.1
2507,85,50,1049,8,9.4,7.0,1.8
2508,84,57,1832,11,12.7,10.2,1.8
2509,84,33,1671,12,9.4,4.3,1.9
2510,84,45,1382,13,8.9,4.3,1.8
2511,84,42,1410,14,8.9,4.3,6.2
2512,84,41,1449,14,8.9,4.3,6.2
2513,84,39,1478,15,8.9,4.3,6.2
2514,84,38,1497,15,8.9,4.3,-0.9
2515,84,47,1595,16,11.3,11.3,-0.9
2516,84,54,1776,17,12.2,12.1,-0.8
2517,84,54,1911,19,12.7,12.1,-1.7
2518,84,41,1896,20,8.5,2.7,-2.0
2519,84,29,1404,20,7.5,0.0,2.3
2520,83,35,1311,20,8.0,0.0,2.2
2521,83,35,1278,20,7.5,0.0,2.7
2522,83,36,1221,19,7.1,0.0,2.7
2523,83,36,1147,18,7.1,0.0,0.4
2524,83,36,1074,17,7.1,0.0,0.0
2525,83,38,997,15,7.1,0.0,-1.5
2526,83,42,947,14,7.1,0.0,-5.4
2527,83,46,889,12,7.1,0.0,1.6
2528,83,50,847,11,7.5,0.0,3.5
2529,83,52,837,10,7.5,0.0,4.0
2530,83,53,826,8,7.5,0.0,3.1
2531,83,51,836,7,7.1,0.0,2.6
2532,83,46,915,6,7.5,0.0,0.1
2533,84,47,1254,7,9.4,9.0,-0.5
2534,84,68,1742,10,15.0,17.6,1.8
2535,84,69,2349,14,17.9,18.4,2.0
2536,84,61,2031,18,13.2,10.5,5.9
2537,84,41,1913,19,11.8,11.3,0.8
2538,84,71,1738,21,16.0,15.2,-1.8
2539,84,77,1747,24,16.5,13.7,2.5
2540,84,40,1664,25,8.0,0.0,-8.6
2541,84,29,1521,25,7.1,0.0,2.4
2542,84,29,1438,24,7.1,0.0,-3.8
2543,84,29,1326,23,7.1,0.0,-15.3
2544,84,31,1200,19,7.1,0.0,-22.1
2545,84,34,1094,18,7.1,0.0,-18.3
2546,84,35,1047,17,7.1,0.0,-6.6
2547,84,35,1016,17,6.6,0.0,14.4
2548,84,35,999,17,6.6,0.0,27.8
2549,84,37,983,16,6.6,0.0,21.3
2550,84,39,966,15,7.1,0.0,24.6
2551,84,42,938,14,7.1,0.0,7.7
2552,84,41,915,14,7.1,0.0,2.6
2553,84,45,872,11,7.5,0.0,2.0
2554,84,53,841,7,7.5,0.0,1.6
2555,84,52,801,5,7.1,0.0,1.5
2556,84,50,807,4,7.1,0.0,1.5
2557,84,46,830,5,7.1,0.0,1.3
2558,84,45,831,5,7.1,0.0,1.2
2559,84,44,838,5,6.6,0.0,1.1
2560,84,44,879,5,7.1,0.0,-1.1
2561,84,44,1005,6,6.6,1.2,-1.7
2562,84,41,961,6,7.5,3.5,-1.9
2563,84,39,1012,6,5.7,0.0,-3.4
2564,84,41,801,5,6.6,0.0,-3.8
2565,84,47,763,4,6.6,0.0,-3.6
2566,84,52,778,4,7.1,0.0,-3.5
2567,84,51,787,4,7.1,0.0,-3.8
2568,84,54,763,3,7.1,0.0,-3.5
2569,84,57,757,0,7.1,0.0,-3.5
2570,85,56,683,0,7.1,0.0,-3.4
2571,85,55,686,0,7.1,0.0,-3.6
2572,85,56,736,0,7.1,0.0,-3.8
2573,85,55,771,3,7.1,0.0,-0.9
2574,85,54,790,4,7.1,0.0,3.2
2575,85,52,795,4,7.1,0.0,1.5
2576,85,52,867,5,7.5,0.0,1.6
2577,85,53,1133,6,8.9,4.3,1.6
2578,85,44,1024,7,7.1,0.0,1.5
2579,85,66,1518,8,14.1,17.6,11.2
2580,86,47,1895,12,9.4,3.9,12.0
2581,86,41,1411,13,9.9,3.9,1.6
2582,86,44,1412,14,8.9,2.7,-3.5
2583,86,36,1294,14,7.1,0.0,-2.4
2584,86,33,1149,13,7.1,0.0,0.1
2585,85,33,1027,13,6.6,0.0,2.6
2586,85,38,1134,12,8.0,2.0,2.4
2587,85,55,1378,13,12.2,13.7,2.4
2588,85,74,1882,16,16.5,13.3,3.0
2589,84,43,1796,18,10.8,9.4,-0.9
2590,84,67,2049,20,15.5,15.2,-7.0
2591,84,67,2267,23,16.0,15.2,-4.6
2592,84,48,1833,24,10.8,7.4,-2.5
2593,84,43,1659,25,9.9,5.1,2.6
2594,84,41,1633,25,9.9,5.1,4.1
2595,84,40,1665,26,9.9,5.1,0.1
2596,83,40,1721,27,9.9,5.1,-1.6
2597,83,38,1795,28,9.9,3.5,-5.6
2598,83,33,1878,29,9.4,1.6,-0.8
2599,83,30,1877,31,8.5,0.4,-1.6
2600,83,43,1602,32,10.8,0.0,-1.6
2601,83,36,1616,33,9.4,0.0,2.9
2602,83,33,1553,32,8.0,0.0,3.2
2603,83,30,1345,30,7.1,0.0,3.3
2604,83,28,1193,28,6.1,0.0,-3.8
2605,83,34,1040,27,7.1,0.0,1.2
2606,83,34,1110,28,7.1,0.0,1.9
2607,83,31,1065,29,6.6,0.0,2.7
2608,83,31,997,29,6.1,0.0,3.1
2609,83,32,938,27,6.1,0.0,4.3
2610,83,35,883,23,6.1,0.0,-4.7
2611,83,37,944,19,6.6,0.0,-2.4
2612,83,35,1065,19,6.6,0.0,-7.4
2613,83,34,1077,19,6.6,0.0,1.4
2614,83,34,1062,18,7.1,0.0,4.2
2615,83,41,951,13,8.0,0.0,2.4
2616,84,52,862,8,8.0,0.0,2.3
2617,84,50,831,7,7.1,0.0,2.3
2618,84,46,795,5,7.1,0.0,2.3
2619,84,45,791,6,6.6,0.0,-0.3
2620,84,44,796,7,6.6,0.0,-1.4
2621,84,44,808,8,6.6,0.0,-0.6
2622,84,44,813,9,6.6,0.0,-0.5
2623,84,43,821,10,6.6,0.0,0.2
2624,84,43,825,11,6.6,0.0,6.3
2625,84,40,855,12,6.1,0.0,17.7
2626,85,39,853,12,6.1,0.0,17.0
2627,85,38,852,12,6.1,0.0,14.6
2628,85,37,848,12,6.1,0.0,24.6
2629,85,37,848,12,6.1,0.0,35.4
2630,85,37,848,12,6.1,0.0,50.1
2631,85,38,826,10,6.1,0.0,26.1
2632,85,43,796,8,6.6,0.0,18.3
2633,86,46,789,7,6.6,0.0,22.7
2634,86,44,790,7,6.6,0.0,24.3
2635,86,45,788,7,6.6,0.0,27.9
2636,86,46,786,6,6.6,0.0,47.0
2637,86,45,793,6,6.6,0.0,47.2
2638,86,44,796,6,6.6,0.0,46.9
2639,86,44,797,7,6.6,0.0,40.5
2640,86,44,810,7,6.6,0.0,14.2
2641,86,47,999,7,8.5,4.3,8.8
2642,86,60,1654,9,13.2,12.9,15.6
2643,86,35,1630,12,7.5,0.0,23.9
2644,86,36,1045,12,6.6,0.0,32.0
2645,86,34,932,12,6.6,0.0,26.6
2646,86,37,898,11,6.6,0.0,26.6
2647,85,47,1176,11,9.4,8.2,26.5
2648,85,42,1100,11,6.6,0.0,26.6
2649,85,34,911,11,6.1,0.0,18.7
2650,85,36,869,10,6.6,0.0,5.9
2651,85,39,846,9,6.6,0.0,-1.7
2652,84,41,837,9,6.6,0.0,-2.0
2653,84,43,814,8,6.6,0.0,-10.6
2654,84,47,794,7,7.1,0.0,-9.9
2655,84,47,778,5,7.1,0.0,-8.9
2656,84,52,770,4,7.1,0.0,-7.9
2657,84,53,770,4,7.1,0.0,-7.7
2658,84,52,799,4,7.1,0.0,-7.8
2659,84,54,1030,5,8.5,3.9,-7.5
2660,84,44,1028,6,8.0,3.1,-6.4
2661,84,50,1209,7,9.4,7.4,-3.6
2662,84,54,1477,8,10.8,10.9,-4.9
2663,84,49,1731,10,11.3,11.3,-17.1
2664,84,48,1690,12,11.8,11.3,-29.1
2665,84,64,1558,14,13.2,12.9,-29.8
2666,84,66,1791,16,15.0,14.8,-28.4
2667,84,66,1940,19,15.0,15.2,-34.5
2668,84,65,2138,22,15.0,14.8,-43.8
2669,84,40,1806,23,8.0,0.8,-34.4
2670,84,35,1523,23,8.5,0.4,-13.1
2671,84,47,1607,23,11.3,9.8,-17.2
2672,84,48,1646,24,10.8,5.9,-6.1
2673,83,81,1973,26,22.6,21.5,0.0
2674,83,89,2185,29,24.9,17.2,0.0
2675,83,79,2260,32,20.2,17.2,-0.3
2676,83,73,2314,34,18.8,17.2,-0.9
2677,83,77,2034,35,18.8,17.2,0.1
2678,83,53,1841,36,10.4,5.9,2.1
2679,83,23,1671,36,6.6,0.0,2.4
2680,83,29,1634,34,8.0,0.0,4.8
2681,83,30,1533,32,7.5,0.0,1.6
2682,83,29,1382,29,6.6,0.0,-7.9
2683,83,29,1026,23,6.1,0.0,-42.2
2684,83,37,1007,17,7.1,0.0,-117.1
2685,83,44,995,14,7.5,0.0,-264.2
2686,83,45,929,12,7.1,0.0,-208.8
2687,84,44,893,12,7.1,0.0,-55.0
2688,84,53,1020,13,10.8,7.4,-37.6
2689,84,89,1904,15,24.9,24.6,-2.0
2690,84,83,2131,20,21.6,18.0,4.3
2691,84,63,2134,23,14.6,14.8,2.6
2692,84,73,1795,25,16.5,18.0,-4.8
2693,84,78,1807,28,17.4,19.1,-5.9
2694,84,76,1931,30,17.9,21.1,-1.6
2695,84,77,2089,33,18.3,21.9,-3.4
2696,84,75,2248,35,18.8,20.7,-3.5
2697,84,64,2273,37,16.0,16.0,-3.7
2698,84,61,1936,39,12.2,10.2,6.6
2699,84,32,1915,39,8.9,7.4,3.6
2700,84,34,1923,39,9.9,8.2,5.1
2701,84,36,1925,40,9.9,7.4,0.5
2702,84,27,1863,40,7.1,0.0,-0.5
2703,84,27,1893,39,8.9,0.0,0.0
2704,84,31,1852,39,9.4,0.0,0.3
2705,84,30,1828,38,8.9,0.0,3.9
2706,84,30,1788,37,8.9,0.0,2.1
2707,84,30,1737,37,8.5,0.0,1.4
2708,84,30,1683,35,8.5,0.0,1.4
2709,83,31,1512,32,7.5,0.0,3.1
2710,83,28,1184,27,6.1,0.0,1.7
2711,83,36,964,22,7.1,0.0,-0.8
2712,83,41,1015,16,8.0,0.0,-0.6
2713,82,50,922,11,8.5,0.0,0.8
2714,82,54,863,8,8.5,0.0,2.0
2715,82,54,848,6,7.5,0.0,9.4
2716,82,49,818,5,7.1,0.0,20.6
2717,82,47,793,5,7.1,0.0,24.9
2718,82,48,784,4,7.1,0.0,15.6
2719,82,51,772,4,7.1,0.0,16.1
2720,82,55,770,3,7.5,0.0,16.3
2721,82,56,749,0,7.1,0.0,16.3
2722,82,55,692,0,7.1,0.0,16.2
2723,82,55,732,2,7.1,0.0,23.8
2724,83,54,750,3,7.1,0.0,28.9
2725,83,54,762,3,7.1,0.0,23.2
2726,83,54,763,2,7.1,0.0,25.7
2727,84,55,727,0,7.1,0.0,25.6
2728,84,55,671,0,6.6,0.0,25.4
2729,84,55,665,0,6.6,0.0,24.3
2730,84,55,668,0,7.1,0.0,23.5
2731,84,55,668,0,7.1,0.0,23.6
2732,84,55,668,0,6.6,0.0,23.6
2733,85,55,666,0,6.6,0.0,23.7
2734,85,55,665,0,7.1,0.0,23.5
2735,85,55,667,0,6.6,0.0,23.2
2736,85,55,667,0,6.6,0.0,22.1
2737,86,55,666,0,6.6,0.0,22.1
2738,86,55,668,0,6.6,0.0,22.0
2739,86,55,668,0,6.6,0.0,22.1
2740,86,55,668,0,7.1,0.0,22.1
2741,86,55,689,0,6.6,0.0,20.3
2742,86,55,735,1,7.1,0.0,20.3
2743,87,55,746,2,7.1,0.0,20.5
2744,87,54,757,3,7.1,0.0,8.9
2745,87,54,806,4,8.0,0.0,-6.6
2746,87,57,1154,5,9.4,6.2,-6.5
2747,87,57,1378,8,10.8,10.2,-2.1
2748,87,59,1775,10,12.7,13.3,14.7
2749,87,63,1949,13,13.6,14.1,11.6
2750,87,67,1832,17,14.6,15.2,8.5
2751,87,67,2014,20,14.6,15.2,5.5
2752,87,59,2154,22,12.7,12.1,2.3
2753,87,51,1791,23,11.8,12.5,1.9
2754,86,61,1697,25,11.8,6.6,3.4
2755,86,53,1804,26,13.2,12.5,12.0
2756,85,70,1997,28,15.0,13.3,14.2
2757,84,65,2064,30,14.1,12.9,18.1
2758,84,62,2042,32,13.2,12.1,18.2
2759,84,51,1693,32,10.4,5.9,18.1
2760,83,33,1512,32,6.6,0.8,12.8
2761,83,25,1460,31,6.1,0.0,11.2
2762,83,27,1432,30,7.1,0.8,4.1
2763,83,32,1398,29,8.0,2.0,6.2
2764,83,36,1372,28,8.0,2.0,2.6
2765,83,39,1377,27,8.9,5.9,3.0
2766,83,49,1418,27,10.4,9.0,3.4
2767,83,58,1467,26,12.2,11.7,1.6
2768,83,80,1837,27,18.8,17.6,1.3
2769,83,81,1930,29,18.8,18.0,1.2
2770,83,79,1962,31,18.3,18.4,1.2
2771,83,79,1982,33,18.3,18.7,1.2
2772,83,78,1838,34,16.9,16.4,0.0
2773,83,58,1723,35,11.3,10.9,-0.9
2774,83,38,1656,35,8.0,4.7,-0.9
2775,84,25,1550,33,6.6,0.0,-0.7
2776,84,31,1537,32,7.5,0.0,5.2
2777,84,35,1519,32,8.9,6.6,5.9
2778,84,45,1522,32,10.4,9.4,24.5
2779,84,55,1548,32,11.8,12.5,36.7
2780,84,62,1603,33,11.3,8.6,18.5
2781,84,34,1601,33,9.4,8.2,9.5
2782,84,54,1624,34,12.2,12.9,12.2
2783,84,76,1674,35,16.0,18.0,10.2
2784,84,76,1760,37,16.5,18.4,13.0
2785,84,73,1844,38,16.0,18.4,-0.5
2786,84,71,1920,40,16.0,18.4,-0.6
2787,85,72,1989,41,16.5,18.4,0.3
2788,84,73,2070,43,16.5,18.7,0.2
2789,84,71,2143,45,16.5,18.7,0.4
2790,84,69,2206,46,15.5,16.4,-2.6
2791,84,31,2060,46,7.1,0.0,-2.7
2792,84,31,1570,45,8.9,0.0,-3.8
2793,84,34,1563,45,8.9,0.0,-3.0
2794,84,33,1526,44,8.0,0.0,-0.5
2795,84,31,1465,43,7.1,0.0,-3.4
2796,84,32,1430,42,7.1,0.0,-7.8
2797,84,31,1377,40,7.1,0.0,-5.3
2798,84,29,1336,39,7.1,0.0,-1.2
2799,84,28,1210,38,6.1,0.0,0.5
2800,84,35,1212,37,8.5,3.9,0.5
2801,84,49,1405,36,10.8,7.8,-2.4
2802,84,55,1427,36,10.8,8.6,-3.2
2803,84,46,1371,36,8.5,0.8,-8.0
2804,84,41,1327,36,8.9,2.0,-10.6
2805,84,41,1313,36,8.5,1.2,-8.1
2806,84,36,1147,35,7.1,0.0,-8.4
2807,84,33,1027,34,6.6,0.0,-4.1
2808,84,32,1037,33,6.1,0.0,-4.1
2809,84,29,1024,31,6.1,0.0,-0.5
2810,84,32,925,27,6.1,0.0,3.4
2811,84,36,874,21,6.1,0.0,30.2
2812,84,42,917,15,7.5,0.0,130.4
2813,84,48,884,14,7.1,0.0,303.4
2814,84,46,890,14,7.1,0.0,313.3
2815,84,51,1053,14,8.9,5.5,236.6
2816,84,52,1147,15,8.0,3.1,-1.0
2817,84,45,1046,15,8.5,3.5,-31.1
2818,84,61,1346,16,11.8,12.5,-30.4
2819,84,68,1553,17,12.2,10.2,9.1
2820,84,40,1221,18,7.1,0.0,20.6
2821,84,35,1078,17,7.1,0.0,56.9
2822,84,37,1007,16,6.6,0.0,72.5
2823,84,40,964,15,7.1,0.0,25.4
2824,84,48,896,10,8.0,0.0,2.7
2825,84,54,852,6,7.1,0.0,4.5
2826,84,54,795,3,7.1,0.0,1.3
2827,84,73,1269,5,15.5,18.4,14.9
2828,84,65,1911,10,14.1,11.3,19.3
2829,84,68,1972,13,15.0,16.4,14.6
2830,85,67,1888,17,14.1,13.3,17.4
2831,85,32,1723,18,6.6,0.0,13.8
2832,85,27,1563,16,7.1,0.0,-53.0
2833,85,31,1199,12,7.1,0.0,-214.8
2834,85,35,1022,10,6.6,0.0,-349.0
2835,84,36,960,9,6.6,0.0,-344.7
2836,84,45,1020,9,9.4,6.6,-88.8
2837,84,71,1649,12,14.1,14.1,156.4
2838,84,36,1321,14,7.1,0.0,269.5
2839,84,31,1172,14,6.6,0.0,254.3
2840,84,32,1032,13,6.6,0.0,233.7
2841,84,34,959,12,6.1,0.0,-7.8
2842,84,35,906,10,6.1,0.0,-29.3
2843,84,37,864,9,6.1,0.0,-19.2
2844,84,40,823,8,6.1,0.0,-2.8
2845,84,47,785,6,7.1,0.0,-2.3
2846,84,52,771,3,7.1,0.0,77.5
2847,84,55,769,3,7.1,0.0,117.5
2848,84,53,783,3,7.1,0.0,94.7
2849,84,64,1260,5,11.3,10.2,2.3
2850,84,40,1201,7,6.1,0.0,-3.7
2851,84,36,901,7,6.6,0.0,-14.2
2852,84,43,820,6,6.6,0.0,-15.3
2853,84,53,766,3,8.0,0.0,-15.3
2854,84,58,767,0,7.5,0.0,-15.1
2855,84,57,712,0,7.1,0.0,-14.9
2856,84,55,669,0,6.6,0.0,-14.7
2857,84,55,662,0,6.6,0.0,-14.9
2858,84,54,666,0,6.6,0.0,-15.3
2859,84,57,658,0,7.1,0.0,-171.8
2860,84,63,647,0,7.1,0.0,-511.3
2861,85,64,662,0,7.1,0.0,-516.8
2862,85,64,707,0,7.5,0.0,-516.8
2863,85,61,752,0,7.5,0.0,-516.7
2864,85,59,769,2,7.5,0.0,-516.8
2865,85,60,743,0,7.1,0.0,-478.0
2866,85,61,660,0,7.1,0.0,-46.7
2867,85,64,662,0,7.5,0.0,353.6
2868,86,65,665,0,7.1,0.0,529.3
2869,86,64,673,0,7.1,0.0,529.3
2870,86,63,678,0,7.1,0.0,529.3
2871,86,62,726,0,7.5,0.0,529.3
2872,86,61,773,1,7.5,0.0,529.3
2873,86,60,809,3,8.0,0.0,529.7
2874,86,60,827,4,8.0,0.0,529.3
2875,86,61,778,4,8.0,0.0,529.5
2876,86,61,764,1,8.0,0.0,529.7
2877,87,62,721,0,7.5,0.0,529.7
2878,87,62,710,1,7.1,0.0,529.7
2879,87,62,745,2,7.5,0.0,529.6
2880,87,61,755,0,7.1,0.0,521.4
2881,87,57,692,0,6.6,0.0,521.0
2882,87,61,657,0,7.1,0.0,529.2
2883,87,62,665,0,7.1,0.0,529.3
2884,87,60,695,0,7.1,0.0,529.2
2885,87,59,741,1,7.1,0.0,529.3
2886,87,59,772,2,7.5,0.0,528.9
2887,87,58,775,2,7.1,0.0,491.9
2888,87,58,714,0,7.1,0.0,157.8
2889,87,62,670,0,7.1,0.0,-235.6
2890,87,63,666,0,7.1,0.0,-516.7
2891,87,63,678,0,7.1,0.0,-516.0
2892,87,61,727,0,7.1,0.0,-514.0
2893,87,57,775,0,7.1,0.0,-364.1
2894,87,55,789,2,7.1,0.0,-142.3
2895,87,54,803,3,7.1,0.0,47.4
2896,87,52,811,4,7.1,0.0,94.9
2897,87,52,773,3,7.1,0.0,74.7
2898,87,56,745,0,7.5,0.0,-144.8
2899,87,62,674,0,7.5,0.0,-439.1
2900,87,63,664,0,7.1,0.0,-516.7
2901,87,63,668,0,7.1,0.0,-516.7
2902,87,61,683,0,7.1,0.0,-516.5
2903,87,60,740,0,7.5,0.0,-516.7
2904,87,60,777,0,7.5,0.0,-516.4
2905,87,59,713,0,7.1,0.0,-509.2
2906,87,57,657,0,6.6,0.0,-143.9
2907,87,60,661,0,7.1,0.0,235.1
2908,87,63,670,0,7.1,0.0,528.9
2909,87,62,683,0,7.1,0.0,529.1
2910,87,63,742,0,7.5,0.0,529.3
2911,87,60,793,0,8.0,0.0,529.1
2912,87,59,822,2,8.0,0.0,529.5
2913,87,59,819,2,7.5,0.0,529.3
2914,87,59,753,0,7.1,0.0,283.0
2915,87,60,681,0,7.1,0.0,79.7
2916,87,59,713,0,7.1,0.0,-66.0
2917,87,58,774,0,7.1,0.0,-175.4
2918,87,56,748,0,7.1,0.0,-207.9
2919,87,56,662,0,7.1,0.0,-368.1
2920,87,56,674,0,6.6,0.0,-386.4
2921,87,56,655,0,6.6,0.0,-87.0
2922,87,59,664,0,7.1,0.0,-5.9
2923,87,57,723,0,7.1,0.0,0.0
2924,87,55,696,0,6.6,0.0,3.7
2925,87,54,671,0,6.6,0.0,7.7
2926,87,55,686,1,7.1,0.0,7.7
2927,87,56,750,2,7.1,0.0,7.7
2928,87,56,744,0,7.1,0.0,7.7
2929,87,54,683,0,6.6,0.0,12.7
2930,87,54,674,0,6.6,0.0,12.6
2931,87,51,649,0,5.7,0.0,12.6
2932,87,46,656,0,5.7,0.0,12.7
